"PNU코드(PNU)","기준년월(KEYMONTH)","표제부_키코드(PKCODE1)","주소(ADDRESS)","자치구코드(SREG)","법정동코드(SEUB)","대지구분(DAEJI)","본번(BUNJI1)","부번(BUNJI2)","경도(LNG)","위도(LAT)","건물이름(BLDNAME)","(건물)동이름(DONGNAME)","주용도코드(JYONGDO_CODE)","주용도명(JYONGDO)","대지면적(DJAREA)","건축면적(GCAREA)","건폐율(GPRATE)","연면적(YAREA)","지상연면적(JSYAREA)","용적률(YJRATE)","건물높이(HIGH)","지상_층수(JSFLOOR)","지하_층수(JHFLOOR)","세대_수(SEDECNT)","사용_승인일(SYDATE)","건축년도(BUILDYEAR)","지역지구(JYJG)","전세시세_산정_세대_수(HO_COUNT1)","월세시세_산정_세대_수(HO_COUNT2)"
"1159010400100490013","202010","11230-34252","서**별**강** **동**3**2**","11680","10300","1","0327","0004",126.913133513292,37.623208783182,"","101동","02000","공동주택",194,113.07,0,461.32,311.29,198.24,0,3,0,8,"20101202","0","제2종일반주거지역",19,29
"1174010500103560001","202012","11590-11713","서**별**강** **산**6**-**","11710","10200","1","0394","0063",126.928287559656,37.4855197178675,"","","02000","공동주택",148.55,59.67,0,639.45,413.98,199.46,0,5,0,9,"20160509","0","제2종일반주거지역",15,12
"1150010300109560036","202002","11215-14615","서**별**도** **동**3**3**","11410","10900","1","0198","0016",127.13199409768,37.604888301617,"명*빌*모*","","02000","공동주택",196.3,145.26,43.1,472.05,462.72,0,18.3,2,0,16,"19911108","0","제2종일반주거지역",13,6
"1132010700106760037","202003","11110-2355","서**별**은** **동**9**4**","11590","10200","1","0029","0014",127.080208600719,37.5574103621333,"삼*아*빌","","02000","공동주택",391,160.74,0,495.4,218.16,0,16.75,5,0,15,"19901208","0","제1종일반주거지역",7,4
"1156011600102330001","202006","11530-17359","서**별**은** **동**0**1**","11500","11900","1","0472","0034",127.004086176397,37.49402604243,"","","02000","공동주택",466,109.04,56.26,540.7,449.64,197.94,10.3,5,0,3,"20210513","2002","제2종일반주거지역",3,6
"1121510300100290018","202102","11530-100240377","서**별**관** **동**9**8**","11440","10500","1","0153","0283",127.041952174511,37.507594515063,"","나동","02000","공동주택",178,177.38,46.17,180.85,464.52,213.53,15.5,3,0,12,"20160805","0","제2종일반주거지역",4,11
"1123010900102950022","202008","11200-100190332","서**별**은** **동**9**5**","11410","10600","1","0463","0014",126.929858524629,37.58209562912,"에*엠*리*","","02000","공동주택",378.6,114.22,69.89,787.52,335.16,195.17,0,3,1,1,"19891219","0","제1종일반주거지역",12,6
"1162010200100950079","202105","11290-4109","서**별**송** **동**3**2**","11710","16200","1","0057","0012",127.156427251286,37.5033499945456,"","","02000","공동주택",154.1,106.17,57.53,550.22,79.86,223.36,12.95,4,1,8,"20040916","2020","제2종일반주거지역",16,7
"1117013100106860007","202002","11590-27456","서**별**강** **동**4**1**","11650","10700","1","0178","0001",127.079346255717,37.487539147556,"","","02000","공동주택",179.5,223.83,44.14,229.5,781.26,184.2,11.65,5,1,12,"20030328","2014","제2종일반주거지역",8,4
"1130510100102580275","202101","11500-27566","서**별**서** **동**2**6**","11710","10200","1","0397","0078",126.908996181038,37.653058777893,"호*리*빌*차","","02000","공동주택",390,128.88,54.92,411.77,357.4,0,7.7,5,1,13,"20181207","2008","일반주거지역",18,3
"1132010700107000115","202003","11740-10229","서**별**광** **동**8**","11215","10200","1","0139","0020",126.856080223906,37.5925063109645,"유*아*빌","","02000","공동주택",351.7,128.34,59.6,591.35,659.78,212.97,13.15,4,0,3,"20140806","0","제2종일반주거지역",14,8
"1138010600102240004","202001","11305-100181584","서**별**관** **동**0**2**","11305","10200","1","0052","0058",126.950560568035,37.48369539013,"","","02000","공동주택",107,144.38,57.82,594.12,355.77,199.1,12.9,4,0,12,"20020304","2011","도시지역",2,0
"1174010500101260002","202005","11710-10176","서**별**성** **동**2**5**","11620","13200","1","0455","0061",127.035386608402,37.54010265891,"센*빌","","02000","공동주택",216.05,54.8,59.04,1109.34,290.88,100.02,15.9,5,1,6,"19860723","2014","제2종일반주거지역",16,8
"1154510100102370070","202008","11230-12415","서**별**중** **동**5**3**","11620","12300","1","0605","0013",126.887430126074,37.5482237691577,"","","02000","공동주택",175.9,79.2,40.91,611.51,247.02,245.38,12.2,5,0,10,"20090202","2008","제2종일반주거지역",0,0
"1165010700105770057","202004","11680-100219809","서**별**구** **동**4**2**","11530","11100","1","0329","0007",126.932682656976,37.660533620208,"형*빌*6*","B동","14000","공동주택",203.3,233.04,59.97,372.25,360.73,0,0,4,1,10,"20170420","0","",10,3
"1144012200104450002","202005","11470-16496","서**별**광** **동**5**2**","11680","10300","1","0538","0109",127.120624851651,37.581621805437,"","","02000","공동주택",145.5,141.95,58.38,310.07,540.92,204.73,14,6,0,12,"20021107","0","제2종일반주거지역",1,6
"1138010400102880038","202004","11545-8586","서**별**서** **동**3**1**","11215","10600","1","0378","0007",127.081393579022,37.574372720768,"엘*아*스*","","02000","공동주택",205.7,111.32,54.02,452.27,0,184.25,0,5,1,9,"20121108","0","도시지역",5,6
"1141011800102650071","202103","11620-16127","서**별**강** **동**6**8**","11170","10100","1","0262","0144",127.014900024034,37.5015530456425,"우*펠*스","","02000","공동주택",208,137.22,59.63,243.14,578.02,81.09,18.9,5,0,8,"20040615","2013","",6,17
"1135010500104040008","202012","11260-100235789","서**별**강** **동**7**6**","11470","10200","1","0134","0024",126.972818343486,37.508595223971,"","14동","02000","공동주택",316.37,82.8,48.94,853,659.94,87.77,14.6,5,1,15,"19950728","2018","제2종일반주거지역",8,12
"1132010700104520067","202007","11590-19612","서**별**강** **동**5**4**","11500","10900","1","0184","0273",126.962105802416,37.4942769555022,"","","02000","공동주택",378.2,131.62,57.85,566.34,443.52,232.8,0,4,0,8,"19911209","2010","제2종일반주거지역",8,8
"1129013600100520004","202104","11710-100539162","서**별**중**장**2**1**-**3**","11170","11800","1","0443","0030",127.032467908108,37.496835376957,"","","02000","공동주택",447,153.68,58.62,509.12,541.98,198.39,0,5,0,4,"20121211","2008","",4,2
"1126010500104540012","202012","11140-21885","서**별**강** **동**8**1**3**","11380","12200","1","0136","0011",127.124534202569,37.4942942731102,"목*빌*","","02000","공동주택",143.9,162.62,70.4,256.72,499.4,99.93,17.95,5,0,3,"20020830","0","",8,0
"1156010200100790002","202003","11290-100266031","서**별**강** **동**9**4**","11620","10400","1","0120","0009",127.099601949685,37.548036518876,"","","02000","공동주택",357,118.26,59.76,329.39,624.06,159.7,11.3,5,0,16,"20021031","2008","",4,5
"1111018200101300000","202004","11305-28914","서**별**관** **동**4**7**","11530","10300","1","0061","0072",126.999849486769,37.4982582789953,"","","02000","공동주택",244.6,298.62,56.75,300,527.86,98.45,15.4,3,0,8,"20170118","2018","일반주거지역",5,8
"1150010300110440014","202102","11380-17418","서**별**서** **동**6**2**","11440","11600","1","0170","0068",127.095828431766,37.5246327730891,"","","02000","공동주택",257.2,99.82,0,516.05,657.47,231.23,12.3,4,0,3,"20070508","2002","",9,8
"1174010700105040030","202009","11290-28388","서**별**강** **동**4**2**","11710","10100","1","0100","0002",127.035929073303,37.641360576167,"","","02000","공동주택",223.7,139.46,58.67,4599.2,523.71,188.69,14.55,3,1,12,"20080222","2003","제2종일반주거지역",9,4
"1121510100102580001","202005","11440-27072","서**별**금** **동**3**4**","11560","12200","1","0500","0005",127.128505388265,37.4708652909424,"제*스*빌","","02000","공동주택",182,0,61.07,328.8,475.83,0,7.7,3,1,16,"20100225","0","제2종일반주거지역",6,4
"1171011100100610004","202006","11710-100465492","서**별**강** **동**6**2**","11620","10900","1","0328","0033",127.046223418734,37.510633073182,"동*쉐*빌","103동","02000","공동주택",228,182.49,49.16,482,457.42,199.97,0,5,1,5,"19931113","2003","",16,8
"1165010700101070103","202007","11440-12123","서**별**은** **동**4**4**","11560","17400","1","0116","0025",126.995350990865,37.6700045750021,"","","02000","공동주택",298,112.18,0,461.24,653.52,178.1,14.35,4,0,10,"20080826","2015","",0,7
"1138010600100790007","202001","11590-12774","서**별**강** **산**7**-**","11215","10700","1","0784","0037",127.043504130483,37.509770501048,"","","02000","공동주택",136.01,95.36,59.98,45.19,659.88,0,0,5,1,7,"20010115","0","제2종일반주거지역",12,4
"1165010100108390024","202006","11470-14861","서**별**강** **동**8**2**","11320","13300","1","0789","0020",126.848653656989,37.5773529360107,"","","02000","공동주택",188,0,0,149.97,357.3,229.87,14,2,0,8,"19860828","2003","",11,8
"1153010800100810025","202103","11170-100183672","서**별**도** ** **8**9**","11350","11400","1","0165","0012",127.083678712799,37.6028131303756,"","","02000","공동주택",330,173.46,59.72,323.11,1079.95,130.13,7.8,5,1,10,"19860529","0","도시지역",12,12
"1147010100108940007","202104","11470-14611","서**별**중** **동**2**","11230","10100","1","0102","0005",126.971931398453,37.613826295897,"","","02000","공동주택",142.5,53.46,59.41,659.9,164.18,0,14.85,5,1,8,"19910211","0","일반주거지역",8,10
"1150010300111150002","202104","11290-21873","서**별**광** **동**5**3**","11710","10600","1","0013","0015",126.911530972261,37.578578938402,"해*해*름*차","해솔팰리스","02000","공동주택",161.08,197.65,56.35,658.8,492.39,110.17,13.28,5,1,16,"20160512","0","제3종일반주거지역",8,8
"1130510400101100002","202001","11350-14153","서**별**동**구**두**1**-**9**","11260","10400","1","0003","0001",126.904502212106,37.552570802474,"진*하*빌*동","","02000","공동주택",96,168.5,58.72,433.17,337.03,221.47,13.7,4,1,5,"19741230","2008","일반주거지역",10,15
"1153010700103180010","202006","11710-18728","서**별**양** **동**2**2**","11530","12800","1","0651","0017",126.985948419909,37.642692573648,"","","02000","공동주택",366.8,93.84,43.58,659.22,489.86,0,14.2,4,1,14,"20021108","2015","일반주거지역",8,11
"1147010300100110021","202009","11590-28606","서**별**성** **동**9**2**","11350","10100","1","0001","0385",126.965288071789,37.6279352383414,"파*빌","","02000","공동주택",528.3,149.83,0,566.61,418.16,171.3,17.65,4,1,14,"20020709","2012","도시지역",5,16
"1132010700106240017","202012","11530-8025","서**별**강** **동**6**2**","11170","10100","1","0147","0004",126.998000260943,37.644472668878,"상*미*","월드씨티빌B","02000","공동주택",399,91.98,59.98,497.84,210.52,96.21,14.44,4,0,10,"19890111","0","일반주거지역",10,8
"1121510100102420038","202004","11680-1141","서**별**송** **동**-**","11650","10600","1","0432","0040",127.116033772392,37.4535937144998,"루*","","02000","공동주택",137,93.37,58.45,631.64,439.05,199.7,15.9,6,1,8,"20170524","0","제2종일반주거지역",16,10
"1147010300104190001","202103","11215-100227730","서**별**금** **동**9**2**","11260","10300","1","0343","0006",126.859469263908,37.497012478232,"광*주*","","02000","공동주택",256.51,149.52,54.49,627.69,654.76,177.57,10.5,4,0,8,"20020925","2009","제1종일반주거지역",7,5
"1144010900104880013","202003","11470-11545","서**별**중** **동**1**1**","11410","10100","1","0698","0013",126.921458647978,37.541938837434,"","","02000","공동주택",445.5,156.48,58.09,808.61,998.8,0,12.75,2,0,4,"20020906","0","일반주거지역",8,0
"1114016200104070003","202105","11380-33099","서**별**서**구**제**1**-**","11320","10900","1","1466","0108",126.831695233319,37.474450318035,"안*레*빌*","","02000","공동주택",227.5,181.08,58.77,570.7,344.46,0,11.65,2,0,9,"20030130","2k07","",7,23
"1117011800100990003","202007","11380-29854","서**별**마** **동**7**1**","11305","10500","1","0098","0004",126.908211318534,37.620486038724,"","","02000","공동주택",213.4,71.62,59.98,545.8,308.92,228,25.3,6,0,8,"19970318","0","일반주거지역",2,6
"1138010100100320006","202012","11410-17612","서**별**동**구**두**2**-**","11740","10100","1","1002","0053",126.839230947692,37.5452968820261,"","","02000","공동주택",208.6,125.29,0,783.38,542.18,190.24,12.75,5,2,6,"20191224","0","도시개발구역",11,0
"1150010300104100196","202011","11590-14549","서**별**강** **동**8**5**","11710","10700","1","0365","0014",126.944695792293,37.538430909505,"","B동","02000","공동주택",233,201.88,11.26,1223.78,182.16,147.44,0,4,0,7,"20080714","0","",7,8
"1174010100103120171","202002","11440-21312","서**별**중** **동**6**0**","11440","10100","1","0319","0033",126.86021433697,37.5972322003586,"","","02000","공동주택",249.47,260.83,51.56,415.77,257.47,99.17,13.2,4,0,8,"19901006","0","제1종일반주거지역",9,6
"1159010800103350009","202008","11530-100227585","서**별**양** **동**0**4**","11590","10700","1","0286","0461",126.933452433126,37.6497441070923,"","","02000","공동주택",136.4,71.48,49.45,630.74,475.52,149.76,12.6,4,1,8,"20080611","0","일반주거지역",8,8
"1162010200116140030","202006","11215-100250690","서**별**금** **동**9**3**","11620","10300","1","0109","0020",127.049265060382,37.544003226196,"M*H*크*","","02000","공동주택",205.64,168.65,59.62,153.12,410.95,193.59,15.88,5,0,7,"19970510","0","",6,16
"1144012500100030009","202006","11590-20422","서**별**서**구**희**9**2**","11260","10300","1","0751","0058",127.011890583478,37.61668754936,"","","02000","공동주택",241,176.22,56.93,522.72,715.58,194.97,11.88,6,0,17,"19990624","2016","제2종일반주거지역",14,7
"1150010800106640002","202003","11380-100223916","서**별**강** **동**5**1**","11260","11100","1","0013","0161",127.126556199861,37.5473063754561,"시*하*B*","","02000","공동주택",376.3,120,59.93,399.85,693.23,221.09,13.58,6,1,6,"19740604","0","일반주거지역",12,6
"1165010100109280025","202011","11110-9788","서**별**강** **동**2**2**","11140","10200","1","0125","0066",127.005075919665,37.549324815837,"","","02000","공동주택",224.7,0,59.57,556.13,133.86,206.53,0,5,0,28,"20020823","0","제2종일반주거지역",15,8
"1138010500103170023","202011","11620-13957","서**별**강** **동**3**2**","11170","10200","1","0644","0011",126.932712349233,37.59847735276,"","","02000","공동주택",200.1,205.94,43.59,446.84,530.4,149.34,11.7,6,1,9,"20170601","2018","일반주거지역",8,6
"1162010100101960355","202101","11620-100238472","서**별**금** **동**0**7**","11380","10800","1","0750","0068",126.908454726132,37.6451369943166,"","","02000","공동주택",1180.3,96.08,49.05,1308.19,522.36,81.58,0,4,0,9,"19970910","0","일반주거지역",3,8
"1154510300109260041","202104","11470-18027","서**별**구** **동**7**3**","11305","10800","1","0016","0036",127.089153993882,37.5202690720355,"","","02000","공동주택",152,192.83,59.53,652.99,346.18,0,18.8,6,1,12,"20111104","0","",13,8
"1174010800104350027","202011","11110-100204306","서**별**관** **동**1**1**","11500","10300","1","0312","0004",126.863397443763,37.633321397281,"신*힐*운","","02000","공동주택",331.9,82.85,65.73,453.39,701.55,100.99,0,5,0,6,"20130529","2015","",6,0
"1171010500102190008","202006","11530-4325","서**별**구** **동**4**1**","11215","10600","1","0256","0003",126.91771775952,37.543832396884,"","","02000","공동주택",422.5,186.03,59.85,705.9,811.77,181.47,0,4,1,7,"20021112","0","제2종일반주거지역",7,4
"1117011100101320026","202101","11710-100479602","서**별**강** **동**2**1**","11650","10600","1","0839","0025",126.871132504087,37.655244936978,"가*울*라","","02000","공동주택",206.9,115.04,59.03,345.66,547.5,164.53,19.78,5,1,10,"19931108","2002","제2종일반주거지역",8,7
"1153010800102170011","202010","11260-100226612","서**별**노** **동**5**2**","11740","10100","1","1349","0002",126.836487993466,37.486514106788,"","A동","02000","공동주택",185,81.72,59.11,955.84,198.67,149.23,14.25,4,1,10,"19910729","2017","제2종일반주거지역",8,12
"1132010600106850034","202011","11350-14735","서**별**용** **로** **-**","11650","10300","1","1054","0010",127.117138774208,37.537371020874,"복*빌*","","02000","공동주택",271,192.03,59.62,539.88,373.2,194.15,13.3,5,1,6,"19940519","2011","",4,12
"1121510700100470008","202009","11410-10054","서**별**구** ** **8**","11500","10100","1","1011","0027",126.838030195333,37.498094554953,"","","02000","공동주택",170.9,153.6,59.92,476.13,824.98,159.28,12.8,5,0,8,"20040424","0","제1종일반주거지역",8,7
"1153010300101340071","202012","11215-100182172","서**별**은** **동**8**3**","11545","13300","1","0657","0008",126.927277547994,37.5013924587739,"진*휴*빌","","02000","공동주택",223.5,147.94,58.75,348.9,353.34,228.95,0,5,1,5,"20160222","2015","제2종일반주거지역",8,18
"1138010300103300010","202103","11470-17410","서**별**강** **동**8**4**","11710","10500","1","0089","0060",127.093218355818,37.468403355458,"","","02000","공동주택",233.91,308.79,55.11,139.66,739.85,181.37,0,5,1,17,"19860729","2014","일반주거지역",8,7
"1147010300103310055","202005","11260-100208818","서**별**관** **동**5**-**","11410","10600","1","0015","0032",126.936234446804,37.542815502571,"","","02000","공동주택",157,185.66,0,249.81,327.12,192.73,14.7,3,0,12,"19930817","0","일반주거지역",8,13
"1165010200100850004","202009","11650-100243974","서**별**관** **동**8**7**","11110","10100","1","0235","0023",127.080728039588,37.573967976848,"","","02000","공동주택",105.66,137.86,59.41,810.39,528.71,188.67,15.7,2,1,7,"19940715","2019","제2종일반주거지역",5,10
"1162010100115330034","202104","11380-100247086","서**별**금** **동**0**-**","11215","10100","1","0663","0002",127.093417279714,37.503958743616,"가*빌","","02000","공동주택",2139.7,183.24,59.71,483.98,523.75,220.83,0,2,0,8,"19921230","0","일반주거지역",4,24
"1154510200108870021","202009","11710-13827","서**별**송** **동**2**4**","11710","10700","1","0439","0000",126.905185686349,37.5417698399645,"해*그*드*","C동","02000","공동주택",301.19,219,27.05,696.18,150.06,178.61,19.7,4,1,4,"20020409","0","제2종일반주거지역",8,7
"1126010200101210006","202012","11500-100266046","서**별**은** **동**0**4**","11380","10300","1","1513","0000",126.905416805693,37.550964879892,"","","02000","공동주택",268.5,109.57,59.29,391.29,0,241.12,13,5,0,11,"19911212","2008","",21,7
"1165010100107780029","202007","11680-4616","서**별**서**구**가** **2**","11500","10300","1","1613","0058",126.912045381626,37.481381814262,"","","02000","공동주택",94.3,109.74,59.53,273.1,0,185.32,14.8,6,1,8,"20011217","0","일반주거지역",5,10
"1174010700104840047","202004","11110-10819","서**별**구** **동**9**2**","11320","11300","1","0081","0007",126.908718079751,37.5739110480903,"그*아*빌","B동","02000","공동주택",224.5,184.23,48.62,297.97,368.86,187.65,14.95,5,1,8,"20011227","2003","제1종일반주거지역",3,8
"1147010200107110013","202009","11680-10689","서**별**서** **동**-**","11230","10100","1","0671","0012",127.020564845147,37.49375486099,"더*린*신*","11동","02000","공동주택",526.9,171.76,59.64,318.42,0,147.13,13.2,5,1,0,"19861212","0","제2종일반주거지역",12,6
"1147010100102810010","202012","11560-29280","서**별**강** **동**0**1**","11590","10600","1","0092","0040",126.936758035464,37.513449007116,"삼*베*트*","","02000","공동주택",267.6,0,54.26,662.53,589.94,105.45,0,5,0,8,"20040923","2015","",2,6
"1150010300104240025","202006","11590-27848","서**별**구** **동**4**3**","11410","10100","1","0500","0073",127.059477736473,37.609761435362,"","","02000","공동주택",203,164.25,51.83,994.35,517.38,223.28,12,3,0,8,"20131105","0","일반주거지역",8,12
"1129013900102060008","202006","11620-751","서**별**광** **동**8**0**","11680","11400","1","0173","0032",126.962634095863,37.524376930504,"이*스*임","","02000","공동주택",187,0,59.82,2551.22,327.34,0,11,5,1,5,"19811024","0","제2종일반주거지역",6,7
"1168010800101670012","202104","11740-100280242","서**별**은** **동**9**0**","11440","10200","1","0241","0009",127.025044563426,37.6219246839801,"","","02000","공동주택",336.4,0,56.48,656.86,164.88,206.32,13.2,3,1,7,"19921217","0","일반주거지역",7,7
"1130510100107760140","202002","11710-15410","서**별**강** **동**3**2**","11740","10100","1","0656","0060",127.082599834607,37.504502783817,"우*빌*","","02000","공동주택",179.9,174.3,0,318.24,498.77,191.78,12.99,5,1,12,"20140210","2016","제2종일반주거지역",18,8
"1132010500107130043","202001","11710-100505761","서**별**노** **동**8**1**","11590","10100","1","0011","0553",127.031478038498,37.520471505478,"","","02000","공동주택",232,169.92,59.14,424.37,659.1,183.5,19.5,4,0,9,"20030512","2002","제2종일반주거지역",11,8
"1138010400105200031","202104","11380-100217153","서**별**금** **동**4**1**","11350","17000","1","0144","0112",127.063265993333,37.523326398057,"","","02000","공동주택",103.9,186.2,58.96,2110.5,329.87,138.03,0,5,0,8,"20180831","0","",4,11
"1147010200104050238","202009","11290-21825","서**별**중** **동**6**8**","11170","10300","1","0716","0007",126.866499792488,37.534748181818,"","","02000","공동주택",1331,129.6,59.15,199.51,358.92,181.12,14.4,4,0,8,"20060524","0","제2종일반주거지역",3,8
"1144012700100210002","202010","11530-21575","서**별**광** **동**5**1**","11290","10200","1","0521","0089",126.928857973409,37.500993643121,"예*팰*스*8*차","","02000","공동주택",420,72.5,59.94,580.65,1229.68,0,13.2,4,0,11,"20150611","1991","제2종일반주거지역",6,8
"1153010700103320026","202002","11650-6586","서**별**중** **동**9**4**","11410","10100","1","0276","0024",127.09031337428,37.47627338519,"","대림에코빌","02000","공동주택",265.3,88.82,45.32,323.36,180.96,149.84,15,5,1,6,"19990630","0","일반주거지역",10,4
"1120010900100630000","202007","11440-29713","서**별**성** **곡**5**1**","11680","10200","1","0489","0087",127.075923867356,37.613295630744,"엠*운*","","02000","공동주택",390.8,71.59,58.6,243.9,648.02,199.94,12.7,2,0,15,"19921027","0","제2종일반주거지역",1,8
"1162010100116850025","202001","11545-100217057","서**별**광** **동**2**8**","11740","10200","1","0221","0022",127.121924883912,37.55611155606,"","","02000","공동주택",3041.5,175.42,59.98,326.67,665.46,166.2,8.55,3,1,10,"19911120","2015","",8,4
"1138010400104780009","202004","11620-100236844","서**별**양** ** **8**7**","11680","10300","1","0222","0012",127.108184271039,37.5340466670666,"","아드리안빌라 B동","02000","공동주택",159.6,90.95,57.44,531.48,577.51,243.94,14.05,4,1,6,"20060208","2002","제3종일반주거지역",9,8
"1144012200103890011","202104","11380-5689","서**별**강** **동**6**2**","11260","10900","1","0221","0206",126.910872519679,37.544430211124,"다*림","","02000","공동주택",173.8,141.56,59.51,413.07,482.84,198.7,6.4,4,1,9,"20160609","0","",6,2
"1114014600102680000","202101","11260-13630","서**별**송** **동**-**","11740","10300","1","0279","0005",126.99529476382,37.529913176586,"다*대*택*6*대*","","02000","공동주택",1860,141.27,59.71,372.81,96.32,222.79,17.2,4,1,8,"19910114","2006","제3종일반주거지역",4,13
"1154510200110700011","202010","11215-100220177","서**별**양** ** **8**9**","11710","10100","1","0096","0034",126.912491060543,37.50137332348,"루*캐*","","02000","공동주택",200,111.76,59.6,170.68,0,146.98,11.5,4,0,7,"20120215","2003","도시지역",6,8
"1153010900101120003","202002","11380-37014","서**별**양** **동**8**6**","11740","10100","1","0338","0210",126.834357175649,37.492957213063,"","","02000","공동주택",287.3,136.13,59.49,648.86,510.02,221.15,13.25,5,1,6,"20210525","0","",2,6
"1126010100100690026","202105","11260-100230066","서**별**강** **동**8**4**","11740","10600","1","0453","0583",127.083366853653,37.493621084885,"정*빌*","더조은빌 2차","02000","공동주택",258.4,197.76,59.72,356.45,1562.28,187.79,14.8,3,0,19,"20151211","0","제2종일반주거지역",9,9
"1121510900103500024","202003","11440-100218413","서**별**서** **동**0**7**","11545","12400","1","0963","0036",126.912051394116,37.476048915389,"","","02000","공동주택",309.44,107.06,43.15,569.03,635.31,175.64,0,5,1,8,"20000628","2003","제2종일반주거지역",0,0
"1154510200102340036","202002","11680-100282383","서**별**도** ** **2**2**","11470","11100","1","0610","0030",126.946778432279,37.685191662308,"금*펠*스","","02000","공동주택",99.27,0,56.46,659.89,420.89,217.4,13,5,0,10,"20020228","0","제2종일반주거지역",0,16
"1121510100100740059","202007","11500-100226699","서**별**은** **동**5**6**","11500","10300","1","0103","0005",126.989021928145,37.488523840953,"거*노*레*","","02000","공동주택",398.35,108.86,57.42,623.94,395.98,195.84,13.17,4,0,8,"19911121","0","제2종일반주거지역",7,6
"1141011100100050047","202101","11320-4428","서**별**강** **동**9**2**","11590","10800","1","0067","0132",126.956493726911,37.628035263335,"","","02000","공동주택",454.7,102.45,53.6,558.46,571.11,188.14,11.6,4,0,10,"19971212","2007","",8,7
"1171010800101060002","202006","11380-33668","서**별**마** **동**1**","11320","14400","1","1480","0081",126.862505735967,37.578205282216,"명*홈","","02000","공동주택",225,175.25,54.48,659.97,315.51,438.82,12.4,6,0,7,"20191111","2002","제2종일반주거지역",3,14
"1120010800102650099","202001","11440-100278116","서**별**관** **동**4**2**","11500","10300","1","0040","0255",127.079966052991,37.597723018127,"석*미*","","02000","공동주택",191.5,81.42,55.75,909.17,856.47,199.74,14.55,4,1,6,"20040830","2014","",6,4
"1132010600104020011","202101","11650-6111","서**별**동**구**경**4**1**","11545","10500","1","0553","0022",126.923638072683,37.657683420696,"","","02000","공동주택",400.54,0,0,399.03,0,156.9,10.2,5,0,6,"20020802","2019","제2종일반주거지역",8,8
"1126010500101520018","202012","11410-10132","서**별**마** **동**3**3**","11320","10300","1","0715","0000",127.002099963386,37.464921564564,"","","02000","공동주택",172,109.98,57.5,583.08,659.54,225.6,7.2,4,1,4,"20190131","0","제2종일반주거지역",30,8
"1121510500106860055","202003","11410-17682","서**별**중**신** **0**6**","11440","13900","1","0807","0014",127.058787426392,37.485758333484,"","","04000","공동주택",208.2,147.47,51.85,656.07,224.5,175.19,14.7,5,1,16,"20191119","0","준공업지역",11,4
"1121510100101750105","202010","11500-100237922","서**별**금** **동**6**1**","11590","10500","1","0144","0053",127.030079217938,37.587228899048,"세* *트*","B동","02000","공동주택",266,189.23,58.84,924.29,655.88,0,7.6,5,1,28,"20160630","0","제2종일반주거지역",13,6
"1153010600102530313","202003","11470-11125","서**별**양** ** **9**4**","11590","14900","1","0111","0056",126.995836914139,37.516292300843,"금*파*빌","","02000","공동주택",215.2,145.37,59.71,239.22,390.54,107.18,13.7,5,0,8,"20190425","2004","제3종일반주거지역",8,6
"1144012200104550005","202004","11710-100460786","서**별**송** **동**6**9**","11260","11700","1","0258","0003",126.935965220523,37.574675108255,"","","02000","공동주택",334,49.7,50.03,392.09,659.75,198.34,13.85,5,0,4,"20020304","2016","",0,2
"1117010100102440102","202009","11710-100496703","서**별**중** **동**1**4**","11305","18400","1","0436","0038",126.969867491022,37.546145009607,"","","02000","공동주택",93.22,180.6,59.46,976.86,499.22,97.58,0,4,1,5,"20200102","2012","일반주거지역",8,0
"1168010800102680002","202002","11215-8136","서**별**관** **동**5**9**","11680","10800","1","0105","0008",126.937654643394,37.6045332151482,"","","02000","공동주택",152,262.7,0,544.29,528.16,171.95,13.7,3,0,10,"20190731","2012","제2종일반주거지역",8,8
"1130510300105320059","202009","11470-5754","서**별**서**구**희**3**-**9**","11590","10200","1","1048","0204",126.911591311544,37.532196933241,"일*빌*","","02000","공동주택",311.1,76.8,0,186.36,656.47,181.1,10.6,2,0,8,"20150302","2014","제2종일반주거지역",7,8
"1141011800100080427","202105","11500-5397","서**별**구** ** **7**4**","11380","10100","1","0637","1657",127.005513285083,37.483103660584,"선*스*이","","02000","공동주택",192.8,148.74,59.84,911.92,659.84,0,12.35,6,0,8,"19911022","2015","제2종일반주거지역",7,12
"1171011100101310008","202102","11305-100193181","서**별**금** **동**0**","11260","10100","1","0005","0015",126.934467078235,37.543970752905,"은*주*","","02000","공동주택",71.1,139.16,0,644.55,876.69,242.81,10.5,4,1,8,"20151125","0","제2종일반주거지역",13,0
"1138010400104510019","202006","11380-100289114","서**별**금** **동**0**-**","11530","10100","1","0292","0132",126.85072126142,37.5451569560044,"영*빌","","02000","공동주택",238,108.84,58.69,1334.98,673.85,145.52,13.5,4,1,11,"19910816","0","일반주거지역",8,3
"1141012000103280005","202101","11320-16609","서**별**동** **동**3**4**","11380","10800","1","0522","0035",126.919727123001,37.601763837012,"당*동*라","","02000","업무시설",301,99.6,47.11,659.27,446.31,0,13.4,2,1,10,"20120118","2002","일반주거지역",7,0
"1150010300104240063","202105","11650-6688","서**별**도** **동**1**1**","11470","10200","1","0122","0047",126.991872728746,37.545965953928,"","","02000","공동주택",217.4,131.17,59.13,773.52,593.76,206.13,14,4,1,6,"20150707","0","제2종일반주거지역",8,12
"1171010600101000008","202102","11410-100234324","서**별**노** **동**6**5**","11545","10800","1","1020","0000",126.969757882906,37.5182768629203,"중*동*스*-*","","02000","공동주택",239.1,55.77,54.28,328.92,367.42,209.03,12.9,4,0,8,"20010917","0","제2종일반주거지역",15,8
"1129013300102270083","202102","11380-16795","서**별**송** **동**0**","11740","10100","1","0366","0105",127.037300489843,37.559535720346,"","","02000","공동주택",166.2,186.21,59.59,605.68,523.7,182.98,0,4,0,10,"20020911","2002","제2종일반주거지역",12,6
"1132010500102910001","202003","11560-3230","서**별**관** **동**0**2**","11710","10100","1","0482","0007",127.026550836479,37.547172842913,"방* *레*티*","","02000","공동주택",350.6,188.18,59.05,418.59,448.68,163.17,14.2,3,1,10,"19941017","0","제2종일반주거지역",7,15
"1150010300100550015","202101","11440-24676","서**별**송** **동**4**1**","11500","14400","1","0018","0030",126.991176478429,37.549927195488,"","","02000","공동주택",166.9,126.02,0,658.95,544.05,186.44,13.3,5,1,28,"20020529","0","제2종일반주거지역",7,10
"1121510100101500201","202012","11500-100272087","서**별**중**신** **3**1**","11200","10300","1","0032","0001",126.859593906856,37.525136180612,"","","02000","공동주택",238.31,247.49,59.98,757.63,465.6,299.32,0,3,0,10,"20030220","0","준주거지역",4,8
"1154510100101490004","202103","11260-13611","서**별**관** **동**0**3**","11170","10400","1","0231","0032",127.057440378796,37.4894543669745,"","","02000","공동주택",165,161.23,59.63,362.02,247.28,99.37,11.75,6,1,8,"20110908","0","",18,6
"1138010800100640062","202008","11215-100233007","서**별**양** **동**1**1**","11680","10700","1","0038","0169",126.916804953673,37.537151847262,"","","02000","공동주택",3442.9,98.22,57.51,244.66,421.56,215.29,10.4,4,1,8,"20141226","2015","일반주거지역",6,9
"1150010300104000082","202104","11545-100235181","서**별**송** **동**-**","11170","10900","1","0648","0001",127.142045150747,37.4986716433663,"","로뎀하우스22차","02000","공동주택",172,84.44,59.48,2729.08,594.4,0,14.1,4,1,8,"20121019","2018","제2종일반주거지역",0,8
"1121510100101580018","202003","11545-10962","서**별**은** **동**0**6**","11215","10600","1","1079","0014",126.828790316329,37.607117028087,"푸*마*","","02000","공동주택",265.4,87.26,29.73,350.12,253.08,199.57,14.4,2,0,9,"20080729","0","일반주거지역",9,12
"1138010200101020009","202001","11215-27292","서**별**서**구**제**3**-**","11590","10600","1","0697","0026",127.078223061045,37.48371788344,"","","02000","공동주택",200.7,148.93,0,668.05,128.28,191.13,13.75,3,1,10,"19901128","0","제2종일반주거지역",10,11
"1130510100100940007","202010","11620-18093","서**별**금** **동**7**2**","11305","10700","1","0107","0030",126.830974217857,37.482971094556,"삼*하*빌","101동","02000","공동주택",457.3,94.56,57.85,249.36,572.84,194.25,17.6,4,0,4,"20030812","0","제2종일반주거지역",7,12
"1150010900102870010","202004","11620-100282528","서**별**강** ** **1**2**","11380","10400","1","0519","0064",126.927199544227,37.6164063378,"청*빌*","","02000","공동주택",210.5,0,59.5,401.8,659.57,220.55,11.65,5,1,10,"20030704","0","제2종일반주거지역",12,8
"1132010600101550014","202011","11500-100241564","서**별**강** **동**7**3**","11440","10300","1","0153","0485",126.81183917253,37.506528678365,"","","02000","공동주택",240.3,116.28,58.39,410.19,523.92,0,11.7,2,1,6,"20021128","0","제2종일반주거지역",8,11
"1174010900102140005","202003","11500-22385","서**별**광** **동**1**3**","11500","10300","1","0063","0024",126.905975719913,37.627341443728,"나*","","14000","공동주택",179,145.72,21.19,658.15,0,190.25,15,5,0,11,"20050516","0","제2종일반주거지역",11,15
"1138010700103490017","202104","11350-11156","서**별**마** **동**6**1**","11560","10100","1","0551","0144",126.872935516464,37.6249296310945,"살*하*스","","02000","공동주택",344,189.01,0,861.17,457.4,0,12.12,3,0,18,"19911231","2012","일반주거지역",4,8
"1117010100100300180","202009","11290-100190187","서**별**강** **동**2**3**","11590","10200","1","0677","0006",126.831923542102,37.527699614996,"","","02000","공동주택",248.5,171.88,0,564.6,652.45,241.98,15.25,4,1,16,"20131205","2002","제2종일반주거지역",8,5
"1114016200101220013","202104","11500-100218892","서**별**관** **동**0**3**","11170","10900","1","0273","0030",126.831003935963,37.63974279988,"","","02000","공동주택",323.5,175.7,0,468.6,187.6,207.89,0,2,1,7,"20010316","2008","",8,8
"1153010600100520144","202103","11620-25598","서**별**양** **동**3**2**","11380","10300","1","0376","0034",127.042033545739,37.605893721387,"스*트*","","02000","공동주택",238,648.77,50.04,808.08,202.44,0,0,3,0,10,"20021122","0","제2종일반주거지역",4,8
"1141011100103460003","202006","11500-6560","서**별**성** **동** **0**","11620","10100","1","0580","0026",126.916704345104,37.60318008007,"명*쉐*빌","","02000","공동주택",289.3,227.74,45.17,724.53,167.76,182.54,9.57,5,1,16,"20161201","2013","제1종일반주거지역",18,7
"1154510300108490022","202005","11380-18760","서**별**강** **동**2**4**","11560","10300","1","0336","0062",126.830698247226,37.6229093326727,"지* *치*","","02000","공동주택",130.44,369.77,58.43,358.56,0,0,12.7,2,0,8,"19900920","2020","제3종일반주거지역",6,10
"1165010100109200025","202104","11680-7522","서**별**관** **동**0**-**","11110","11900","1","0341","0023",126.859826618873,37.548703816351,"스*타* *차","","02000","공동주택",122,203.7,55.3,518.88,577.28,49.46,12.8,2,1,10,"19861024","2009","준주거지역",12,12
"1153010800101940007","202007","11140-21947","서**별**중** ** **4**6**","11140","12500","1","0259","0033",127.050872607858,37.611047608656,"여*의*","","02000","공동주택",326.6,149.94,0,1113.84,503.1,198.09,0,5,0,8,"19971222","0","",8,4
"1144010100106950009","202008","11410-6471","서**별**강** ** **0**3**","11545","11100","1","0877","0191",126.90717188202,37.54172066703,"","","02000","공동주택",367.16,96.03,59.89,563.07,759.94,0,0,5,0,3,"19810311","0","제1종일반주거지역",14,12
"1150010300100510020","202101","11470-100240768","서**별**광** **동**8**1**","11305","10300","1","0476","0031",127.031478842868,37.5383241909312,"조*빌","","02000","공동주택",122.3,121.91,48.39,759.6,364.2,129.7,13.1,2,0,19,"20040531","0","제2종일반주거지역",10,15
"1138010600100480108","202005","11380-100252178","서**별**강** **동**9**1**","11530","10300","1","0118","0004",126.861625010016,37.5132617959202,"","","02000","제2종근린생활시설",212,107.13,55.65,361.1,457.27,148.54,21.6,5,0,9,"20050725","0","일반주거지역",12,8
"1168010100106950021","202006","11260-13621","서**별**은** **동**2**5**","11740","10300","1","1169","0027",126.910696718274,37.586622617216,"","","02000","공동주택",155,194.6,59.73,494.78,351.97,232.09,12.3,5,0,8,"19911227","2019","",4,8
"1168010600109140012","202010","11320-13452","서**별**강** **동**0**1**","11560","10200","1","0424","0030",127.055634934996,37.5528241807325,"녹*빌*","","02000","공동주택",159.25,0,48.51,308.13,2014.2,199.37,12.8,5,0,6,"19860930","0","일반주거지역",9,4
"1144012500100580010","202007","11680-100292203","서**별**강** **동**-**6**","11380","10200","1","0526","0001",126.843421525795,37.515990950288,"","","02000","공동주택",331.5,201.01,54.92,225.84,520.6,333.45,10.5,5,1,5,"19910925","0","제2종일반주거지역",4,8
"1138010900100050039","202004","11710-21756","서**별**서**구**천**4**2**","11260","10500","1","0554","0150",127.131243599006,37.490781430038,"","","02000","공동주택",169.3,123.22,51.81,819.33,196.68,91.86,13.5,5,1,6,"20160420","0","제2종일반주거지역",6,4
"1117013100106570169","202003","11740-22171","서**별**양** **동**3**4**","11740","10100","1","0479","0135",127.069626572896,37.501820999378,"","","02000","업무시설",166,234.72,59.75,1645.03,329.17,57.47,16.4,3,0,7,"19890822","2019","",16,4
"1138010900100300014","202008","11380-100290671","서**별**중**신** **2**0**","11500","10600","1","0043","0000",127.001476582635,37.5557660312385,"T*E*B*E*S","","02000","공동주택",241.4,0,56.91,242.52,291.84,0,15.6,6,1,9,"19900822","0","제2종일반주거지역",7,2
"1135010200104790018","202104","11440-21406","서**별**관** **동**-**7**","11380","10200","1","0372","0016",127.079842013365,37.67468615679,"","","02000","공동주택",524,166.37,59.82,647.34,164.38,197.52,0,4,0,5,"19920108","2020","",15,6
"1138010300100080295","202011","11590-8774","서**별**서**구**희**1**-**","11305","10300","1","0058","0010",126.853427649308,37.5631433834637,"뜨*피*1*","","02000","공동주택",2416.5,91.56,59.5,388.47,1546.56,206.62,14.48,5,1,15,"20161122","2004","일반주거지역",10,2
"1132010800105720018","202008","11545-100213113","서**별**중** **동**9**6**","11650","10100","1","0081","0011",126.850749969104,37.4749706650908,"","","02000","공동주택",222.6,96.35,51.31,499.65,0,93.86,9.15,5,0,11,"20200828","2016","",8,8
"1144012400104870206","202001","11620-100206451","서**별**양** ** **6**6**","11620","11200","1","0017","0050",126.92127204456,37.6259351219,"우*주*","","02000","공동주택",1044,196.4,57.74,635.81,246.93,236.15,14.5,3,1,10,"19960510","2002","일반주거지역",8,8
"1132010500101370134","202003","11470-15558","서**별**마** **동**5**1**","11260","10700","1","0164","0001",127.078246700111,37.5519438573042,"동*빌*","","02000","공동주택",136.2,71.01,59.19,299.85,0,97.91,16,5,1,9,"19911031","2012","제1종일반주거지역",7,9
"1138010400102750006","202008","11530-100223145","서**별**양** **동**8**1**","11500","13300","1","0408","0001",127.049846897984,37.586808876351,"","","02000","공동주택",191.7,76.97,57.1,319.5,651.38,0,0,2,1,9,"19900901","0","",8,6
"1174010600104250007","202002","11320-4593","서**별**광** **동**6**8**","11560","10800","1","0486","0018",126.910761307271,37.51127141147,"시*빌","롯데맨션","02000","공동주택",188,0,45.88,456,591.95,201.87,13.94,4,1,8,"19920108","0","제2종일반주거지역",7,6
"1174010700104750050","202010","11590-100246613","서**별**노** **동**6**1**","11545","10100","1","0141","0000",126.832057817033,37.521892850851,"","","02000","공동주택",166.3,127.01,59.95,420.91,272.16,207.03,15.2,6,0,16,"19961206","0","",3,7
"1147010300109650014","202103","11305-100221240","서**별**송** **동**0**1**","11590","10300","1","0159","0015",126.966946755929,37.5087429947653,"","","02000","공동주택",112.67,158.34,0,345.68,918.41,338.92,13.9,6,0,10,"20080901","2013","준주거지역",10,0
"1147010300104110002","202006","11260-17096","서**별**강** **동**0**7**","11260","10300","1","0667","0366",126.862365118359,37.54407887719,"리*하*","101동","02000","공동주택",328.1,123,59.77,371.3,0,199.57,0,5,0,3,"20041102","2005","일반주거지역",7,10
"1141011800100081093","202008","11680-7232","서**별**금** **동**5**3**","11380","10800","1","0023","0007",127.082821112882,37.559359615706,"","","02000","공동주택",217.9,136.88,0,642.28,466.04,127.63,14.4,4,1,6,"20021127","2002","",4,18
"1129012000101750008","202105","11305-100220393","서**별**은** **동**4**2**","11620","11400","1","0294","0006",126.921140763204,37.553648259984,"예*음","","02000","공동주택",165,104.61,47.41,643.93,196.32,206.74,14.54,2,0,5,"19931209","0","제1종일반주거지역",11,10
"1171010100103170003","202011","11560-29655","서**별**송** **동**3**4**","11500","10100","1","0400","0000",126.854707869092,37.472851243909,"묵*빌*","","02000","공동주택",313.85,102.24,0,329.45,512.07,199.92,14.4,5,1,8,"20070906","0","일반주거지역",64,15
"1171011400103420001","202001","11500-100247112","서**별**강** **동**4**","11500","12000","1","0504","0052",127.088762468913,37.500612486402,"조*티*모*1*1*","","02000","공동주택",165.3,81.68,0,651.36,99,199.6,12.8,4,0,10,"20031128","2012","제1종일반주거지역",14,12
"1153010800101560102","202003","11650-100262294","서**별**성** **동**2**5**","11110","10700","1","0300","0162",127.042786202198,37.5111122691976,"","","02000","공동주택",822.3,132.19,59.35,232.52,595.81,193.5,15.8,4,0,8,"20050908","0","일반주거지역",13,24
"1171010500102520005","202103","11380-22180","서**별**동**구**안**9**5**","11650","10300","1","0467","0037",126.907553282506,37.486329161223,"","","02000","공동주택",254,146.28,59.86,591.54,166.08,204.79,11.5,3,1,6,"20080527","2015","제2종일반주거지역",0,4
"1132010700105280053","202101","11410-25778","서**별**중**중** **2**","11620","10600","1","0094","0001",127.118919482075,37.54890513411,"","","02000","공동주택",243.9,134.1,59.82,490.87,459.56,180.51,23.7,5,0,9,"20010921","2003","일반주거지역",6,3
"1154510200110580045","202009","11305-29183","서**별**광** **동**5**3**","11440","13800","1","0470","0003",126.866081989069,37.448517507928,"","천연훼미리에","02000","공동주택",182.5,149.05,55.09,232.36,473.98,222.05,18.7,5,0,8,"20030709","2013","제2종일반주거지역",8,3
"1153010800100190075","202007","11260-100223563","서**별**강** **동**1**2**","11650","10900","1","0193","0029",126.810373891951,37.503646052316,"","","02000","공동주택",228,136.53,49.48,601.03,235.92,197.27,12.62,4,1,10,"19850327","0","",4,12
"1121510300102250056","202011","11470-100201183","서**별**송** **동**0**1**","11710","10200","1","0030","0062",126.936637863491,37.502922516171,"","","02000","공동주택",820.7,108.42,59.79,566.31,606.78,266.68,14,4,1,8,"20110809","0","제3종일반주거지역",8,10
"1147010300100690015","202010","11710-11428","서**별**동** **동**4**2**","11380","10400","1","0060","0003",127.085307394805,37.5640549334302,"연*주*","101동","02000","공동주택",172,88.8,49.6,303.16,371.65,249.98,12.9,5,0,12,"19860929","2015","제2종일반주거지역",3,3
"1111017400105980001","202010","11215-100200183","서**별**도** **동**0**3**","11110","10700","1","0481","0010",127.006683414093,37.487783484662,"미*아*빌","","02000","공동주택",206.12,92.5,56.62,372.72,512.67,197.35,16.5,5,1,8,"20011221","0","제2종일반주거지역",0,8
"1132010600104080001","202102","11740-100216561","서**별**송** **동**4**8**","11680","10700","1","0011","0124",127.033445183575,37.58457905532,"","","02000","공동주택",586.1,120.73,44.34,801.32,368.05,89.91,14.1,5,1,11,"19930120","0","일반주거지역",12,12
"1171010800101210014","202104","11320-13525","서**별**강** **동**9**1**5**","11620","10700","1","0246","0098",126.93227703464,37.5723576420372,"예*주*","","02000","공동주택",97.33,184.78,59.66,271.55,158.4,192.46,15.5,5,0,6,"20090226","0","",8,6
"1168011800104530003","202010","11380-19003","서**별**강** **동**7**8**","11170","10300","1","0173","0005",127.040324320654,37.5357594777902,"트*스*라","","02000","공동주택",223.69,128.55,59.86,548.26,530.64,189.09,0,4,0,12,"20020131","0","일반주거지역",4,8
"1121510900103450003","202010","11215-100184789","서**별**영**구**산**가**3**1**","11305","13500","1","0318","0010",126.83487770427,37.507211657861,"","","02000","공동주택",279.9,102.05,53.76,111.19,175.84,274.38,15,4,1,8,"19861218","0","제1종일반주거지역",6,3
"1111017400106390004","202004","11350-7572","서**별**영**구**등**2**3**-**","11530","10900","1","0247","0026",127.123527837731,37.656996341638,"한*베*트*","","02000","공동주택",296.5,223.63,59.84,466.41,470.16,199.28,12.6,3,1,9,"20020827","2012","",2,12
"1130510100104500046","202101","11320-100193987","서**별**강** **동**3**3**","11590","10300","1","0264","0124",127.015957901991,37.4907618774304,"","","02000","공동주택",247.2,111.12,61.57,406.32,530.24,199.75,16.5,5,1,10,"19880114","2013","",6,4
"1130510300100560004","202103","11215-100202241","서**별**광** **동**3**","11350","10600","1","0465","0001",127.080964803875,37.476024511141,"라*하*스","","02000","공동주택",228,191.08,57.88,313.65,561.42,175.8,12.4,5,0,6,"20170223","0","일반주거지역",14,4
"1150010300104090128","202009","11620-14726","서**별**관** **동**1**8**","11740","13000","1","0562","0007",127.030610299258,37.580957624181,"","","02000","공동주택",377.5,160.08,58.72,399.71,0,0,11.7,4,1,8,"20170123","2002","",11,4
"1171010500102440024","202105","11680-4137","서**별**송** **동**5**","11740","10400","1","0384","0003",127.083316576188,37.623714778775,"","","02000","공동주택",86,265.94,51.53,126.94,294.82,199.82,11.6,3,2,6,"20091217","0","제2종일반주거지역",6,8
"1165010800114970032","202012","11140-21572","서**별**광** **동**7**","11620","10700","1","0218","0007",126.920957536284,37.553838645219,"운*맨*","","02000","공동주택",256.07,165.85,59.63,260.39,388.5,212.06,11.5,5,1,4,"20071220","0","일반주거지역",12,2
"1171010500100060013","202104","11680-100260890","서**별**도** ** **2**7**","11530","12600","1","0089","0004",126.911565717723,37.482417552512,"","B 동","02000","공동주택",470.4,121.7,59.95,437.46,481.36,164.67,12.8,5,1,9,"20130403","2015","제2종일반주거지역",5,10
"1129011400100470000","202009","11440-10572","서**별**구** **동**2**8**","11710","10200","1","0133","2736",127.025650787802,37.6002594835445,"한*아*빌","","02000","공동주택",282,61.14,0,465.95,454.48,0,12.8,4,0,6,"20151222","2017","제1종일반주거지역",29,7
"1138010300102440106","202003","11500-11146","서**별**동** **동**1**2**","11230","11100","1","0232","0372",127.103846551874,37.611562515213,"이*빌","101동","02000","공동주택",145,142.48,59.68,566.96,290.35,240.84,11.94,6,0,9,"20010922","0","제1종일반주거지역",12,6
"1153011000101220005","202012","11170-4007","서**별**관** **동**7**5**","11470","10300","1","0541","0003",126.986325146479,37.643571827562,"","","02000","공동주택",322.9,127.6,59.66,659.83,499.42,200.95,17.35,3,0,11,"20150522","0","제2종일반주거지역",14,8
"1111018300100990008","202005","11590-26915","서**별**양** **동**1**-**","11620","10200","1","0018","0329",126.926075530394,37.579651417681,"가*빌*","","02000","공동주택",119,0,50.76,657.2,307.05,203.02,16,4,0,7,"20180413","0","제2종일반주거지역",8,4
"1171010500100170003","202002","11410-26002","서**별**강** ** **8**7**","11260","10100","1","0712","0187",126.923666495411,37.6434145696317,"","","02000","공동주택",238,104.39,49.95,333.93,115.7,199.52,13.1,4,0,4,"20081217","2002","제2종일반주거지역",6,12
"1132010600107150007","202101","11440-100185372","서**별**서** **동**6**-**","11200","10500","1","0434","0002",127.084185115325,37.63235579053,"","","02000","공동주택",366.56,112.64,58.99,659.94,549.84,199.93,0,5,0,6,"20080118","2012","제2종일반주거지역",6,0
"1162010200104890005","202001","11350-14705","서**별**강** **동**1**1**","11320","10700","1","0088","0007",126.918307473928,37.5464979907756,"라*도*스","","02000","공동주택",169.3,116.96,58.18,250.56,1108.08,249.97,13.7,4,1,9,"19811231","0","",15,4
"1168011400106290000","202003","11290-100264592","서**별**성** **동**1**","11260","10600","1","0647","0017",126.914985042061,37.48148248142,"","B동","02000","공동주택",319,92.46,52.55,244.8,541.44,227.68,22.64,2,1,6,"20140611","2015","",4,8
"1147010200105320002","202012","11530-3412","서**별**송** **동**4**1**","11305","10600","1","0324","0015",127.146658528496,37.536023847618,"삼*빌*지","","02000","공동주택",241.86,83.16,59.75,249.54,282.72,182.7,13.2,3,0,8,"20020823","2002","제1종일반주거지역",7,21
"1129010300100480013","202008","11320-4672","서**별**마** **동**3**2**","11590","10100","1","0794","0087",127.090667747527,37.61972382107,"남*빌","","02000","공동주택",654.84,131.4,55.03,557.6,377.36,199.37,13.6,5,1,8,"19980115","0","",8,14
"1126010100112510004","202005","11440-27374","서**별**중** **동**2**3**","11350","10200","1","0635","0011",126.98430375366,37.5336185231313,"","","02000","공동주택",191.97,116.61,59.36,651.09,162.7,191.04,0,6,1,12,"19761227","0","일반주거지역",7,8
"1162010100100410889","202007","11410-100228886","서**별**도** **동**0**6**","11380","10400","1","0117","0017",126.978721630794,37.603382636554,"동* *우*","","02000","공동주택",182,192.4,59.36,658.18,1566.48,0,4.4,5,0,3,"20111010","0","제2종일반주거지역",8,6
"1150010300100730016","202009","11530-6840","서**별**동** **동**0**4**","11530","11100","1","0649","0086",127.09493474301,37.5399450377659,"","","02000","공동주택",346,141.23,46.2,240.66,511.68,0,12.6,5,0,10,"19950731","0","도시지역",9,13
"1150010300108610028","202002","11740-19759","서**별**송** **동**0**2**","11350","10100","1","0244","0002",126.917867849863,37.49534943278,"","","02000","공동주택",2100.8,180.12,59.42,1407.64,640.48,197.88,15.8,5,1,9,"19871113","2003","",8,6
"1121510300102240025","202102","11710-18946","서**별**서** **동**9**2**","11740","10100","1","0131","0009",127.086734727067,37.514197260351,"신*자*빌","","02000","공동주택",238.5,153.21,56.8,658,341.37,194.87,0,6,1,6,"20020821","2007","일반주거지역",8,10
"1141012000103270043","202009","11380-28747","서**별**도** **동**0**3**","11740","10100","1","0181","0001",126.854077295464,37.5083198547935,"하*리*빌","","02000","공동주택",241,218.62,49.38,401.98,494.46,175.66,17.15,4,0,24,"20141029","2002","",6,8
"1171010800101390019","202002","11530-11967","서**별**양** ** **5**6**","11305","11100","1","0414","0671",126.911108596351,37.516019392097,"","","02000","공동주택",214.3,147.11,40.71,196.1,787.54,262.93,18,5,0,8,"20110922","2009","제2종일반주거지역",4,8
"1168010500100900002","202006","11710-17810","서**별**동** **진**3**-**","11530","11600","1","0205","0000",127.072343441382,37.493201706192,"미*빌*","","02000","공동주택",444.6,398.32,59.95,528.49,659.95,214.81,0,5,0,8,"19860926","2015","제2종일반주거지역",8,16
"1121510300106490004","202006","11470-100183987","서**별**용** **동** **-**","11650","12200","1","0084","0010",126.908978000172,37.622854646009,"","","02000","공동주택",190.73,121.98,57.13,401.1,752.73,186.29,11.1,5,1,16,"19910615","0","일반주거지역",8,1
"1153010200105350003","202101","11260-14016","서**별**서** **동**8**3**","11680","10600","1","0417","0032",127.058089883604,37.493766554845,".","","02000","공동주택",169,115.83,59.98,1426.33,402.08,195.71,14.6,3,0,18,"19851017","2001","제2종일반주거지역",8,3
"1147010200102310187","202004","11215-100249470","서**별**강** **동**2**7**","11470","10600","1","0605","0001",126.908707226523,37.489202847157,"","방우주택","02000","공동주택",168.32,74.53,0,511.45,453.65,226.65,13,5,1,6,"19971129","2014","제2종일반주거지역",6,12
"1159010100102210108","202006","11500-22631","서**별**은** **동**7**5**","11500","10300","1","0978","0003",127.026644470531,37.583159109701,"현*빌*지","성진빌라트","02000","공동주택",323.9,160.56,0,659.79,519.45,200.38,13.25,2,0,8,"20031218","0","제2종일반주거지역",6,10
"1123010600104050006","202010","11380-100224089","서**별**강** **동**4**2**","11650","10500","1","0346","0002",126.862805474723,37.5361143086814,"","","02000","공동주택",254,125.42,59.98,587.83,747.7,142.89,0,3,2,18,"20120620","0","일반주거지역",8,12
"1150010600106510003","202005","11380-100190910","서**별**서**구**제**3**-**","11140","10100","1","0052","0017",126.990654902617,37.6615386309671,"","","02000","공동주택",290.02,199.3,59.45,708.57,659.85,231.14,13.1,5,0,12,"20111013","2012","제2종일반주거지역",5,4
"1130510100100080156","202101","11590-20112","서**별**도** **동**8**0**","11230","10900","1","0026","0018",126.938350877584,37.606042954217,"소*빌*","","02000","공동주택",366.2,128.34,59.57,242.5,243.68,211.65,0,4,1,12,"20120403","2020","일반주거지역",8,8
"1138010400102810200","202105","11650-100250694","서**별**성** **동** **6**","11650","10300","1","0005","0067",127.06974087451,37.628528666497,"","B동","02000","공동주택",178.5,68.25,56.86,209.07,626.28,183.5,12.8,5,0,5,"19900927","2019","제3종일반주거지역",10,8
"1162010200116290093","202104","11380-100242666","서**별**강** **동**0**-**","11545","10300","1","0193","0069",127.017044554107,37.477037920123,"연*주*(*세*)","","02000","공동주택",4882,228.4,54.76,917.98,578.18,0,12.8,2,1,3,"20030806","0","제2종일반주거지역",6,0
"1144012300100570315","202103","11110-10086","서**별**종** **동**7**1**","11440","10100","1","0519","0007",126.913411944943,37.6080654678851,"","성은맨션 가동","02000","공동주택",182,131.58,51.75,286.4,535.9,0,11.75,3,0,10,"19920728","2012","제1종일반주거지역",12,7
"1162010100107150085","202002","11230-100257428","서**별**강** **동**9**9**","11680","10700","1","0061","0009",126.910353566757,37.5850641727998,"","","02000","공동주택",270.43,154.65,59.67,369.43,376.35,233.17,7.8,5,0,8,"20031020","2017","일반주거지역",8,7
"1138010800100690005","202010","11710-6045","서**별**강** **동**9**4**","11710","13400","1","0039","0261",126.909231880575,37.54035892839,"","","02000","공동주택",612.5,118.72,58.33,568.44,335.31,198.29,0,5,1,19,"20031203","2005","일반주거지역",10,8
"1162010200114200020","202011","11740-18908","서**별**관** **동**2**8**","11710","10300","1","0472","0005",126.925423756366,37.493197637548,"대*방*협*신*","요진빌라","02000","공동주택",280.2,285.86,0,1280.73,8667.43,158.48,14.2,4,1,7,"20040409","2006","제2종일반주거지역",7,4
"1153010900101780029","202105","11230-100225915","서**별**노** **동**0**-**","11590","10100","1","0261","0002",126.833011756134,37.621194817577,"","3동","02000","공동주택",91.05,61.18,0,580.2,958.23,235.31,14.3,2,1,4,"20030915","0","",8,8
"1171010700101480006","202011","11305-28450","서**별**송** **동**7**2**","11590","10200","1","0456","0000",126.983418384582,37.532592007936,"","","14000","공동주택",251.7,118.19,59.85,720,343.92,134.44,12.63,4,0,18,"20180413","2009","",10,3
"1132010500104600090","202001","11350-100189334","서**별**강** **동**0**-**","11500","11600","1","0212","0012",127.039914739967,37.5775914474749,"","","02000","공동주택",245,142.87,48.05,658.56,539.54,233.21,0,4,1,10,"19790605","2010","일반주거지역",8,8
"1153010200104860071","202008","11380-100209485","서**별**은** **동**4**1**","11440","10100","1","0904","0024",127.043685479853,37.5807244075864,"","","02000","공동주택",273.4,112.81,59.98,2235.6,495.65,53.98,14.3,6,0,8,"20031017","0","제2종일반주거지역",0,8
"1144010800100360015","202009","11440-100261883","서**별**서**구**가** **8**","11170","10100","1","0110","0040",126.866106796842,37.547973474154,"더*우*빌","","02000","공동주택",221.1,178.39,49.93,423.86,299.68,155.76,14.7,2,1,11,"19970501","0","",4,0
"1129010900101720002","202003","11320-100212874","서**별**강** **동**1**1**","11500","10200","1","0187","0035",126.868782750131,37.670963319209,"그*드*운","","02000","공동주택",431.8,92.23,59.59,224.04,466.03,199.75,0,6,1,7,"19931215","2011","",14,8
"1141011800101980002","202002","11680-14208","서**별**송** **동**8**1**","11440","10600","1","0353","0002",126.908001510119,37.494565598315,"샤*빌*차","가동","02000","공동주택",1210,142.46,59.93,519.77,446.94,194.39,13.2,5,2,20,"20170119","2007","일반주거지역",8,4
"1121510500102310008","202007","11170-17944","서**별**서** **동**0**8**","11440","10600","1","0089","0006",126.919982510555,37.4779724352452,"재*빌*","","02000","공동주택",156,216.28,57.18,143.66,745.87,179.89,14.05,4,1,6,"19920829","2008","제2종일반주거지역",11,11
"1150010300107960013","202010","11590-100235428","서**별**강** **동**9**2**1**","11440","10200","1","0306","0010",127.028813975646,37.50218270892,"거*리*시","","02000","공동주택",298.8,159.16,50.62,947.38,179.01,0,12.41,3,1,10,"20030304","2002","일반주거지역",10,2
"1132010800105730020","202005","11200-100203074","서**별**마** **동**4**7**","11500","10100","1","0204","0012",126.924417495211,37.627627452522,"","","02000","공동주택",197.2,114.86,56.37,534.2,618.42,228.48,14,4,1,8,"19931123","0","",16,19
"1159010500102040104","202006","11230-16551","서**별**양** **동**5**2**","11620","10100","1","0776","0035",126.972755440052,37.55017092116,"","","02000","공동주택",122,528.95,46.35,241.36,212.22,229.13,13.1,5,1,4,"20171013","0","준주거지역",0,12
"1144011400100060276","202011","11680-18896","서**별**광** **동**5**4**","11440","10200","1","0713","0009",126.91713898415,37.5671266672814,"예* *마*빌","","02000","공동주택",152.4,116.28,59.41,390.49,257.71,199.48,11.89,4,0,9,"19900208","2002","제2종일반주거지역",7,13
"1138010400102620021","202102","11380-33662","서**별**구** **동**7**3**","11650","10400","1","1185","0003",126.914277105725,37.53364659964,"","","02000","공동주택",9088,289.6,59.09,451.91,219,194.23,11.6,6,1,4,"19920326","0","일반주거지역",6,4
"1141011100103610054","202102","11710-100458915","서**별**용** **동**9**2**","11740","10800","1","0607","0206",127.090514516964,37.5517995067819,"세*빌","1동","02000","공동주택",369.41,130.38,0,644.32,0,270.89,15.2,2,1,7,"20060403","0","제2종일반주거지역",4,10
"1129013300108220004","202105","11710-100189962","서**별**은** **동**0**3**","11380","10200","1","0182","0016",127.032891430713,37.483104256354,"","","02000","공동주택",442,181.17,59.8,648.06,183.15,187.06,13.9,5,0,6,"19950414","0","도시지역",8,4
"1153010700101300028","202011","11305-29279","서**별**중** **동**7**3**","11710","10900","1","0025","0069",126.92927820351,37.533747110094,"자* *스*임*7","","02000","공동주택",224,514.93,42.4,254.44,141.06,222.12,12.9,5,0,18,"20080103","0","제2종일반주거지역",14,7
"1153010800100810128","202101","11545-13660","서**별**강** **동**1**1**","11500","10100","1","0969","0001",127.093246541401,37.567850453486,"J*타*","","02000","공동주택",242.8,179.32,50.12,48.36,485.24,358.54,11.7,5,1,13,"19770924","0","제2종일반주거지역",9,8
"1111011700101000000","202010","11230-100242243","서**별**양** **동**0**1**","11620","10600","1","0368","0001",127.067972691191,37.55270797661,"","101동","02000","공동주택",276.5,159.02,27.26,657.51,648.43,181.31,0,5,1,8,"20140124","0","제2종일반주거지역",14,8
"1150010300110680018","202003","11410-30755","서**별**은** **동**4**1**","11710","10400","1","0131","0060",127.068904368565,37.568216584102,"","","02000","공동주택",1045,136.38,51.32,498.28,567.25,183.37,7.9,4,1,6,"20030224","2018","준공업지역",12,2
"1111017300100010819","202002","11470-4709","서**별**강** **동**5**1**","11380","10300","1","0327","0002",126.940293136277,37.504943257825,"세*에*그*","","02000","공동주택",215,69.91,58.68,112.86,639.98,0,15.7,2,1,15,"19971222","0","",3,30
"1165010200100640003","202105","11500-100206479","서**별**노** **동**0**2**","11260","10200","1","0166","0035",127.018968159379,37.47551287471,"","","02000","공동주택",231,292.86,71.27,516.74,262.93,189.6,0,4,0,8,"19970919","2012","제2종일반주거지역",16,15
"1144010900100810073","202004","11380-16955","서**별**영**구**길**1**-**","11200","10200","1","0013","0019",126.917708033355,37.48515918498,"비*","","02000","공동주택",330,125.71,59.67,647.06,573.76,199.94,15.8,3,1,8,"20181129","2008","제1종일반주거지역",6,4
"1174010600104550000","202008","11530-100256401","서**별**서** **동**-**","11710","11100","1","0399","0019",127.055231806694,37.610708482602,"호*주*","1동","02000","공동주택",207,144.6,58.21,475.72,161.04,136.86,15,2,0,7,"19980508","0","도시지역",14,8
"1144012500106070006","202103","11590-14640","서**별**송** **동**7**","11200","10300","1","0473","0011",127.019326228951,37.589068260616,"한*아*린","흥원빌리지","02000","공동주택",205,97.06,58.75,437.27,401.25,161.26,13.2,4,0,8,"19871127","2016","제2종일반주거지역",4,7
"1147010200104970015","202004","11470-6330","서**별**동** **동**6**1**","11305","11400","1","0076","0018",127.033866519798,37.583019362982,"다*네*트*","","02000","공동주택",185,106.62,50.74,654.8,587.75,203.95,15.4,5,1,6,"20180809","0","",4,12
"1130510200101480326","202008","11440-100210688","서**별**강** ** **6**","11110","10300","1","0159","0017",127.043141403123,37.592095687499,"","","02000","공동주택",136,87.69,55.64,416.15,640.59,105.37,14.55,6,1,6,"20140114","2001","",6,4
"1171011400103680019","202004","11380-18747","서**별**노** **동**8**","11215","10800","1","0932","0011",126.947268814702,37.480709535207,"","A동","02000","공동주택",227.8,216.68,59.82,659.95,248.76,198.96,13.2,5,0,6,"19960708","2015","일반주거지역",7,11
"1150010200105150006","202008","11305-100181792","서**별**강** **동**6**1**","11440","10300","1","0202","0022",126.905840288494,37.531776356569,"예*팰*스*4*","111동","02000","공동주택",248,105.84,0,2745.71,197.91,0,0,2,0,8,"19860628","0","",16,8
"1138010400104480003","202008","11470-8237","서**별**송** **동**3**9**","11560","10100","1","0157","0069",126.848624269564,37.5358887648501,"예*네*빌","102동","02000","공동주택",159,0,49.84,643.02,494.88,220.32,13.45,5,1,11,"19910803","0","제2종일반주거지역",2,8
"1150010300103720082","201912","11380-100191051","서**별**송** **동**1**9**","11590","16200","1","0200","0042",126.914161057244,37.502255425843,"","","02000","공동주택",232.16,83,59.9,382.19,333.12,180.48,16.1,5,1,7,"20150212","2006","제2종일반주거지역",2,8
"1129013800102300166","202011","11350-15248","서**별**서** **동**7**1**","11650","10300","1","1236","0017",127.076776151939,37.505781718131,"","","02000","공동주택",187.4,187.42,59.62,466.98,519.78,199.29,14.2,5,0,18,"19950322","0","준주거지역",2,3
"1141011800102940051","202101","11380-100209665","서**별**은** **동**0**1**","11680","13500","1","0011","0164",126.945257359636,37.5264729994932,"","","02000","공동주택",241,104.9,26.59,659.91,0,140.98,0,4,0,10,"19891216","2002","제2종일반주거지역",15,8
"1138010800100600046","202008","11500-5932","서**별**금** **동**0**-**","11290","10300","1","0007","0016",127.088941005295,37.5003550795616,"","","02000","공동주택",1106.4,71.78,59.97,3150.3,516.28,226.36,12.79,5,0,6,"20041125","0","제2종일반주거지역",4,3
"1162010200106100207","202007","11110-18633","서**별**중**장**2**1**-**7**","11320","11000","1","0057","0000",126.929428766762,37.4877100315203,"","","02000","공동주택",177,138.75,59.38,659.83,365.09,0,14.55,5,0,8,"19890202","2003","",4,12
"1120012200100490007","202004","11230-19948","서**별**강** **동**9**2**","11500","10300","1","0638","0011",127.010878051931,37.510266303411,"","디딤빌리지","02000","공동주택",119,143.73,59.14,1380.32,394.07,160.51,7.9,5,1,18,"20071025","2019","제1종일반주거지역",10,4
"1156013200102530259","202004","11380-19061","서**별**송** **동**0**1**","11305","13300","1","0482","0034",127.095349501809,37.589971759443,"한*캐*","","02000","공동주택",348,109.57,56.65,626.6,497.06,0,17.2,6,1,8,"20030808","0","일반주거지역",10,14
"1168010300112310021","202104","11620-15622","서**별**강** ** **3**0**","11620","10200","1","0062","0001",127.041215656613,37.493695474066,"","","02000","공동주택",254.3,142.92,59.79,246.66,382.28,199.89,18.7,4,0,8,"19960410","2002","일반주거지역",5,8
"1171011200101240006","202009","11440-27273","서**별**마** **동**1**1**","11320","10300","1","0410","0000",127.090804584626,37.473536384232,"","","02000","공동주택",492,165.19,47.26,384.12,560.74,249.09,12.3,2,0,8,"20040102","0","도시지역",10,4
"1138011000101570034","202001","11500-21621","서**별**종** **동**6**1**","11545","11100","1","0029","0000",127.090291480105,37.4820406545981,"풀*음*크*","","02000","공동주택",168.4,302.38,59.59,646.52,108.24,236.4,13.1,5,0,10,"20121002","2012","도시지역",2,16
"1156012800101740000","202011","11215-100230027","서**별**종** **동**7**4**","11380","10500","1","0877","0035",127.100189306958,37.505668710919,"","","02000","공동주택",354.7,147.56,59.91,463.34,202.62,197.03,11.2,5,1,4,"20190102","0","제2종일반주거지역",3,9
"1174010900102330002","202007","11740-5119","서**별**마** **동**1**1**","11500","10400","1","0372","0123",127.014646420524,37.602663421334,"삼*빌*","","02000","공동주택",145,108.94,59.55,630.49,374.71,220.05,11.95,4,1,9,"20011012","0","준공업지역",8,8
"1141011700105200120","202003","11680-3650","서**별**은** **동**1**1**","11290","10600","1","0330","0012",126.83771550506,37.53878441288,"한*위*스","","02000","공동주택",121.7,121,59.89,243,0,99.62,13.9,6,0,6,"20171020","2006","제1종일반주거지역",4,8
"1117011700101960001","202004","11620-34200","서**별**강** **동**6**","11470","10300","1","0167","0052",127.138808008225,37.585388261445,"","","02000","공동주택",281.4,155.53,25.61,658.72,564.72,199.31,0,2,0,21,"20000614","0","제2종일반주거지역",6,7
"1130510300105160026","202103","11320-100207903","서**별**은** **동**1**1**","11260","10800","1","0301","0001",127.022841822877,37.521517473564,"","","02000","공동주택",230.3,105,59.8,309.27,522.72,162.47,0,3,0,12,"20130527","2002","",6,4
"1138010800100500004","202010","11500-22744","서**별**강** **동**2**-**","11500","10500","1","0186","0018",127.08438602841,37.589268230136,"","","02000","공동주택",808.67,115.1,0,584.58,626.54,299.21,14.3,5,1,12,"19741026","2015","제2종일반주거지역",12,5
"1162010100116280028","202105","11470-10050","서**별**용** **고**1**-**","11410","10800","1","0170","0032",127.075821535864,37.53976538866,"성*스*팰*스","","02000","공동주택",396.7,249.79,57.8,311.58,659.83,166.86,14.5,2,0,8,"19941220","0","일반주거지역",11,3
"1141012000101040006","202002","11530-7219","서**별**송** **동**1**7**","11380","10100","1","0034","0015",127.088526825388,37.545303953283,"","","02000","공동주택",140.07,97.02,0,605.38,606.54,224.5,12.4,2,0,7,"20150924","0","일반주거지역",8,16
"1117013000102430009","202006","11590-10983","서**별**도** **동**2**3**","11680","11900","1","0041","0013",127.130742112072,37.494842856612,"동*홈*운","","02000","공동주택",266.4,119.04,56.4,589.6,0,241.15,12.15,6,0,8,"20030109","0","제2종일반주거지역",10,6
"1153011000100860010","202003","11620-20721","서**별**송** **동**5**2**","11710","10100","1","0130","0016",126.968268943122,37.46862716303,"보*매*크*","","02000","공동주택",266.1,243.82,0,574.94,498.91,191.15,0,4,0,10,"20030113","0","제2종일반주거지역",4,6
"1156013200101870030","202012","11470-13337","서**별**서**구**가** **6**6**","11170","10300","1","0395","0019",126.923887443364,37.482076046015,"","","02000","공동주택",578.9,137.28,10.78,457.33,394.97,197.64,13.5,4,1,10,"19940412","2015","제2종일반주거지역",8,4
"1138010300102100004","202007","11260-100263430","서**별**서** **동**1**1**","11620","10800","1","0218","0025",126.967784611798,37.537688942752,"","","02000","공동주택",242.3,183.8,59.22,683.02,659.37,223.6,14.5,5,0,4,"19880423","2014","제2종일반주거지역",6,12
"1162010100116400014","202007","11170-100206698","서**별**양** **동**2**2**","11305","10100","1","0073","0052",127.015144503612,37.5836933732327,"","","02000","공동주택",220.68,129.28,40.4,659.96,476.93,181.07,13.7,4,1,9,"19910920","0","",6,8
"1153010600102490065","202010","11380-11368","서**별**영**구**림**7**-**","11305","10100","1","0093","0020",127.067657078188,37.499262134186,"제*스*","","02000","공동주택",236.8,93.26,59.14,584.93,974.62,0,10.5,6,1,10,"20090306","2012","제2종일반주거지역",8,36
"1138010200101440013","202103","11410-100189347","서**별**서** **동**1**1**","11710","10400","1","0156","0003",126.958444993941,37.526306071123,"","","02000","공동주택",193.54,128.53,16.41,287.47,397.18,0,0,4,1,8,"20011215","2018","",8,12
"1168010500101490022","202012","11320-100184410","서**별**도** **동**8**1**","11470","10800","1","0535","0006",127.050896814546,37.5401580771892,"","","02000","공동주택",173.2,173.36,59.87,627.22,399.15,194.58,13.3,5,1,4,"19900929","0","제2종일반주거지역",8,11
"1144012200103700005","202008","11740-9738","서**별**강** **동**3**3**","11680","10100","1","0088","0026",126.826791216865,37.5463972670885,"","","02000","공동주택",296.9,151.5,57.97,286.35,991.31,228.68,14.5,5,1,8,"20030414","0","",10,12
"1138010800100190046","202003","11380-11140","서**별**성** **동**","11380","10700","1","0041","0012",126.913550206096,37.5751975119055,"","","02000","공동주택",256.2,155.41,48.4,495.3,658.89,201.18,12.7,5,0,8,"20120308","2002","일반주거지역",0,4
"1144012400104870022","202009","11620-100228081","서**별**관** **동**6**-**","11680","10200","1","0263","0015",127.075818960064,37.5908247625202,"고*웰*이*","","02000","공동주택",219.5,77.57,0,659.18,0,0,12.4,5,0,7,"20080331","2011","일반주거지역",10,7
"1114016200103090075","202002","11560-29100","서**별**서** **동**5**-**","11440","16200","1","0259","0083",127.073655309836,37.61165207434,"가*","","02000","공동주택",196.8,157.72,0,598.5,0,81.46,0,5,0,7,"19940528","0","",8,5
"1135010300105560032","202005","11620-21279","서**별**송** **동**2**2**","11650","10100","1","0145","0002",126.930359045116,37.54542754932,"","나동","02000","공동주택",347,0,59.83,463.82,469.03,200.79,12.9,5,1,2,"20021011","2002","제2종일반주거지역",7,13
"1132010500101220084","202102","11650-100209374","서**별**강** **동**9**3**","11530","10200","1","0322","0010",127.034917576944,37.626517038907,"","","02000","공동주택",265.6,142.76,55.53,647.92,525.58,101.97,17.7,4,0,9,"20160520","2020","제2종일반주거지역",15,0
"1117012300100080003","202008","11470-11536","서**별**금** **동**5**1**","11710","13300","1","0279","0007",126.997049756725,37.4627379574873,"","","02000","공동주택",271,161.02,58.02,540.02,494.46,229.91,11.8,4,1,9,"20021203","0","",8,15
"1174010800104610003","202102","11440-100182204","서**별**강** **동**6**1**","11530","17500","1","1082","0024",126.936609725135,37.472333156361,"천*한*빌","세화파크빌Ⅰ","02000","공동주택",420.2,72.9,58.8,232.67,487.68,206.71,13,4,0,11,"19941215","0","일반주거지역",7,4
"1162010200114530047","202006","11380-11522","서**별**강** **동**6**3**","11545","10900","1","0210","0011",127.050649986924,37.5606696119479,"","","02000","공동주택",571,348.77,0,506.41,181.08,165.28,14.2,6,0,3,"20111007","2015","제1종일반주거지역",4,2
"1150010300101020242","202004","11305-28330","서**별**강** **동**2**2**","11230","10700","1","0230","0055",127.013905973089,37.4481576908976,"송*맨*","","02000","공동주택",415.6,115.14,51.41,646.26,84.02,309.74,11.9,6,0,6,"20161115","2002","일반주거지역",4,0
"1123010600104400028","202006","11170-10247","서**별**동** **동**6**","11320","10300","1","0032","0002",127.04236862252,37.50155043321,"삼*빌*지","동화빌라","02000","공동주택",145,181.81,56.62,535.36,314.24,196.17,0,2,0,10,"19860628","0","일반주거지역",6,12
"1165010800116690013","202101","11590-100182033","서**별**영**구**길**2**8**","11290","12500","1","0646","0000",126.909410439753,37.627444561181,"","한흥빌라","02000","공동주택",217.42,98.73,55.56,650.77,403.14,0,16.8,5,0,8,"20100531","2016","제2종일반주거지역",6,8
"1130510300102700028","202101","11410-100188924","서**별**관** **동**5**-**","11215","10700","1","0082","0030",127.029151449109,37.581552856304,"","","02000","공동주택",125.88,147.28,56.22,1368.13,0,0,0,2,0,10,"20131128","2016","일반주거지역",4,0
"1132010600106950003","202012","11740-16380","서**별**강** **동**9**3**","11530","10200","1","0905","0047",127.045477547374,37.534034584656,"","제14동","02000","공동주택",2649.8,100.55,0,451.68,659.58,154.06,17.3,5,1,10,"20051012","0","준공업지역",12,12
"1147010100109570024","202007","11290-22281","서**별**양** **동**1**2**","11380","13300","1","0131","0005",126.93080713392,37.586970400093,"태*빌*","","02000","공동주택",353.5,52.53,59.95,658.36,1816.34,238.33,13.05,5,0,8,"20020709","2003","제2종일반주거지역",4,16
"1129011300100340003","202007","11650-17837","서**별**서**구**가** **5**","11545","10100","1","0514","0000",127.038793159243,37.5684366890461,"","","02000","공동주택",383.07,118.95,59.85,598.25,371.28,148.94,7,5,0,7,"20030129","2003","준주거지역",10,0
"1138010700100320003","202009","11290-12237","서**별**관** **동**9**6**","11710","10800","1","0701","0086",127.089754242252,37.5348483656173,"","","02000","공동주택",304,81.56,59.88,656.16,0,0,16.7,5,1,12,"20100421","2015","제1종일반주거지역",8,7
"1121510100100180024","202008","11620-9630","서**별**송** **동**7**1**","11260","13800","1","0567","0009",127.088801022327,37.662385953679,"","","02000","공동주택",324,136.7,0,239.22,659.33,0,14.6,2,0,11,"20030415","2014","일반주거지역",13,10
"1132010600106650025","202004","11215-20308","서**별**양** ** **5**0**","11215","10500","1","0284","0015",127.080428626121,37.551061307039,".","","02000","공동주택",258.3,135.7,58.52,414.63,659.98,278.91,12.9,2,1,10,"20080808","0","일반주거지역",6,14
"1144012300104740004","202102","11290-100228093","서**별**노** **동**9**6**","11590","10100","1","0637","0001",126.902410881281,37.5370905720776,"","","02000","공동주택",89,301.51,53.87,351.74,321.34,201.9,15.2,5,1,8,"20171212","0","제1종일반주거지역",8,15
"1147010300101570045","202105","11350-100200611","서**별**광** **동**3**0**","11530","10900","1","0725","0187",126.918528753876,37.580552227555,"","","02000","공동주택",319,106.58,59.91,659.2,555.92,187.78,0,5,0,8,"20180406","0","일반주거지역",11,24
"1171010800101080014","202105","11380-16835","서**별**금** **동**9**1**","11215","10100","1","0166","0261",126.958040076437,37.583904415382,"","","02000","공동주택",449.9,177.44,59.58,1069.92,247.44,197.71,0,3,1,6,"20090703","0","",8,8
"1144012500102140020","202004","11500-100220505","서**별**광** **동**8**0**","11230","10800","1","0110","0021",126.835852289997,37.6080499175952,"원*하*빌","","02000","공동주택",317.7,124.93,59.31,454.21,615.43,203.34,14.1,9,0,6,"20200724","0","제3종일반주거지역",6,4
"1150010300101520005","202102","11200-8258","서**별**금** **동**7**2**","11305","10600","1","0018","0002",126.967403596168,37.54279732848,"","","02000","공동주택",270,0,56.17,347.28,657.86,0,10.2,4,1,8,"20081126","2003","일반주거지역",15,8
"1174010800100430007","202010","11440-24248","서**별**구** ** **9**7**","11740","10700","1","0149","0017",127.091689019727,37.5659415311268,"해*빌*Ⅰ","","02000","공동주택",357,0,42.79,633.24,188.94,193.42,13.13,5,1,8,"20171024","0","제2종일반주거지역",11,0
"1168010100106600028","202010","11740-2243","서**별**성** **동** **-**","11350","11700","1","0094","0024",126.925445580501,37.611113278422,"D*o*7*","A동","02000","공동주택",181,121.44,59.45,124.59,432.82,97.22,14.6,2,0,4,"19910916","2004","제2종일반주거지역",12,0
"1150010800100530086","202012","11590-100249473","서**별**관** **동**0**-**","11380","10300","1","0221","0053",126.925694788065,37.498983890885,"쉼*빌*지","","02000","공동주택",619.2,153.12,51.55,389.22,451.17,199.59,12.8,4,1,7,"20160513","2002","제2종일반주거지역",8,8
"1147010100111570019","202003","11710-21963","서**별**은** **동**-**","11620","11800","1","0178","0027",126.833170794875,37.47045321064,"","","02000","공동주택",291.2,105.37,59.93,560.37,942.48,0,13.7,5,0,7,"19910827","2003","제3종일반주거지역",6,5
"1156010100105730021","202008","11710-10686","서**별**송** **동**0**9**","11380","10500","1","0534","0005",127.117317215747,37.5453175606918,"","","02000","공동주택",167.3,234.58,59.55,484.56,499.66,220.23,13.5,5,0,12,"20020826","0","일반주거지역",15,12
"1123010600104270008","202002","11500-16021","서**별**은** **동**8**4**","11620","10100","1","0454","0001",126.894428590767,37.4873678061514,"대*빌*","","02000","공동주택",66,212.04,55.76,533.42,343.12,0,0,3,0,10,"20150304","2003","준주거지역",8,15
"1130510300105180102","202101","11620-6215","서**별**동** **동**1**1**","11110","10200","1","0003","0065",127.098438766496,37.593171849741,"주*해*타* *동","","02000","공동주택",223.7,158.19,47.9,707.87,327.26,0,10.2,2,0,6,"20210504","0","제2종일반주거지역",9,0
"1111010900101660139","202103","11380-38945","서**별**광** **동**2**1**","11290","10600","1","0635","0000",126.835048753353,37.541686476996,"미* *스*","","02000","공동주택",283.6,119.27,0,168.97,266.86,165.98,15.5,6,0,8,"20000926","0","",8,10
"1174010700104810022","202101","11650-7450","서**별**강** **동**3**9**","11680","12200","1","0502","0034",127.080289268164,37.668349902015,"노*3","","02000","공동주택",278,162.72,0,248.4,541.22,161.23,17.5,5,0,11,"19901106","2014","준주거지역",15,4
"1171010400100290003","202007","11260-100225781","서**별**은** **동**-**","11545","10300","1","0486","0004",126.927469782706,37.628844090878,"더*클*스","2동","02000","공동주택",383,136.73,57.75,455.38,0,126.86,14.9,2,0,10,"19910907","0","일반주거지역",29,0
"1144012000104110019","202006","11560-100232614","서**별**광** **동**6**1**","11710","10800","1","0522","0001",126.995579303101,37.469138153853,"대*빌","","02000","공동주택",573.7,130.56,59.73,611.9,278.84,172.81,14.5,5,0,16,"20011115","2016","제2종일반주거지역",6,12
"1150010300110180021","202105","11680-19016","서**별**서** **동**1**2**","11650","10500","1","0984","0006",126.969725603459,37.596500552041,"","","02000","공동주택",188.1,204.33,0,456.6,247.2,249.91,13,5,0,8,"19990903","2019","제2종일반주거지역",7,4
"1171011100101300010","202001","11590-12898","서**별**송** **동**4**2**","11440","10200","1","0483","0005",126.925995919119,37.4409685321492,"","","02000","공동주택",561.03,111.66,53.86,719.11,502.92,204.5,15.55,2,1,6,"19941018","2012","일반주거지역",12,4
"1153010600102410213","202103","11320-100217074","서**별**관** **동**6**-**","11320","10600","1","0150","0151",127.054396021968,37.49843176654,"동*연*","","02000","공동주택",272.4,81,57.13,247.14,213.12,197.32,0,5,0,8,"20000131","2011","제2종일반주거지역",16,14
"1171011100101660000","202104","11305-100237544","서**별**광** **동**3**9**","11710","10700","1","1201","0025",127.134338557981,37.604044933177,"","","02000","공동주택",237.8,149.95,48.5,512.18,416.64,207.22,0,4,1,4,"20011207","0","제2종일반주거지역",12,8
"1171011200101430012","202102","11320-4348","서**별**강** **동**5**4**","11470","10100","1","0239","0002",127.014334083502,37.47035971682,"","","02000","공동주택",275.7,38.45,59.96,1587.06,1036.11,117.13,10.6,7,0,8,"19950522","2010","",13,8
"1162010100115180008","202011","11710-100465584","서**별**광** **동**0**8**","11710","10100","1","0057","0029",126.906881182594,37.53068026442,"","","02000","공동주택",312,179.78,54.03,547.92,233.82,216.2,13.8,4,0,18,"19920519","2002","",16,8
"1162010200107140004","202102","11410-10433","서**별**관** **동**1**4**","11740","11100","1","0648","0003",127.01375621745,37.489562934212,"","삼우빌라","02000","공동주택",178.7,130.01,59.95,627.48,715.58,196.56,12.3,2,0,4,"20140829","2002","일반주거지역",8,8
"1135010300104040020","202105","11380-100198948","서**별**중**황** **7**","11200","10300","1","0108","0003",127.143893706654,37.609744320862,"정*파*빌","","02000","공동주택",254.2,163.98,0,825.19,636.98,145.79,14.5,5,1,11,"20140424","2003","준주거지역",2,12
"1154510300100030069","202009","11305-29402","서**별**동** **방**5**-**","11215","10200","1","0264","0118",126.902859984301,37.568545104147,"","","02000","공동주택",359.7,121.72,59.41,774.72,166.64,170.8,0,6,0,7,"19940527","0","일반주거지역",7,8
"1154510200101810076","202009","11530-16726","서**별**성** **동**9**4**","11380","10500","1","0336","0154",126.91937116321,37.552891023648,"","","02000","공동주택",311,159,43.73,162.36,287.82,199.63,0,2,1,15,"19861211","2015","제3종일반주거지역",11,7
"1138010300103760028","202102","11530-100223593","서**별**강** **동**2**2**","11110","13800","1","0100","0039",127.033059001774,37.539505039514,"","","02000","공동주택",143,171.08,58.83,375.35,658.13,231.89,0,3,1,8,"19861202","0","제1종일반주거지역",5,6
"1126010200102370007","202002","11470-100226559","서**별**용** **동**8**5**","11380","13900","1","0119","0008",127.025521746007,37.6153886085561,"조*티*모*차","","02000","공동주택",224,124.64,0,306.34,582.66,145.25,10.5,5,1,16,"20161024","2018","일반주거지역",8,8
"1150010300103920005","202001","11710-100462340","서**별**송** **동**1**5**","11500","12000","1","0175","0000",127.138094623659,37.5569149604547,"","","02000","공동주택",307,43.01,49.69,452.63,129.72,187.62,14.55,6,1,7,"20021112","0","제2종일반주거지역",10,12
"1135010300101150000","202008","11260-29698","서**별**양** **동**3**1**","11380","11900","1","0192","0001",126.995721286074,37.651625510254,"세*빌*","","02000","공동주택",113.6,103.74,59.86,656.3,696.91,233.39,0,4,1,6,"19891114","2015","제3종일반주거지역",8,7
"1153010900101400006","202005","11380-17135","서**별**용** **동** **-**3**","11530","10700","1","0742","0011",126.852756250538,37.469307781819,"삼*N*슬","","02000","공동주택",635.67,468.96,59.37,448.19,343.19,149.38,11.1,2,1,10,"20170516","0","",8,6
"1154510300100030081","202005","11620-24359","서**별**종** **동**1**3**","11410","11900","1","0962","0002",126.891846255132,37.493507560824,"","","02000","공동주택",364,77.4,59.94,3467.12,169.92,204.39,12.8,4,0,8,"19910514","2002","제2종일반주거지역",7,8
"1126010100103890017","202005","11620-25440","서**별**송** **동**0**7**","11380","10700","1","0460","0023",127.11114806776,37.5331030293199,"","","02000","공동주택",257.4,137.94,0,249.75,623.98,237.26,11.8,6,0,6,"20141022","2017","제2종일반주거지역",7,3
"1135010500105810115","202012","11620-12580","서**별**강** **동**2**1**","11440","12000","1","0101","0049",126.886690339721,37.538539171171,"","","02000","공동주택",224,162.4,52.39,409.37,659.05,124.7,12.9,6,1,12,"20031015","0","",4,4
"1117010100104090100","202002","11305-28980","서**별**서** **동**9**","11380","10200","1","0112","0013",127.044433906492,37.498956181607,"푸*마*","","02000","공동주택",269.4,0,56.7,656.28,472.04,99.96,12.9,5,0,8,"19970517","0","",8,4
"1171011100101360001","202005","11410-21880","서**별**서**구**가** **3**9**","11710","10700","1","0593","0002",126.82783620054,37.539309788584,"","강변스위트빌","02000","공동주택",357,70.38,59.34,469.94,165.99,190.94,14.7,6,0,14,"19931222","2007","제2종일반주거지역",9,10
"1171010400100370012","202011","11590-100218197","서**별**강** **동**5**2**","11500","10400","1","0080","0074",127.032007741928,37.5373079024681,"산*팰*스","","02000","공동주택",172,148.46,0,659.2,612.02,237.82,9.3,5,1,12,"19881017","0","제1종일반주거지역",8,4
"1150010300100770092","202003","11230-29979","서**별**동** **동**9**5**","11320","10300","1","0573","0028",126.982689538057,37.523223941386,"구* * *람","","02000","공동주택",202.5,150.42,58.69,519.99,659.54,214.97,11.7,2,1,6,"20170531","2019","제1종일반주거지역",8,6
"1144012000104690033","202105","11440-31860","서**별**영**구**등** **0**5**","11320","11100","1","0061","0003",126.905470373953,37.4948166157234,"뉴*크*하*스","","02000","공동주택",212.2,0,59.23,415.53,349.56,297.11,0,4,1,4,"20160902","2019","",5,0
"1150010800100660028","202001","11380-36686","서**별**동** **동**1**3**","11215","10500","1","0182","0013",127.015521512925,37.5268540953,"","","02000","공동주택",154.4,129.6,59.46,412.37,350.53,187.22,0,2,1,19,"20180725","2002","제2종일반주거지역",2,0
"1168010300112330014","202103","11320-8870","서**별**강** **산**6**-**","11380","10700","1","0127","0001",126.930681694556,37.577373937756,"","B동","02000","공동주택",290,69.76,59.52,659.09,525.35,244.21,0,2,0,5,"19841017","2003","제2종일반주거지역",8,6
"1171010700101300004","202105","11590-18333","서**별**서** **동**0**-**","11215","10100","1","0415","0002",126.912942412846,37.4850941928253,"","","02000","공동주택",203.6,137.72,57.38,453.64,363.94,199.17,0,2,0,7,"20021024","0","제2종일반주거지역",9,4
"1144012100101900055","202101","11230-1491","서**별**송** **동**8**1**","11740","10200","1","0631","0170",127.092396905002,37.622649633385,"뚝*리*빌*차*B*)","","02000","공동주택",187.8,115.06,57.24,659.68,0,220.87,12.8,2,0,17,"19970124","2018","일반주거지역",4,6
"1150010200105210017","202003","11620-100226500","서**별**구** **동**4**3**","11560","10100","1","0774","0030",127.015126085692,37.478237134372,"","가동","02000","공동주택",146.4,92.52,0,415.74,426.75,148.93,13.2,2,1,6,"20031227","2002","제2종일반주거지역",8,4
"1129013800100660171","202007","11350-9971","서**별**서** **동**6**-**","11230","10100","1","0180","0007",127.102809904993,37.4655528849234,"","","02000","공동주택",352.6,205.98,59.55,849.02,0,211.07,0,5,1,8,"20090114","0","일반주거지역",2,16
"1147010100109650011","202105","11440-10363","서**별**성** **동**-**6**","11470","10800","1","0231","0003",127.144784714257,37.488011784451,"이*에*빌","","02000","공동주택",193.3,69.87,51.57,340.07,183.76,268.42,14.2,5,0,11,"20120523","0","일반주거지역",5,6
"1130510400101080050","202002","11560-100226599","서**별**송** **동**5**","11110","10300","1","0534","0039",127.015050156039,37.626553196445,"","","02000","공동주택",217,85.99,0,653.86,626.34,157.83,0,4,0,8,"19860925","0","제2종일반주거지역",8,7
"1162010100104800133","202103","11260-100195035","서**별**양** ** **1**","11260","11100","1","0454","0015",127.135284528491,37.558866742765,"","","02000","공동주택",175,111.47,0,329.92,112.34,0,17.4,5,0,7,"20120103","2016","도시지역",14,8
"1162010100115110037","202012","11710-13850","서**별**강** **동**9**4**","11500","10200","1","0318","0037",126.940439507965,37.5624303118216,"마*플*이*","","02000","공동주택",249,173.64,37.11,243.18,622.3,92.8,13,2,1,7,"20160805","0","제2종일반주거지역",10,8
"1138010500100240004","202012","11650-13600","서**별**금** **동**8**2**","11650","10200","1","0415","0013",127.092968900909,37.591416395037,"","","02000","공동주택",989,205.56,55.52,537.8,358.13,0,13.7,2,0,19,"20081028","0","제3종일반주거지역",11,0
"1171010600100100001","202001","11290-100229213","서**별**은** **동**8**5**","11440","12200","1","0046","0003",126.972545471443,37.5636200108498,"","","02000","공동주택",214.9,48.89,54.89,245.52,247.44,226.65,0,4,1,4,"19851216","0","일반주거지역",8,6
"1150010200106370025","202104","11620-16575","서**별**강** **동**9**3**","11470","10700","1","0244","0050",126.968208619322,37.501717966244,"뉴*운*","","02000","공동주택",344.1,114.34,8.3,330.28,622.21,248.02,14.8,3,1,3,"20190103","0","제2종일반주거지역",8,4
"1138010500101720003","202004","11305-13690","서**별**중** **동**5**3**","11620","13200","1","0149","0013",126.91477803568,37.547462764648,"로*하*빌","박씨 다세대주택","02000","공동주택",233.6,107.28,56.22,617.24,432.87,0,0,4,0,10,"20170523","0","일반주거지역",5,5
"1129013300102660080","202001","11740-13356","서**별**강** **동**1**-**","11110","10500","1","0002","0002",126.90658369635,37.542017018969,"","","02000","공동주택",307,63.54,0,659.8,202.56,199.55,9.8,4,1,3,"20090904","2002","제1종일반주거지역",0,10
"1154510200110750072","202101","11410-26040","서**별**관** **동**7**6**","11500","11400","1","0329","0048",127.041536840449,37.598506860315,"장*빌*","B동","02000","공동주택",228.1,104.44,59.65,246.36,412.21,25.6,14.3,5,1,7,"19980720","2002","제2종일반주거지역",10,8
"1138010800100260032","202005","11740-5744","서**별**관** **동**6**-**","11470","10300","1","0045","0044",127.09586451732,37.552980982281,"","","02000","공동주택",191.4,134.46,0,659.71,582.48,0,13,6,0,8,"19910204","2016","제1종일반주거지역",9,6
"1130510100100080370","202006","11530-15404","서**별**서** **동**4**","11305","10100","1","0288","0014",126.919983706351,37.4920209192678,"동*아*빌*","선경빌라트","02000","공동주택",198,171.68,59.22,353.42,233.7,0,0,2,1,5,"20011126","2014","제2종일반주거지역",15,8
"1129013600100900046","202104","11320-13627","서**별**구** **동**5**9**","11380","10200","1","0017","0007",126.96527426261,37.525008649037,"","","02000","공동주택",200.6,163.26,49.58,482.04,477.4,194.75,0,2,1,13,"20160203","2018","일반주거지역",2,6
"1150010300100290076","202104","11710-15929","서**별**강** **동**5**4**","11710","11700","1","0030","0055",127.035057916968,37.5346760234514,"휴*에*빌*차","","02000","공동주택",545.76,94.17,54.39,238.89,373.05,222.32,15.95,4,0,6,"20141119","2016","",9,5
"1129013300106840008","202103","11710-14141","서**별**중** **동**1**7**","11290","10800","1","0085","0073",127.141444922071,37.482569333755,"","샹그릴라","02000","공동주택",207.2,141.95,0,446.57,353.33,0,14.7,4,0,6,"20160318","2001","제2종일반주거지역",12,4
"1120011400104270001","202103","11710-100463383","서**별**용** **동**0**1**","11215","10300","1","0466","0027",127.125802146427,37.555090546204,"삼*그*빌*동","","02000","공동주택",241,180.14,58.6,790.23,454.83,92.75,13.2,5,1,8,"19910812","2002","",4,22
"1171010800101090014","202002","11215-100186150","서**별**금** **동**3**8**","11650","10200","1","0193","0001",126.912234854953,37.512272113052,"와*앤*","","02000","공동주택",235,125.72,29.96,347.24,165.38,0,0,4,0,6,"19861107","0","제3종일반주거지역",10,7
"1132010700105780057","202002","11440-100210734","서**별**성** **동** **","11380","16200","1","0366","0020",126.941284388775,37.5385007340806,"","","02000","공동주택",241,125.93,59.3,3233.52,120.24,143.31,13.2,5,1,7,"19810330","0","제2종일반주거지역",8,6
"1130510300103350013","202012","11710-2523","서**별**동**구**기**6**","11650","11500","1","0076","0010",126.930395429811,37.5970165098,"아*캐*","","02000","공동주택",271.3,138.67,49.85,978.94,489.81,199.28,0,4,0,3,"20040317","0","",6,14
"1138010900102080013","202004","11710-10295","서**별**은** **동**2**1**","11680","10900","1","0409","0003",126.921079031094,37.594719501143,"유* *이* *","","02000","공동주택",116.1,63.02,59.95,509.68,581.94,211.16,0,5,1,3,"19960921","2002","일반주거지역",6,0
"1147010200105570022","202103","11500-13969","서**별**구** ** **7**","11680","10300","1","0522","0008",126.959148431911,37.479223413268,"","","02000","공동주택",233.9,86.4,0,893.85,275.28,216.96,14.45,2,1,7,"20020906","0","제2종일반주거지역",15,4
"1162010100115360018","202011","11470-100223027","서**별**은** **동**2**5**","11350","10300","1","0080","0022",126.835506730919,37.5489164999277,"아*채","","02000","공동주택",294.57,105.82,59.91,654.24,586.24,183.75,13.75,5,1,24,"20080204","2002","일반주거지역",8,9
"1150010300100560490","202102","11305-100182624","서**별**은** **동**1**1**","11380","10500","1","0005","0015",126.914481234279,37.5456437749096,"","","02000","공동주택",298,130.78,59.9,659.9,658.75,199.9,12.1,6,1,10,"19851125","0","제2종일반주거지역",5,9
"1123010600104440010","202001","11650-13511","서**별**은** **동**2**3**","11305","10600","1","0279","0115",126.93766142705,37.541524349199,"","","02000","공동주택",255.59,140.06,59.82,541.4,492.66,196.98,17.4,5,0,10,"19971202","2003","제1종일반주거지역",7,7
"1153010700103580011","202006","11710-100235277","서**별**은** **동**8**5**","11620","10500","1","0923","0001",126.96490335419,37.5303295312503,"임*마*다*빌","","02000","공동주택",264,403.04,59.86,724.3,164.6,176.65,12.9,2,1,5,"20120620","0","제2종일반주거지역",0,0
"1171010700101910000","202011","11380-100230871","서**별**양** ** **1**2**","11440","10200","1","0749","0447",126.902791144066,37.53719283791,"연*펠*시*","","02000","공동주택",875,120.76,0,429.84,198.57,201.43,18.4,5,1,14,"20110316","2016","준주거지역",7,16
"1159010500102780008","202009","11290-100229763","서**별**은** **동**0**4**","11380","10100","1","0665","0200",126.90987596842,37.5028360159403,"월*빌*","101동","02000","공동주택",199.8,97.5,54.12,134.31,524.82,226.75,0,6,1,6,"20030707","0","제2종일반주거지역",3,10
"1130510300107230030","202003","11500-27391","서**별**강** **동**2**8**","11290","10200","1","0046","0056",126.88099318186,37.6154409738339,"","","02000","공동주택",185,220.9,59.67,654.2,406.82,0,13.15,3,1,8,"20150226","0","일반주거지역",8,8
"1171010700101440004","202101","11290-100232333","서**별**송** **동**5**9**","11710","12000","1","0221","0010",126.898683461138,37.6234469022404,"","","02000","공동주택",166.5,181.64,23.57,651.62,636.02,231.06,12.71,6,0,20,"19910708","0","제2종일반주거지역",11,3
"1138010400105170015","202001","11620-100224560","서**별**은** **동**7**1**","11740","10200","1","0031","0001",127.034650203823,37.547021438686,"우*네*트*","","02000","공동주택",165.2,97.29,58.72,302.13,643.53,245.62,15.3,2,0,8,"20140625","2006","제2종일반주거지역",12,10
"1126010400101560010","202006","11500-16586","서**별**양** **동**5**","11380","10500","1","0636","0059",126.93922092223,37.6355681011809,"","","02000","공동주택",272.1,157.35,0,524.38,278.2,278.1,0,4,1,8,"20200217","0","일반주거지역",10,8
"1156013300107510045","202103","11710-100502601","서**별**강** **동**8**3**","11110","10700","1","1196","0056",126.953817433547,37.628056842912,"","","02000","공동주택",358,172.97,59.73,489.68,0,0,14.25,5,1,5,"20180719","0","제2종일반주거지역",4,8
"1138010400102850250","202012","11305-28768","서**별**서**구**제**3**-**","11500","11100","1","0538","0001",126.857790803966,37.597496134333,"건*로*맨*","","02000","공동주택",277,122.76,59.02,288.94,540.11,329.71,15.25,4,0,16,"20200130","0","일반주거지역",7,2
"1159010700104430005","202011","11290-22364","서**별**강** **동**9**3**","11380","10100","1","0910","0053",127.084889077331,37.506757821256,"버*빌","","02000","공동주택",209.2,140.43,58.41,467.61,659.84,149.01,14.76,4,0,7,"20191211","2011","",15,4
"1138010900102810017","202002","11500-100207359","서**별**중** **동**4**1**","11380","10200","1","0740","0012",127.053440647576,37.498076983686,"","","02000","공동주택",214.8,65.97,62.98,452.04,424.49,178.93,12.9,5,1,14,"20011231","2013","제2종일반주거지역",2,10
"1150010300109700021","202008","11380-5618","서**별**서** **동**3**4**","11710","14400","1","0001","0029",126.854641194337,37.468354705709,"광*빌*","","02000","공동주택",502.5,308.64,0,978.68,512.5,183.81,11.7,3,1,11,"20170330","2002","",4,8
"1121510900101000100","202001","11710-19508","서**별**송** **동**2**1**","11500","12200","1","0432","0015",126.912464862893,37.6167895626471,"","","02000","공동주택",181.6,102.78,56.65,230.22,494.28,191.7,15.9,5,0,9,"20190822","2016","",4,3
"1153010700100460015","202104","11470-15959","서**별**영**구**길**1**-**","11380","10400","1","0001","0008",126.917298127591,37.639341979893,"","대주드림빌라","02000","공동주택",186.1,175.72,53.43,499.89,372.86,199.95,14.05,5,1,20,"20060518","0","일반주거지역",3,8
"1153010700103280019","202007","11110-21822","서**별**강** **동**9**2**","11710","10300","1","0420","0031",126.899575187823,37.496760747433,"","","02000","공동주택",393.1,200.07,46.96,591.59,416.29,0,12.8,5,0,6,"20180104","2017","일반주거지역",10,6
"1159010200102440076","202012","11410-26085","서**별**구** **동**1**2**","11380","10600","1","0011","0002",127.127256086763,37.465161611,"클*인*우*","","02000","공동주택",163.3,137.77,58.18,435.43,355.56,102.8,12.3,4,1,8,"20000526","0","",8,8
"1144012300103800009","202002","11410-100199315","서**별**강** **동**8**2**","11215","10300","1","0307","0023",127.087424401086,37.584452070199,"","","02000","공동주택",183.81,112.35,0,561.74,0,99.35,19.3,5,0,6,"19771130","0","도시지역",8,4
"1111018400101290031","202005","11380-28935","서**별**관** **동**7**-**","11590","10500","1","0872","0015",127.034996680119,37.505494927845,"","","02000","공동주택",330.16,784.2,58.74,1263.26,658.42,195.56,0,4,0,9,"20040203","0","",12,10
"1144010900104880016","202011","11590-5929","서**별**성** **동** **7**","11380","10400","1","0003","0027",127.1189835012,37.475184657818,"","","02000","공동주택",97.09,175.56,59.82,659.5,521.87,219.3,12.8,5,1,9,"19920506","2002","제1종일반주거지역",7,0
"1121510500106400022","202008","11110-1304","서**별**금** **동**6**2**","11200","13100","1","0005","0046",126.916069529006,37.5446986485962,"혜* *리*빌","","02000","공동주택",166.4,122.32,45.71,598.02,163.2,0,12.95,4,0,9,"20020316","0","제1종일반주거지역",10,29
"1120011400106850185","202012","11380-16839","서**별**영**구**길**2**-**","11215","12800","1","0760","0001",126.924683733781,37.5001734865352,"","","02000","공동주택",273.8,145.88,45.98,713.06,376.85,177.39,15.6,5,0,6,"19860814","2008","제2종일반주거지역",12,8
"1171010400101360001","202002","11110-15206","서**별**강** **동**5**1**","11215","10800","1","0963","0002",127.127747990768,37.612662667777,"","","02000","공동주택",184.2,112.92,59.66,644.81,563.94,0,13.1,5,0,6,"20080407","0","준주거지역",4,0
"1126010300103070004","202010","11470-100228629","서**별**은** **동**5**9**","11710","10700","1","0635","0001",126.850686899577,37.5042710052112,"삼*빌","역촌동38-13","02000","공동주택",116,126.72,59.96,474.87,523.9,260.3,11,4,1,14,"19911204","2019","",7,6
"1154510200110740001","202005","11590-23667","서**별**강** **동**5**1**","11710","10700","1","1243","0021",127.022087763445,37.55987611657,"","","02000","제2종근린생활시설",222,99.24,47.63,145.84,649.49,0,16.38,5,0,13,"20130226","0","제2종일반주거지역",10,7
"1141011000100010086","202006","11590-31198","서**별**송** **동**3**1**","11215","10300","1","0211","0027",126.927548502828,37.50735209694,"이*스*임","","02000","공동주택",185,149.92,52.98,294.15,0,147.57,17.9,5,1,10,"19870225","0","제2종일반주거지역",4,9
"1111012100100010178","202003","11200-100205954","서**별**중** **동**1**5**","11305","10100","1","0414","0041",126.931315688152,37.581688695486,"마*수*산*크","무지개하우스","02000","공동주택",312.8,47.56,47.55,552.04,195.9,208.99,11.7,4,1,8,"19840710","0","일반주거지역",6,4
"1144012500100230016","202010","11410-25864","서**별**강** **동**1**2**","11215","10400","1","0151","0562",126.921966450673,37.627894058195,"","7동","02000","공동주택",496,57.84,0,676.24,763.77,181.93,10.9,6,0,7,"20030404","0","일반주거지역",8,1
"1138010200101510013","202002","11560-29402","서**별**구** **동**5**1**","11650","11200","1","0225","0023",126.964488041322,37.5982033082587,"","","02000","공동주택",547,99.96,48.07,655.78,569.74,0,14.8,2,1,6,"20020104","2019","일반주거지역",16,12
"1135010600100900044","202008","11710-18828","서**별**강** **동**9**2**","11410","10200","1","0007","0003",127.130313291971,37.642521147215,"리*펠*체","","02000","공동주택",155,340.46,0,343.89,385.46,0,0,5,0,18,"20140613","0","",8,8
"1130510100103010003","202104","11650-100283395","서**별**도** **동**5**1**","11680","10300","1","0726","0000",127.087101802862,37.484161729137,"수*리*","","02000","공동주택",324,145.14,0,545.8,310.77,171.43,16.3,4,1,16,"20030728","0","",8,15
"1150010300103600002","202010","11290-100247469","서**별**강** **동**6**9**","11290","10300","1","0352","0042",127.069502822928,37.559480810751,"지*하*스","","02000","공동주택",263,60.15,53.04,655.82,448.27,168.54,10.1,5,1,9,"19920325","2012","제2종일반주거지역",8,4
"1121510100101030010","202102","11530-13888","서**별**강** **동**5**2**","11620","11600","1","0094","0407",126.917579681534,37.551042053008,"논*동*1*8*9*공*주* *정*애*","","02000","공동주택",173.2,99.9,59.59,485.14,1127.7,189.11,0,6,0,8,"19971229","2003","",0,8
"1171010400100850010","202005","11680-18589","서**별**관** **동**3**1**","11380","10600","1","0518","0250",127.035347037802,37.5162579131266,"","","02000","공동주택",294,221.78,59.53,136.08,245.29,197.59,16.6,5,0,3,"19770629","2002","제3종일반주거지역",9,4
"1123010600101900038","202007","11380-17147","서**별**관** **동**1**-**","11500","10300","1","0637","0052",126.986668508381,37.5310986127,"","","02000","공동주택",215,109.14,59.91,461.48,520.2,182.46,19.9,6,1,13,"20171013","2013","일반주거지역",28,2
"1147010300109250020","202005","11440-26999","서**별**강** **동**1**5**","11350","10700","1","0462","0004",126.864400751235,37.5509222247288,"","","02000","공동주택",86,194.59,71.82,323.58,659.45,199.06,0,3,0,6,"19800805","2016","준공업지역",8,4
"1114016200104320557","202002","11215-100183986","서**별**서** **동**5**4**","11710","10100","1","0173","0009",127.026463921124,37.581245040717,"","","02000","공동주택",128.6,150.78,15.67,329.02,1072,261.06,10.4,5,1,10,"20031226","0","제2종일반주거지역",0,12
"1150010900105920001","202105","11590-7064","서**별**관** **동**1**5**","11230","10300","1","0037","0006",127.068575038854,37.563947954728,"","","02000","공동주택",299,0,28.05,545.86,929.89,199.31,10.2,6,1,5,"20190919","0","",4,8
"1132010600101550008","202101","11320-8844","서**별**양** **동**0**-**","11530","10700","1","0495","0012",127.045969999709,37.545373642328,"","","02000","공동주택",99,130.79,0,249.21,469.92,186.3,19.95,6,0,5,"20020821","2020","",4,4
"1150010300108140022","202009","11650-11723","서**별**은** **동**9**1**","11545","17300","1","0161","0028",127.13257620429,37.525688038367,"","","02000","공동주택",182,134.37,25.27,415.54,0,241.43,11.8,6,0,7,"20070704","0","제2종일반주거지역",12,0
"1162010100101780050","202002","11290-100228600","서**별**성** **동**7**3**","11380","10300","1","0338","0016",127.054863459588,37.647445258396,"에*엠*리*","","02000","공동주택",192,177.34,59.92,1317.28,517.87,0,12.1,4,0,6,"19921211","2001","준주거지역",4,8
"1129013800102330668","202104","11380-100245307","서**별**동**구**안**3**-**","11410","10300","1","0437","0046",127.034507018754,37.5502238320163,"제*스*","","02000","공동주택",120.6,88.34,38.38,353.64,583.42,93.53,14.3,2,1,6,"20030919","2015","일반주거지역",7,8
"1130510200101480442","202005","11320-100204995","서**별**광** **동**5**3**","11320","10700","1","0032","0017",126.843381791899,37.534647974216,"","","02000","공동주택",91.76,124.53,58.55,422.34,555.04,163,17.3,5,1,6,"20030410","0","제1종일반주거지역",7,6
"1156013200143780002","202004","11500-100198593","서**별**양** **동**8**2**","11200","10900","1","0411","0061",127.051688906918,37.530697675742,"웰*이*","","02000","공동주택",263.9,56.19,54.01,697.33,559.98,167.66,0,2,1,10,"20010518","2018","제2종일반주거지역",10,4
"1171011100100610008","202010","11305-30690","서**별**금** **동**9**1**","11170","10300","1","0492","0024",127.046651177689,37.515171075229,"","","02000","공동주택",179,99.83,59.53,528.14,247.08,206.82,7.6,4,1,20,"20120509","2015","",10,8
"1147010300104870004","202004","11215-20160","서**별**마** **동**8**1**","11470","10100","1","0019","0056",126.922582192129,37.5363626179952,"","","02000","공동주택",264,124.98,59.65,235.84,405.49,185.67,9,6,0,11,"19761005","2016","",8,3
"1159010700102720045","202005","11500-100319529","서**별**송** **동**7**","11110","13800","1","0033","0016",127.006972356928,37.535913588464,"위*스*","","02000","공동주택",262.5,163.68,59.35,437,346.91,197.72,14.6,4,0,10,"20030418","0","",4,10
"1138010700101950052","202008","11470-6515","서**별**성** **동** **1**","11350","11300","1","0461","0015",127.044475227761,37.5362263649305,"","","02000","공동주택",238,137.65,59.18,415.46,0,0,17.3,5,1,7,"19751229","2016","도시지역",8,4
"1168010700106280037","202011","11710-23161","서**별**은** **동**0**6**","11560","10700","1","0551","0020",127.034948239379,37.6459709437863,"","","02000","공동주택",63,90.06,0,289.09,497.59,182.82,7.6,5,1,8,"20030327","0","",2,8
"1138010700107190011","202001","11170-26270","서**별**광** **동**3**1**","11380","10800","1","0569","0064",126.908327783613,37.50555925974,"","","02000","공동주택",1400,177.94,58.83,388.79,588.75,0,19.9,4,1,10,"20031223","2011","제1종일반주거지역",7,0
"1165010200101160001","202008","11710-23258","서**별**강** **동**5**1**","11650","17100","1","0122","0034",126.853198692695,37.6047984735392,"","","02000","공동주택",512,101.5,59.43,369.43,239.4,194.76,10.9,2,1,4,"20041207","0","제3종일반주거지역",8,0
"1129013300102260047","202105","11215-27279","서**별**마** **산**3**1**","11380","11100","1","0792","0015",126.936953596627,37.606905248788,"","","02000","공동주택",241.4,97.93,0,1548.56,642.94,102.39,16.4,2,0,8,"20110308","2003","제2종일반주거지역",8,6
"1138010200100750022","202002","11380-17338","서**별**동**구**안**3**-**","11470","11900","1","0043","0001",126.857235195035,37.504756301666,"강*빌*지","","02000","공동주택",366.1,144.82,60.55,547.68,225.3,234.13,12.85,5,1,7,"20160628","2011","제2종일반주거지역",8,1
"1150010300103420081","202102","11680-100258947","서**별**도** **동**9**2**","11110","10100","1","0493","0004",127.145452995127,37.612663180026,"다*대*택","","02000","공동주택",2214.7,393.15,57.89,656.32,458.63,203.73,14.3,4,0,7,"19831213","0","",8,6
"1111017100100910004","202007","11440-24381","서**별**관** **동**1**8**","11290","10800","1","0370","0013",126.937128635469,37.5013821989397,"","","02000","공동주택",228.6,69.23,64.72,298.47,416.62,211.21,18.5,2,1,6,"20181207","2015","도시지역",8,8
"1168010600109650031","202009","11740-18041","서**별**은** **동**-**","11320","10300","1","0349","0007",127.033978322174,37.54402589471,"서* *I*L* *I*L","","02000","공동주택",294.5,110.46,58.75,430.84,499.32,249.65,12.7,5,1,16,"20150626","2002","제2종일반주거지역",4,8
"1168010500100760011","202002","11590-7638","서**별**강** **동**1**-**","11500","10300","1","0046","0012",127.096915600342,37.4801032372914,"유*아*빌","A동","02000","공동주택",201,112.59,48.07,382.22,155.12,198.35,14.7,5,0,36,"20110907","0","",6,8
"1159010200102560023","202007","11215-8565","서**별**강** **동**5**4**","11590","10100","1","0010","0008",126.916602718279,37.646395484148,"","A동","02000","공동주택",240.5,382.09,59.74,849.24,602.41,226.67,14.25,5,0,5,"19910227","0","",5,8
"1156013300109740007","202103","11740-100264682","서**별**은** **동**7**","11470","10200","1","0130","0003",126.868552148272,37.658087577064,"도*에*스","","02000","공동주택",261.5,120.7,69.98,658.77,392.77,210.12,0,5,1,3,"19960807","0","제2종일반주거지역",2,15
"1162010100101800264","202002","11410-22000","서**별**성** **동**2**2**","11305","10800","1","1116","0007",127.054600770303,37.580143525947,"","","02000","공동주택",211.2,196.57,54.37,803.69,246.48,146.42,14,5,1,9,"19961231","2016","제2종일반주거지역",14,0
"1162010100116430029","202105","11620-22725","서**별**용** **동**4**7**","11440","11800","1","0528","0009",126.926039323679,37.567474173039,"","성지","02000","공동주택",62.5,107.38,59.97,545.59,558.76,203.18,0,4,0,9,"20120315","2015","일반주거지역",9,8
"1162010100106350329","202008","11380-100248715","서**별**동** **진**3**-**","11710","10200","1","0508","0030",127.059890452897,37.5542543034645,"","","02000","공동주택",284,140.84,57.38,444.18,527.12,0,13.25,5,1,10,"20000922","2020","일반주거지역",8,6
"1126010300103220049","202011","11680-4891","서**별**양** **동**1**6**","11380","10300","1","0781","0004",126.823237581177,37.545653451043,"골*타*","","02000","공동주택",95.3,145.08,46.97,310.32,390.97,0,9.7,3,1,6,"20020710","0","일반주거지역",0,10
"1171010700101830004","202105","11680-100264490","서**별**관** **동**5**-**","11110","10200","1","0415","0005",127.014470726463,37.497874604681,"","태영뉴그린빌라","02000","공동주택",235,190.71,59.96,484.33,485.86,193.72,0,5,1,3,"20180315","0","",12,8
"1153010300101230006","202003","11410-100183311","서**별**광** **동**2**2**","11710","10900","1","0265","0033",126.951800649703,37.61298744762,"동*파*빌","","02000","공동주택",946.53,112.2,49.7,142.3,553.54,173.32,11.4,5,0,4,"20071108","0","일반주거지역",4,4
"1130510200105210000","202006","11500-16960","서**별**중** **동**7**9**","11620","10100","1","0981","0026",127.011147543492,37.578442865608,"참*골*빌","","02000","공동주택",229.4,195.7,59.76,598.56,433.63,0,18.8,2,0,19,"20080702","0","",8,12
"1121510500100540023","202103","11215-8401","서**별**중** **동**9**3**","11740","10100","1","0233","0009",126.946457744728,37.548876800694,"","","02000","공동주택",46,97.06,58.99,655.11,164.16,0,13.25,4,1,12,"20120210","0","",0,4
"1117013200101500001","202101","11305-13041","서**별**은** **동**0**1**","11710","13300","1","0210","0003",126.831523241484,37.61105994739,"다*빌","","02000","공동주택",137.11,104.72,69.94,770.61,429.34,205.41,13.15,4,1,8,"19961129","0","일반주거지역",4,6
"1126010400101590001","202003","11230-100212952","서**별**영**구**길**1**-**","11260","12300","1","0265","0001",127.097984704148,37.6094460208477,"","","02000","공동주택",253,152.85,0,482.37,377.22,0,23.37,4,0,6,"20110914","0","일반주거지역",8,7
"1129013300106070001","202005","11620-6626","서**별**강** **동**8**3**","11140","13600","1","0228","0152",126.990958643425,37.6129309627774,"","","02000","공동주택",1117.8,135.16,59.03,231.78,468.3,199.11,24.95,3,1,7,"20030307","0","준공업지역",7,8
"1174010800104230055","202001","11620-100250052","서**별**서** **동**5**-**","11260","10300","1","0179","0052",126.978056306922,37.600982484649,"","","02000","공동주택",441.7,234.72,49.98,673.45,322.22,159.59,14.2,5,0,8,"20210203","2016","제2종일반주거지역",7,8
"1114016200104320567","202105","11530-100189946","서**별**관** **동**2**7**","11545","10900","1","0003","0096",126.913893186549,37.6674104773,"","","02000","공동주택",136,230.16,59.36,575.69,490,0,14.5,4,1,15,"19880618","0","",12,6
"1162010100106450121","202012","11470-4608","서**별**은** **동**4**5**","11650","10300","1","0148","0000",127.100875927479,37.626661138449,"","","02000","공동주택",202.2,0,57.66,426.78,91.8,222.73,0,5,0,5,"19860923","0","도시지역",12,8
"1168010600108960024","202009","11260-100183536","서**별**은** **동**6**4**","11305","10300","1","0354","0002",127.068865679085,37.589475818032,"","","02000","공동주택",179,110.52,59.84,553.26,0,191.59,11.6,5,0,18,"19941015","2010","제2종일반주거지역",8,7
"1165010600100100045","202005","11500-100218137","서**별**도** ** **2**2**","11530","10700","1","0993","0071",126.904109441948,37.639105732302,"","","02000","공동주택",292.5,98.62,58.78,249.12,488.65,195.76,16.4,5,0,4,"20140124","0","제1종일반주거지역",17,7
"1130510100107200001","202006","11740-17792","서**별**구** **동**4**","11215","10700","1","0345","0008",127.131509780503,37.5981090362655,"스*빌","골든리치빌","02000","공동주택",151,133.19,56.66,659.36,314.65,99.65,20.1,5,1,8,"19960328","0","도시지역",12,0
"1154510200110140002","202002","11590-27799","서**별**송** **동**2**4**","11500","10700","1","0283","0005",127.138028084761,37.641010890615,"","","02000","공동주택",239.9,168.08,0,703.37,269.67,279.82,0,2,1,6,"19861211","2015","제2종일반주거지역",10,3
"1144012500102560003","202001","11680-7140","서**별**은** **동**1**1**","11470","10700","1","0685","0027",126.91520521971,37.552115780299,"그*이*빌","","02000","공동주택",324,150.26,59.84,176.1,652.15,313.95,14.6,6,1,8,"20151222","2011","",21,8
"1171011200101120001","202006","11305-17633","서**별**은** **동**8**1**","11650","10300","1","0419","0101",126.8572430739,37.552956832453,"","","02000","공동주택",268.1,196.1,59.42,322.52,363.3,195.13,14.9,4,1,17,"20121011","2016","제2종일반주거지역",19,8
"1138010900103500027","202009","11410-30788","서**별**종** **동**1**","11290","10500","1","0237","0004",126.827673100977,37.455481825849,"세*그*빌","","02000","공동주택",215.7,149.51,29.84,817.05,331.4,32.12,13.2,5,1,16,"20081205","0","",3,10
"1153010700102730013","202009","11290-39427","서**별**양** **동**6**5**","11710","10700","1","0706","0035",126.964572246524,37.600226774089,"","","02000","공동주택",259,99.62,51.34,245.4,394.1,149.67,32.9,4,0,8,"20020607","0","제2종일반주거지역",19,9
"1126010100110690001","202104","11200-14623","서**별**강** **동**0**2**","11650","10300","1","0134","0018",127.011831485103,37.555541835147,"","","02000","공동주택",198,135.7,56.48,310.73,725.56,114.36,0,5,1,3,"20071231","0","",6,11
"1111017400106290052","202104","11545-100217157","서**별**양** **동**1**1**","11650","12500","1","0651","0000",126.907107821445,37.4784838403074,"나*하*스*","","02000","공동주택",129.77,61.52,0,288.09,1610.14,215.17,16.4,6,0,15,"20060908","0","제1종일반주거지역",12,12
"1174010600104860008","202012","11500-100306913","서**별**용** **동**9**","11290","12000","1","1003","0027",127.135511305186,37.535456613965,"","9동","02000","공동주택",173.6,76.88,59.35,519.49,219.92,0,15.5,4,1,12,"20190408","0","제1종일반주거지역",10,8
"1154510300109080001","202010","11230-26945","서**별**강** **동**4**1**","11470","12200","1","0581","0208",126.987373801574,37.537544454038,"","","02000","공동주택",245,45.93,59.99,682.05,400.13,212.53,12.3,5,0,4,"19830629","0","제2종일반주거지역",6,11
"1123010600104070019","202103","11650-6691","서**별**구** **동**4**2**","11620","10800","1","0128","0020",126.945715491599,37.604383939843,"","","02000","공동주택",333.4,99.33,0,525.39,395.07,194.93,16.35,5,1,14,"19931015","0","제2종일반주거지역",7,11
"1174010600104900019","202002","11305-100223672","서**별**중** **동**7**3**","11290","10700","1","0308","0101",127.086531060001,37.50472730086,"M*R*G*L* *i*l","","02000","공동주택",876,135.56,58.46,410.02,0,239.4,15,5,1,8,"20050719","0","제2종일반주거지역",8,16
"1153010200107400046","202001","11440-27627","서**별**관** **동**3**9**","11500","10800","1","0021","0003",127.140474750835,37.503204124482,"","B동","02000","공동주택",317,226.62,59.06,487.96,349.32,239.46,11.5,2,0,12,"20030610","0","제2종일반주거지역",16,8
"1132010700104490089","202010","11590-27077","서**별**서**구**가** **0**9**","11440","10700","1","0681","0048",126.913498253042,37.51345552855,"혜*쉐*빌*차","","02000","공동주택",169,106.02,53.09,155.07,160.88,261.18,0,4,0,16,"19931222","2012","",7,4
"1171010400101020018","202009","11305-13810","서**별**강** **동**6**9**","11740","10200","1","0954","0001",127.106150756385,37.4849541754971,"","","02000","공동주택",289.5,144.41,45.21,659.2,498.6,96.05,14.3,5,1,8,"20170427","2020","제2종일반주거지역",5,5
"1147010100109890015","202007","11545-100183725","서**별**송** **동**1**1**","11545","10200","1","0287","0007",126.853472016605,37.4673377768481,"","","02000","공동주택",56.2,104.38,57.82,457.58,528.05,234.47,0,4,1,8,"19940108","0","제2종전용주거지역",6,8
"1168010400100120027","202105","11215-8084","서**별**관** **동**5**5**","11590","10800","1","0838","0023",126.913942841307,37.599746035468,"파*빌","","02000","공동주택",184,183.41,59.55,653.18,361.12,204.13,19.8,5,1,8,"20160115","0","",8,4
"1126010100104100051","202002","11620-3866","서**별**용** **동**-**2**","11440","13400","1","0462","0057",126.965558915166,37.607243631429,"","","02000","공동주택",335.9,151.33,54.25,181.98,107.64,217.38,15.6,5,1,10,"20020503","2020","일반주거지역",15,3
"1150010300101110024","202002","11710-4391","서**별**강** **동**2**1**","11215","10200","1","0900","0001",127.000214194236,37.638224598479,"해*빌*","","02000","공동주택",225,130.72,57.01,285.15,620.18,225.89,19.05,5,0,9,"20160412","2014","일반주거지역",12,6
"1144012300104630005","202004","11140-21790","서**별**강** **동**1**2**","11710","10100","1","0512","0002",127.049017426322,37.6127214158809,"","그라민빌리지","02000","공동주택",312.13,66.54,0,779.91,1735.68,0,0,4,0,5,"20160520","2017","제2종일반주거지역",12,0
"1168011400106830014","202006","11470-11685","서**별**영**구**림**7**-**","11560","10300","1","0003","0026",126.898452557542,37.5411685788669,"에*스*빌","라동","02000","공동주택",139.5,124.74,59.48,529.36,186.3,0,10.5,7,1,8,"20080807","2011","제2종일반주거지역",2,8
"1153010700103430010","202103","11620-13837","서**별**금** **동**7**3**","11710","10100","1","0265","0025",127.080777635531,37.620531454802,"이*에*빌","102동","02000","공동주택",355.72,132.64,58.54,594.25,770.96,199.57,18,4,0,7,"19910831","0","제2종일반주거지역",4,8
"1171010100103280001","202007","11410-6352","서**별**관** **동**1**1**","11440","10800","1","0029","0004",127.018196737002,37.538555065878,"우*그*빌","","02000","공동주택",199.7,131.1,58.79,358.71,552.59,236.13,15.7,5,0,8,"19960705","2002","제2종일반주거지역",8,13
"1111016600101010000","202007","11740-5096","서**별**동**구**경**2**-**3**","11620","12000","1","0026","0042",127.094597104958,37.441722655607,"","","02000","공동주택",407.4,208.2,55.41,559.01,184.68,0,18.45,4,1,8,"20181214","2019","일반주거지역",10,10
"1165010800114510029","202012","11470-19483","서**별**동**구**량** **9**9**","11710","10300","1","0502","0011",126.919589422376,37.606923630202,"","2동","02000","공동주택",106,110.32,69.16,388.64,533.09,220.7,12.7,6,0,14,"20121102","2017","제2종일반주거지역",12,7
"1153010200107420085","202007","11140-21661","서**별**마** **동**3**1**","11590","10700","1","0397","0024",126.908777590228,37.536430753513,"","","02000","공동주택",1454.3,175.6,59.29,659.7,219.6,246.26,14.55,6,1,6,"20161202","0","제2종일반주거지역",4,5
"1130510300104720280","202006","11380-29981","서**별**마** **동**5**1**","11170","11900","1","0393","0183",127.015377694547,37.5212227053512,"","","02000","공동주택",297.4,0,0,443.12,491.13,299.85,14.2,2,0,7,"20030109","0","일반주거지역",0,3
"1111018600101360013","202009","11215-100245052","서**별**관** **동**5**1**","11215","10600","1","0095","0122",126.933973253089,37.536290730782,"","","02000","공동주택",213.6,123.12,50.1,416.94,2118.29,210.1,11.7,6,0,6,"20160224","2002","일반주거지역",8,7
"1174010700104530002","202001","11260-100216743","서**별**강** **동**6**2**","11410","10700","1","0416","0008",126.942515716345,37.59237474648,"비*비*즈* *0*동","","02000","공동주택",390.2,147.9,46.97,219.18,620.9,217.31,12.75,5,1,9,"20110919","2002","",4,4
"1174010900100390011","202002","11680-100215827","서**별**강** **동**2**","11440","10900","1","0337","0005",127.091074245762,37.6071124562048,"평*빌*지","","02000","공동주택",207.2,105.36,58.4,264.9,518.88,116.68,12.2,4,1,5,"19750523","2010","",8,4
"1174010900102330002","202006","11320-4697","서**별**양** **동**5**4**","11320","10400","1","1561","0015",126.890451708809,37.593311557231,"","","02000","공동주택",462.72,179.82,29.68,473,491.67,0,11.7,4,2,9,"20021029","2018","",9,12
"1171010500100570001","202002","11380-37168","서**별**서**구**은**2**-**","11470","10700","1","0342","0009",126.861071929581,37.524631053095,"미*연*","","02000","공동주택",218.1,169.48,58.95,296.69,620.9,177.39,12.8,2,0,10,"20030512","0","일반주거지역",8,3
"1126010500103960030","202011","11650-17782","서**별**도** **동**9**4**","11230","10100","1","0771","0088",127.098415744614,37.600710413789,"","A동","02000","공동주택",385,199.34,55.15,295.14,613.52,200.09,0,5,1,6,"20020731","0","제2종일반주거지역",3,9
"1153010600103450000","202101","11110-12004","서**별**관** **동**1**1**","11215","10100","1","0791","0218",126.959505229575,37.482211109154,"","","02000","공동주택",356.14,143.93,59.49,383.79,326.21,0,12.8,3,0,6,"20140723","0","준주거지역",3,8
"1135010200104960041","202104","11545-100205124","서**별**은** **동**8**4**","11320","10500","1","0030","0011",127.01141283101,37.581697778366,"","","02000","공동주택",250.4,81.62,57.06,651.24,568.08,197.23,0,5,1,6,"19900928","2004","",6,4
"1171010800100440007","202011","11320-16612","서**별**성** **동** **6**6**","11440","10800","1","1476","0109",126.971483734995,37.513574059643,"강*빌","","02000","공동주택",227.9,123.2,0,659.34,402.58,183.02,11.8,4,1,16,"19951218","0","준공업지역",8,6
"1123010600101630016","202105","11305-18107","서**별**도** ** **3**7**","11170","10300","1","0244","0006",127.132622486552,37.520862198459,"라*","","02000","공동주택",231,170.56,54.35,712.14,549.53,198.4,12.8,5,1,7,"20140307","0","제2종일반주거지역",10,7
"1168011100105410000","202105","11380-100246036","서**별**종** **동**6**1**","11740","13300","1","0272","0033",127.080822498679,37.4691015075953,"","가동","02000","공동주택",95,126.72,44.72,270.09,107.3,149.82,21.1,3,1,7,"19971203","2009","일반주거지역",8,8
"1121510500105530396","202103","11470-8106","서**별**광** **동**8**2**","11320","10300","1","0126","0005",127.034881621812,37.494227266203,"","","02000","공동주택",321.3,65.61,68.2,501.57,196.28,191.15,13.65,5,1,2,"20150702","2016","일반주거지역",6,6
"1162010200100920010","202103","11530-100216492","서**별**송** **동**0**2**","11215","10100","1","0610","0019",126.849018983525,37.609528782102,"굿*닝*","","02000","공동주택",298.8,75.25,56.78,462.6,145.44,203.64,0,4,0,24,"19931127","0","도시지역",15,6
"1150010300110420016","202010","11230-13375","서**별**은** **동**3**2**","11470","10100","1","0079","0001",127.072204177617,37.510680787643,"","","02000","공동주택",286.4,179.35,59.53,970.42,658.52,0,13.04,4,0,20,"19860510","0","제2종일반주거지역",4,10
"1159010200104700000","202009","11590-18723","서**별**은** **동**9**2**","11410","10800","1","0001","0401",126.917910152769,37.609479771103,"","","02000","공동주택",179,102.6,48.57,512.61,446.04,90.84,13.7,4,0,10,"20030303","2k07","일반주거지역",2,6
"1162010200114330135","202102","11380-19059","서**별**강** **동**3**4**","11710","10300","1","0210","0024",126.854202227789,37.6613535267815,"태*현*홈*운*위*2*지","","02000","공동주택",691.7,82.64,0,425.44,395.99,182.19,11.2,5,0,6,"20031216","2017","제2종일반주거지역",7,8
"1129010100101130085","202012","11740-19536","서**별**구** **동**3**1**","11530","10600","1","0349","0012",126.861247738782,37.609143460257,"청*하*빌","","02000","공동주택",256.5,96.87,52.55,818.5,402.35,0,11.6,5,0,11,"19761218","2016","준주거지역",3,8
"1147010300104210007","202008","11170-1453","서**별**강** **동**3**","11410","11600","1","0244","0019",126.924861490283,37.560027968544,"","","02000","공동주택",241,63.03,57.43,881.28,424.4,39.76,17.7,8,0,10,"20020805","0","",5,10
"1121510300102040016","202010","11320-13598","서**별**성** **동** **6**","11560","10400","1","0451","0145",126.931589395319,37.609909124228,"","","02000","공동주택",165.4,107.06,59.86,437.64,447.16,211.51,0,4,0,8,"19900224","2004","일반주거지역",16,2
"1117010900100030027","202001","11740-11441","서**별**관** **동**6**-**","11290","10200","1","0488","0980",127.129523381274,37.558321688371,"민*빌*","","02000","공동주택",317,147.27,58.88,360.2,537.57,0,15.05,4,0,11,"20191230","2016","제1종일반주거지역",14,12
"1135010200104470003","202012","11620-31118","서**별**강** **동**4**1**","11440","10400","1","0530","0002",126.849248732036,37.5743833521071,"공*주* *상*나*)","","02000","공동주택",177.9,146.72,57.85,658.81,523.02,223.87,18.85,5,1,12,"20120224","2003","제2종일반주거지역",8,8
"1141011800102650134","202002","11440-32161","서**별**중** ** **8**","11500","10300","1","0076","0014",127.082084969223,37.494424274832,"엔*하*스","","02000","공동주택",202,157.41,41.49,659.22,381.99,195.96,13.88,4,1,5,"20150320","0","제2종일반주거지역",8,4
"1141011700101850003","202001","11290-8274","서**별**송** **동**2**","11440","10700","1","0313","0000",127.018210046137,37.5999750901937,"샬*아*빌","드림빌딩","02000","공동주택",236.6,157.05,59.14,337.22,509.18,113.81,11.5,5,0,6,"20131016","2003","",4,1
"1114016200104320476","202008","11170-100211161","서**별**서** **동**5**4**","11620","13300","1","0469","0010",127.069757747014,37.588668219662,"","101동","02000","공동주택",193.7,101.88,59.85,98.98,228.06,0,13.8,4,0,6,"19781229","2010","도시지역",6,12
"1171010800100470002","202006","11590-16550","서**별**중** **동**0**5**","11260","10600","1","0218","0135",126.94452738923,37.557649218064,"","","02000","공동주택",328,184.26,53.5,171.64,344.04,93.16,10.2,2,0,6,"19991104","2019","",7,12
"1141011800102650323","202012","11305-100208623","서**별**은** **동**8**9**","11380","17500","1","0407","0067",126.864232378213,37.524165360771,"라*하*스*종*","하우젠빌","02000","공동주택",759,201.17,49.92,627.36,581.21,199.34,14.4,3,1,6,"20021025","2002","일반주거지역",8,16
"1138010900100260008","202105","11440-24368","서**별**동** **동**9**7**","11590","10500","1","0524","0233",126.998685163906,37.485194482238,"연*하*츠*","","02000","공동주택",347.1,346.86,58.66,411.2,417.29,202.39,21.35,2,1,9,"20181211","0","제2종일반주거지역",10,2
"1132010500106010000","202011","11590-14104","서**별**송** **동**2**1**","11380","10100","1","0151","0032",126.885279228225,37.565873905408,"","","02000","공동주택",345,0,52.4,297.52,220.31,195.66,14.8,4,1,9,"20131105","0","제2종일반주거지역",0,6
"1153010700103090037","202101","11440-4490","서**별**마** **동**0**3**","11470","10300","1","0083","0013",127.097055769256,37.4732185536,"","","02000","공동주택",238,123.8,59.53,991.64,658.62,99.52,12.6,4,1,10,"19860627","2002","일반주거지역",19,7
"1153010700103150005","202010","11680-2047","서**별**관** **동**4**3**","11740","10100","1","0486","0035",126.857177183247,37.4805123493177,"","","02000","공동주택",236,192.96,59.79,358.02,654.24,0,12.97,2,0,6,"20111230","2002","",5,2
"1126010300102750003","202101","11110-9136","서**별**성** **동**1**5**","11470","10600","1","0199","0061",127.043983942709,37.511304611403,"","","02000","공동주택",234.6,116.72,52.68,390.19,525.23,218.24,12.8,5,0,13,"19860721","0","제2종일반주거지역",6,6
"1138010400100090156","202104","11380-100189892","서**별**강** **동**0**","11260","10300","1","0332","0017",126.961867753119,37.577292844152,"","","02000","공동주택",302.9,195.5,59.8,374.91,611.56,199.7,15.05,4,0,10,"20070906","2011","",8,0
"1129013800102250132","202012","11680-100258290","서**별**성** **동**3**1**","11470","10200","1","0122","0023",127.040728647578,37.60186686611,"","00","02000","공동주택",96.6,147.41,49.77,824.04,823.49,199.86,20.3,4,0,6,"20170220","2003","제2종일반주거지역",4,8
"1121510700100190039","202104","11305-28201","서**별**강** **동**7**5**","11170","10200","1","0153","0000",126.905067657807,37.504846784408,"다*대*택","","02000","공동주택",462,124.35,0,845.84,528.11,209.69,0,2,0,6,"19940617","0","제1종일반주거지역",8,4
"1159010300106460002","202105","11170-5217","서**별**은** **동**2**3**","11110","10100","1","0040","0029",127.115832386026,37.541537838191,"호*하*스*역*","MJ하이빌","02000","공동주택",326.8,107,59.79,628.78,658.41,199.62,11.8,4,1,4,"20130329","0","도시지역",16,7
"1144012200104470008","202012","11290-100266351","서**별**광** **동**5**4**","11470","10300","1","0201","0000",126.931032342201,37.504592332191,"","","02000","공동주택",260.4,97.62,59.05,318.39,446.82,179.26,19.35,4,0,6,"19950620","2002","제2종일반주거지역",16,0
"1156013200149170007","202010","11680-12916","서**별**동** **동**0**-**","11500","10500","1","0534","0006",126.904217103878,37.610173436683,"","","02000","공동주택",291.1,121.29,57.18,303.18,306.21,210.5,15.1,4,0,11,"19900302","2015","일반주거지역",7,2
"1159010200102790070","202006","11320-16694","서**별**송** **동**-**","11380","10700","1","0033","0004",126.966664821228,37.488788800697,"그*홈","","02000","공동주택",337.6,205.96,55.5,657.6,393.25,249.85,13.18,4,0,10,"20031203","0","",7,12
"1150010300104210025","202002","11470-8695","서**별**강** **동**4**","11740","10800","1","1431","0511",127.079581649585,37.598913697145,"","","02000","공동주택",231.67,171.55,0,240.31,662.36,199.77,10.95,5,0,9,"19951222","2015","도시지역",8,16
"1168010800101380001","202011","11590-9128","서**별**은** **동**8**8**","11470","11400","1","0659","0013",126.963322548612,37.4971166149567,"한*올*진","","02000","공동주택",202.7,151.18,53.22,248.46,645.33,175.88,13.1,4,1,10,"20000417","0","일반주거지역",10,19
"1174010700105040031","202008","11680-11082","서**별**강** **동**8**3**","11305","10200","1","0179","0203",126.90501019859,37.4822096632423,"동*네*트","","02000","공동주택",152.8,0,59.29,540.85,613.8,207.03,14.85,3,1,9,"19940603","0","",4,7
"1150010300103300017","202004","11110-20085","서**별**강** **동**0**-**","11305","10800","1","0591","0040",126.89941488371,37.625946600252,"","","02000","공동주택",1004,158.06,0,657.2,1455.81,174.95,0,3,1,3,"20030418","0","제2종일반주거지역",7,10
"1171010400101030021","202002","11740-100221418","서**별**양** **동**5**9**","11740","10500","1","0264","0055",126.838100208984,37.564335831472,"논*동*세*주*","","02000","공동주택",278.6,146.61,58.91,764.03,0,0,0,5,1,16,"20190108","0","",5,9
"1162010200100980127","202011","11215-100242169","서**별**종** **동**6**","11305","10300","1","0092","0008",127.137542192506,37.506106709723,"행*한*","대림캐슬","02000","공동주택",268,150.24,0,249.21,719.47,147.24,13.57,3,1,19,"19960412","2020","제2종일반주거지역",15,11
"1165010100105390178","202006","11710-22794","서**별**광** ** **7**","11650","10800","1","0156","0000",126.908510633046,37.522626537305,"유*주*뜰*을","","02000","공동주택",295.5,147.61,54.76,686.23,375.44,199.48,13.2,5,1,7,"20101021","2017","일반주거지역",10,5
"1174010500101400000","202101","11215-20327","서**별**송** **동**9**","11620","10900","1","0675","0025",127.085707359551,37.474230450385,"","","02000","공동주택",249.93,368.8,59.87,1067.17,601.16,197.32,13.9,4,0,7,"20190325","0","일반주거지역",4,8
"1138010400102440018","202104","11380-100266561","서**별**구** **동**1**3**","11590","10100","1","0249","0027",127.030967944834,37.4899628771759,"마*대*밸*","","02000","공동주택",119,113.86,65.57,658.91,475.51,236.44,0,5,0,6,"20120821","0","제2종일반주거지역",18,12
"1150010900104970018","202104","11260-100219321","서**별**송** **동**0**","11740","10600","1","0995","0001",126.924375935271,37.508643209978,"","102동","02000","공동주택",310.3,68.1,59.73,254.6,437.81,184.82,14.95,5,1,8,"19870713","2018","준공업지역",0,10
"1162010200105630006","202004","11380-100203824","서**별**중** **동**1**4**","11530","10200","1","0584","0004",127.08321968284,37.49225249745,"","","02000","공동주택",206.5,228.45,55.72,329.56,494.1,94.03,14.3,3,1,11,"20170220","2014","제2종일반주거지역",6,6
"1168010700105060002","202009","11710-16592","서**별**은** **동**2**4**","11470","12500","1","0244","0018",127.109056722341,37.486122574416,"스*이*","","02000","공동주택",198.5,117.04,59.68,2515.28,465.03,209.92,0,2,0,7,"20071214","2002","도시지역",14,4
"1162010100107280049","202010","11200-11805","서**별**강** **동**6**1**","11500","10300","1","0095","0063",127.033782506514,37.591471359093,"","","02000","공동주택",116.36,78.06,59.71,368.88,610.63,254.59,13.8,3,1,8,"20200513","2002","제2종일반주거지역",12,4
"1162010100104570139","202003","11500-4535","서**별**구** **동**4**6**","11620","10200","1","0953","0005",127.091890275112,37.5034300411,"","성원쉐르빌","02000","공동주택",164.8,185.33,53.17,1084.9,533.98,0,15.4,4,1,9,"20090113","0","제2종일반주거지역",8,7
"1138010200100900010","202101","11440-100237534","서**별**서** **동**1**9**","11470","10500","1","0352","0016",127.07437563649,37.448154372557,"혜*팰*스","","02000","공동주택",334.2,127.68,0,594.88,538.53,228.66,0,4,0,8,"19890412","2002","",8,6
