대지위치,법정동코드명,대지면적,주용도코드명,기타용도내용,세대수,사용승인일자
서울특별시 양천구 신정동 1218-1,신정동,0.0,공동주택,경비실,0.0,2003-11-21
서울특별시 금천구 시흥동 1013,시흥동,0.0,공동주택,경비실,0.0,2004-08-06
서울특별시 금천구 시흥동 268-46,시흥동,0.0,공동주택,경비실,0.0,2002-12-06
서울특별시 용산구 이촌동 414,이촌동,0.0,공동주택,경비실,0.0,1999-11-01
서울특별시 강북구 미아동 1353,미아동,0.0,공동주택,경비실,1.0,2004-05-07
서울특별시 강북구 미아동 1357,미아동,0.0,공동주택,경비실,0.0,2003-12-30
서울특별시 관악구 봉천동 1739,봉천동,,공동주택,경비실,,2025-03-13
서울특별시 서초구 잠원동 165,잠원동,,공동주택,경비실,0.0,2023-06-27
서울특별시 성동구 성수동1가 708,성수동1가,,공동주택,경비실,,1999-06-11
서울특별시 성동구 성수동1가 708,성수동1가,,공동주택,경비실,,1999-06-11
서울특별시 도봉구 창동 825,창동,0.0,공동주택,경비실,0.0,2004-07-30
서울특별시 마포구 창전동 439,창전동,0.0,공동주택,경비실1,0.0,2003-11-28
서울특별시 강북구 미아동 1353,미아동,0.0,공동주택,경비실,1.0,2004-05-07
서울특별시 성동구 행당동 349,행당동,0.0,공동주택,경비실,0.0,2003-12-23
서울특별시 성북구 길음동 1281,길음동,0.0,공동주택,경비실,0.0,2005-04-20
서울특별시 중랑구 상봉동 497,상봉동,0.0,공동주택,경비실,0.0,2003-08-05
서울특별시 성북구 길음동 1281,길음동,0.0,공동주택,경비실,0.0,2005-04-20
서울특별시 금천구 시흥동 1026,시흥동,,공동주택,경비실,,2014-08-14
서울특별시 송파구 장지동 849,장지동,,공동주택,경비실,,2008-08-12
서울특별시 강남구 역삼동 763-16,역삼동,19521.0,공동주택,"경비실,화장실",,2009-12-28
서울특별시 강서구 방화동 579,방화동,13410.0,공동주택,경비실,0.0,2004-05-11
서울특별시 서초구 방배동 849-30,방배동,,공동주택,경비실,,2009-07-01
서울특별시 마포구 대흥동 804,대흥동,,공동주택,경비실,,2014-03-06
서울특별시 마포구 상암동 1743,상암동,,공동주택,경비실,,2010-10-14
서울특별시 양천구 목동 722-5,목동,0.0,공동주택,경비실,0.0,2003-05-17
서울특별시 강남구 자곡동 686,자곡동,,공동주택,경비실,,2014-03-14
서울특별시 강남구 세곡동 525,세곡동,,공동주택,경비실,,2011-11-01
서울특별시 도봉구 방학동 735,방학동,0.0,공동주택,경비실,0.0,1996-06-12
서울특별시 노원구 공릉동 108,공릉동,0.0,공동주택,경비실,0.0,2000-05-04
서울특별시 노원구 중계동 361-1,중계동,0.0,공동주택,경비실,0.0,1993-07-31
서울특별시 노원구 중계동 361-1,중계동,0.0,공동주택,경비실,0.0,1993-07-31
서울특별시 성동구 성수동1가 708,성수동1가,,공동주택,경비실,,1999-06-11
서울특별시 구로구 천왕동 275,천왕동,,공동주택,경비실,,2011-06-17
서울특별시 동대문구 휘경동 109,휘경동,0.0,공동주택,경비실,0.0,2003-07-15
서울특별시 송파구 잠실동 19,잠실동,,공동주택,경비실,,2008-09-30
서울특별시 성동구 성수동1가 708,성수동1가,,공동주택,경비실,,1999-06-11
서울특별시 마포구 신공덕동 170,신공덕동,,공동주택,경비실,,2009-02-19
서울특별시 마포구 아현동 777,아현동,,공동주택,경비실-2,,2014-09-26
서울특별시 구로구 구로동 1281,구로동,0.0,공동주택,경비실,0.0,2006-06-27
서울특별시 마포구 아현동 777,아현동,,공동주택,경비실-1,,2014-09-26
서울특별시 마포구 아현동 777,아현동,,공동주택,경비실-2,,2014-09-26
서울특별시 마포구 성산동 667,성산동,,공동주택,"지하주차장,펌프실,전기실,발전기실,통합경비실,팬룸",,2009-03-05
서울특별시 강서구 방화동 875,방화동,17791.3,공동주택,경비실-3,0.0,2003-11-29
서울특별시 강서구 방화동 880,방화동,8728.8,공동주택,경비실,0.0,2004-12-23
서울특별시 마포구 상암동 1618,상암동,,공동주택,경비실,,2009-06-22
서울특별시 동대문구 답십리동 1013,답십리동,,공동주택,경비실2,,2019-04-05
서울특별시 강동구 길동 483,길동,,공동주택,경비실2,0.0,2024-10-10
서울특별시 강서구 내발산동 751,내발산동,25157.6,공동주택,경비실,0.0,2007-10-04
서울특별시 강남구 대치동 1027,대치동,,공동주택,경비실,,2015-09-22
서울특별시 강남구 개포동 1282,개포동,,공동주택,경비실,,2020-09-28
서울특별시 강남구 역삼동 711-3,역삼동,,공동주택,경비실,,2016-06-22
서울특별시 마포구 상암동 1736,상암동,,공동주택,경비실,,2010-07-20
서울특별시 마포구 상수동 395,상수동,0.0,공동주택,경비실,0.0,2004-06-22
서울특별시 강북구 미아동 474,미아동,0.0,공동주택,경비실,0.0,2006-04-25
서울특별시 마포구 신수동 459,신수동,,공동주택,경비실2,,2009-12-29
서울특별시 구로구 신도림동 646,신도림동,0.0,공동주택,경비실,0.0,2003-05-27
서울특별시 영등포구 당산동5가 43,당산동5가,,공동주택,"경비실,맘스카페",,2020-04-28
서울특별시 마포구 상암동 1752,상암동,,공동주택,경비실,,2010-10-14
서울특별시 성북구 성북동 330-312,성북동,820.0,단독주택,경비실,,2012-03-26
서울특별시 마포구 공덕동 469,공덕동,,공동주택,"주차장-2,기전실-2,경비실-1",,2011-08-25
서울특별시 송파구 잠실동 19,잠실동,,공동주택,경비실,,2008-09-30
서울특별시 마포구 하중동 101,하중동,,공동주택,경비실,,2010-02-26
서울특별시 관악구 봉천동 1712,봉천동,0.0,공동주택,경비실,0.0,2003-09-06
서울특별시 관악구 봉천동 1740,봉천동,,공동주택,경비실,,2025-03-13
서울특별시 마포구 신공덕동 174,신공덕동,,공동주택,경비실,,2013-03-26
서울특별시 영등포구 양평동3가 102,양평동3가,0.0,공동주택,경비실,0.0,2004-10-13
서울특별시 은평구 구산동 382,구산동,0.0,공동주택,경비실,0.0,1998-11-28
서울특별시 관악구 봉천동 1741,봉천동,,공동주택,경비실,,2025-03-13
서울특별시 송파구 오금동 617,오금동,,공동주택,경비실,,2018-06-05
서울특별시 강서구 등촌동 4-80,등촌동,0.0,문화및집회시설,"식물원, 경비실",0.0,1976-11-19
서울특별시 마포구 대흥동 806,대흥동,,공동주택,경비실,,2020-02-21
서울특별시 송파구 송파동 171,송파동,,공동주택,경비실,0.0,1992-12-17
서울특별시 마포구 공덕동 479,공덕동,,공동주택,"관리사무소,MDF실,방재실,경비실,경로당,어린이집,작은도서관,피트니스,기계실,전기실,발전기실,감시실,제연휀룸",,2021-11-18
서울특별시 서초구 방배동 930-1,방배동,0.0,공동주택,"지하주차장,전기,펌프실,경비실",0.0,2006-05-30
서울특별시 송파구 장지동 857,장지동,,공동주택,경비실,,2011-01-27
서울특별시 양천구 신월동 1036,신월동,,공동주택,경비실,,2008-06-27
서울특별시 강동구 강일동 699,강일동,,공동주택,경비실,,2009-04-06
서울특별시 양천구 신정동 1314,신정동,,공동주택,경비실,,2010-02-02
서울특별시 성동구 성수동1가 714,성수동1가,0.0,공동주택,경비실,0.0,2003-09-25
서울특별시 양천구 신월동 1057,신월동,,공동주택,"관리실,방재실,경로당,경비실,보육시설,MDF실,지하주차장,기계실,전기실,주민공동시설,문고",,2010-10-14
서울특별시 송파구 장지동 856,장지동,0.0,공동주택,경비실,0.0,2007-08-20
서울특별시 구로구 오류동 31-4,오류동,0.0,공동주택,경비실,0.0,2006-10-02
서울특별시 강동구 암사동 400,암사동,0.0,공동주택,통합경비실,0.0,2004-08-30
서울특별시 성북구 정릉동 239,정릉동,0.0,공동주택,경비실,0.0,2005-12-28
서울특별시 성북구 하월곡동 222,하월곡동,0.0,공동주택,경비실,0.0,2003-04-30
서울특별시 강서구 화곡동 1159,화곡동,106164.2,공동주택,경비실,,2008-01-08
서울특별시 강서구 내발산동 749,내발산동,36518.3,공동주택,경비실,,2008-06-10
서울특별시 성동구 금호동1가 633,금호동1가,0.0,공동주택,공동주택(아파트및경비실),125.0,2001-12-03
서울특별시 성동구 금호동1가 633,금호동1가,0.0,공동주택,공동주택(아파트및경비실),234.0,2001-12-03
서울특별시 동대문구 장안동 575,장안동,0.0,공동주택,"경로당,경비실,감시제어반실,관리사무소,엠디에프실",0.0,2007-05-25
서울특별시 은평구 진관동 83,진관동,,공동주택,경비실,,2009-12-23
서울특별시 양천구 신정동 276,신정동,,공동주택,"아파트, 경비실, 관리노인정, 탁아소",202.0,1995-12-11
서울특별시 서초구 잠원동 50-1,잠원동,0.0,공동주택,경비실,0.0,2004-04-28
서울특별시 중구 신당동 850,신당동,0.0,공동주택,경비실,0.0,2005-12-28
서울특별시 은평구 진관동 2,진관동,,공동주택,경비실,,2008-05-14
서울특별시 서초구 반포동 84-2,반포동,0.0,공동주택,경비실,0.0,2003-02-13
서울특별시 구로구 신도림동 646,신도림동,0.0,공동주택,경비실,0.0,2003-05-27
서울특별시 강서구 염창동 312,염창동,,공동주택,"경비실,재활용품보관소",,2020-12-30
서울특별시 구로구 고척동 340,고척동,,공동주택,경비실2,,2009-07-30
서울특별시 성동구 성수동2가 843,성수동2가,,공동주택,"노인정,방제센타,보육시설,관리사무소,출동경비실,엠디에프실",,2009-06-09
서울특별시 양천구 신월동 1023,신월동,0.0,공동주택,경비실,0.0,2003-12-16
서울특별시 마포구 공덕동 464,공덕동,0.0,제2종근린생활시설,경비실,0.0,2005-11-17
서울특별시 노원구 하계동 354,하계동,0.0,공동주택,경비실,0.0,1999-02-12
서울특별시 서초구 잠원동 50-1,잠원동,0.0,공동주택,경비실,0.0,2004-04-28
서울특별시 성북구 안암동1가 361,안암동1가,0.0,공동주택,경비실,0.0,2005-06-16
서울특별시 강서구 등촌동 713,등촌동,7130.0,공동주택,경비실,0.0,2003-10-30
서울특별시 동작구 상도동 533,상도동,,공동주택,경비실3,,2013-08-14
서울특별시 강서구 내발산동 749,내발산동,36518.3,공동주택,경비실,,2008-06-10
서울특별시 강서구 방화동 852,방화동,28726.58,공동주택,경비실,0.0,1995-05-14
서울특별시 성북구 안암동1가 361,안암동1가,0.0,공동주택,경비실,0.0,2005-06-16
서울특별시 서초구 서초동 1420-18,서초동,0.0,공동주택,"경비실,엠디에프실",0.0,2005-12-27
서울특별시 은평구 녹번동 283,녹번동,,공동주택,경비실,,2019-08-01
서울특별시 서초구 서초동 1359-50,서초동,0.0,공동주택,경비실,0.0,
서울특별시 서초구 서초동 1350-13,서초동,0.0,공동주택,경비실,0.0,
서울특별시 금천구 시흥동 1013-4,시흥동,0.0,공동주택,경비실,0.0,2004-08-06
서울특별시 서초구 서초동 1455-9,서초동,0.0,공동주택,경비실.노인정.관리사무소,0.0,
서울특별시 성북구 정릉동 210,정릉동,0.0,공동주택,경비실,0.0,2003-10-04
서울특별시 서초구 서초동 1620-20,서초동,0.0,공동주택,경비실,0.0,2005-03-23
서울특별시 성북구 정릉동 210,정릉동,0.0,공동주택,경비실,0.0,2003-10-04
서울특별시 성북구 보문동3가 2,보문동3가,0.0,공동주택,경비실,0.0,2003-08-30
서울특별시 마포구 창전동 449,창전동,,공동주택,경비실,,2019-05-24
서울특별시 은평구 불광동 645-1,불광동,2436.7,공동주택,"경비실,창고",,2018-11-29
서울특별시 중랑구 망우동 580-1,망우동,0.0,공동주택,경비실,0.0,2006-04-28
서울특별시 서초구 서초동 1476-18,서초동,0.0,공동주택,경비실,0.0,2005-12-23
서울특별시 서초구 서초동 1491-31,서초동,0.0,공동주택,경비실,0.0,2004-12-09
서울특별시 서초구 서초동 1467-37,서초동,0.0,공동주택,경비실,0.0,2005-12-23
서울특별시 은평구 구산동 355-98,구산동,0.0,공동주택,경비실,0.0,1991-12-28
서울특별시 은평구 진관동 60,진관동,4945.4,공동주택,"주차장,전기실,발전기실,기계실,중앙감시실,빗물기계실,창고,관리사무소/방재실,경비실,MDF실",,2017-09-28
서울특별시 성북구 정릉동 239,정릉동,0.0,공동주택,경비실,0.0,2005-12-28
서울특별시 성북구 정릉동 239,정릉동,0.0,공동주택,경비실,0.0,2005-12-28
서울특별시 성동구 금호동4가 1250,금호동4가,0.0,공동주택,경비실,0.0,2003-01-09
서울특별시 강북구 미아동 1357,미아동,0.0,공동주택,경비실,0.0,2003-12-30
서울특별시 관악구 신림동 1730,신림동,0.0,공동주택,경비실,0.0,2005-06-21
서울특별시 강남구 수서동 723,수서동,,공동주택,통합경비실,,2011-09-02
서울특별시 성북구 정릉동 435,정릉동,0.0,공동주택,경비실,0.0,2005-11-16
서울특별시 관악구 신림동 1726,신림동,0.0,공동주택,"경비실,광통신단자함실",0.0,2004-06-11
서울특별시 성북구 정릉동 494,정릉동,0.0,공동주택,경비실,0.0,2004-04-30
서울특별시 관악구 봉천동 1712,봉천동,0.0,공동주택,경비실,0.0,2003-09-06
서울특별시 서초구 방배동 957-7,방배동,0.0,공동주택,경비실,0.0,
서울특별시 성북구 정릉동 1028,정릉동,0.0,공동주택,경비실,0.0,2006-06-02
서울특별시 성북구 정릉동 1025,정릉동,0.0,공동주택,경비실,0.0,2004-12-23
서울특별시 성북구 정릉동 239,정릉동,0.0,공동주택,경비실,0.0,2005-12-28
서울특별시 마포구 염리동 521,염리동,0.0,공동주택,경비실,1.0,2003-12-05
서울특별시 송파구 잠실동 22,잠실동,,공동주택,경비실,,2008-07-31
서울특별시 성북구 길음동 1280,길음동,0.0,공동주택,경비실,0.0,2005-04-20
서울특별시 성북구 길음동 1279,길음동,0.0,공동주택,경비실,0.0,2003-01-29
서울특별시 성북구 길음동 1279,길음동,0.0,공동주택,경비실,0.0,2003-01-29
서울특별시 성북구 길음동 1280,길음동,0.0,공동주택,경비실,0.0,2005-04-20
서울특별시 성북구 정릉동 1028,정릉동,0.0,공동주택,"관리실,경로당,주민공동시설,보육시설,경비실",0.0,2006-06-02
서울특별시 성북구 길음동 1280,길음동,0.0,공동주택,경비실,0.0,2005-04-20
서울특별시 성북구 길음동 1280,길음동,0.0,공동주택,경비실,0.0,2005-04-20
서울특별시 성북구 길음동 1280,길음동,0.0,공동주택,경비실,0.0,2005-04-20
서울특별시 성북구 정릉동 239,정릉동,0.0,공동주택,경비실,0.0,2005-12-28
서울특별시 성북구 길음동 1278,길음동,0.0,공동주택,경비실,0.0,2003-03-31
서울특별시 송파구 장지동 842,장지동,,공동주택,경비실,,2008-10-20
서울특별시 마포구 상암동 1658,상암동,0.0,공동주택,경비실,0.0,2005-09-20
서울특별시 성북구 길음동 1278-1,길음동,0.0,공동주택,경비실,0.0,2003-05-02
서울특별시 성북구 길음동 1281,길음동,0.0,공동주택,경비실,0.0,2005-04-20
서울특별시 성북구 길음동 1281,길음동,0.0,공동주택,경비실,0.0,2005-04-20
서울특별시 성북구 하월곡동 225,하월곡동,0.0,공동주택,경비실,0.0,2006-07-19
서울특별시 성북구 길음동 1281,길음동,0.0,공동주택,경비실,0.0,2005-04-20
서울특별시 강동구 강일동 701,강일동,,공동주택,경비실,,2009-03-11
서울특별시 성북구 길음동 1283,길음동,0.0,공동주택,경비실,0.0,2007-07-24
서울특별시 강남구 세곡동 516,세곡동,,공동주택,경비실,,2011-02-23
서울특별시 성북구 길음동 1282,길음동,0.0,공동주택,경비실,0.0,2006-06-23
서울특별시 강남구 도곡동 538-3,도곡동,,공동주택,경비실,,2016-09-02
서울특별시 서초구 서초동 1568-1,서초동,0.0,공동주택,경비실,0.0,
서울특별시 강동구 고덕동 688,고덕동,,공동주택,경비실,,2016-12-29
서울특별시 양천구 신월동 1048,신월동,0.0,공동주택,경비실,0.0,2006-09-15
서울특별시 서초구 반포동 1341,반포동,,공동주택,경비실1,,2018-08-31
서울특별시 구로구 천왕동 276-2,천왕동,,공동주택,"경비실,택배보관소",,2018-09-17
서울특별시 광진구 자양동 813,자양동,,공동주택,경비실,,2008-09-11
서울특별시 광진구 구의동 663,구의동,,공동주택,경비실,,2010-12-30
서울특별시 금천구 시흥동 988-13,시흥동,0.0,공장,경비실,0.0,1974-03-04
서울특별시 성북구 종암동 130,종암동,0.0,공동주택,경비실,0.0,2004-09-24
서울특별시 성북구 종암동 130,종암동,0.0,공동주택,경비실,0.0,2004-09-24
서울특별시 성북구 종암동 130,종암동,0.0,공동주택,경비실,0.0,2004-09-24
서울특별시 성동구 금호동4가 1507,금호동4가,0.0,공동주택,경비실,0.0,2007-03-30
서울특별시 서초구 서초동 1607-6,서초동,0.0,공동주택,경비실,0.0,
서울특별시 성북구 하월곡동 222-1,하월곡동,0.0,공동주택,경비실,0.0,2003-04-30
서울특별시 성북구 상월곡동 101,상월곡동,0.0,공동주택,경비실,0.0,2003-06-27
서울특별시 동대문구 용두동 794,용두동,,공동주택,경비실,,2015-03-13
서울특별시 성북구 하월곡동 225,하월곡동,0.0,공동주택,경비실,0.0,2006-07-19
서울특별시 성동구 금호동1가 633,금호동1가,0.0,공동주택,경비실,0.0,2001-12-03
서울특별시 성북구 하월곡동 226,하월곡동,0.0,공동주택,경비실,0.0,2007-10-23
서울특별시 성북구 하월곡동 222,하월곡동,0.0,공동주택,경비실,0.0,2003-04-30
서울특별시 성북구 상월곡동 101,상월곡동,0.0,공동주택,경비실,0.0,2003-06-27
서울특별시 강서구 마곡동 747,마곡동,,공동주택,공동주택(경비실2),,2016-08-09
서울특별시 동작구 상도동 903,상도동,,공동주택,경비실,,2018-12-03
서울특별시 서초구 서초동 1620-20,서초동,0.0,공동주택,경비실,0.0,2005-03-22
서울특별시 송파구 장지동 878,장지동,,공동주택,주경비실-1,,2015-01-23
서울특별시 성북구 길음동 1280,길음동,0.0,공동주택,경비실,0.0,2005-04-20
서울특별시 성북구 상월곡동 101,상월곡동,0.0,공동주택,경비실,0.0,2003-06-27
서울특별시 용산구 효창동 286,효창동,,공동주택,경비실,,2018-09-21
서울특별시 구로구 항동 공공주택지구내 도시형생활주택,항동,,공동주택,"경비실,무인택배실",,2019-02-22
서울특별시 성북구 길음동 1280-3,길음동,0.0,공동주택,경비실,0.0,2005-04-20
서울특별시 성북구 길음동 1281,길음동,0.0,공동주택,경비실,0.0,2005-04-20
서울특별시 강남구 자곡동 수서역세권 공공주택지구내,자곡동,,공동주택,경비실,,2023-06-13
서울특별시 중랑구 망우동 583,망우동,,공동주택,경비실,,2012-08-31
서울특별시 성동구 금호동4가 340,금호동4가,,공동주택,경비실,,2007-07-31
서울특별시 강북구 미아동 1353,미아동,0.0,공동주택,경비실,1.0,2004-05-07
서울특별시 노원구 상계동 1293,상계동,0.0,공동주택,경비실,0.0,1999-12-10
서울특별시 도봉구 도봉동 593-37,도봉동,7876.0,공동주택,공동주택(경비실),,2016-09-13
서울특별시 중랑구 묵동 387,묵동,0.0,공동주택,경비실,0.0,2004-03-11
서울특별시 노원구 월계동 18,월계동,0.0,공동주택,경비실,0.0,2002-10-18
서울특별시 구로구 항동 242,항동,,공동주택,"경비실,무인택배보관실",,2019-02-25
서울특별시 구로구 항동 242,항동,,공동주택,경비실,,2019-02-25
서울특별시 노원구 월계동 775,월계동,0.0,공동주택,경비실,0.0,1998-07-29
서울특별시 강북구 미아동 1356,미아동,0.0,공동주택,경비실(2),0.0,2003-06-20
서울특별시 도봉구 도봉동 654,도봉동,0.0,공동주택,경비실,0.0,2003-03-15
서울특별시 강남구 세곡동 533,세곡동,,공동주택,경비실,,2012-08-31
서울특별시 강남구 세곡동 508,세곡동,,공동주택,경비실,,2011-02-23
서울특별시 마포구 상암동 1674,상암동,0.0,공동주택,경비실,0.0,2008-02-01
서울특별시 용산구 이촌동 426,이촌동,0.0,공동주택,경비실,0.0,2002-04-30
서울특별시 도봉구 창동 825,창동,0.0,공동주택,경비실,0.0,2004-07-30
서울특별시 강남구 세곡동 522,세곡동,,공동주택,경비실,,2011-06-16
서울특별시 강남구 세곡동 533,세곡동,,공동주택,경비실,,2012-08-31
서울특별시 서대문구 남가좌동 389,남가좌동,,공동주택,경비실,,2019-12-27
서울특별시 은평구 불광동 629,불광동,0.0,공동주택,"경비실,EV,계단실",0.0,1999-12-01
서울특별시 서초구 우면동 730,우면동,,공동주택,경비실,,2011-12-12
서울특별시 성북구 정릉동 1035,정릉동,,공동주택,경비실,,2009-06-08
서울특별시 용산구 이촌동 415,이촌동,0.0,공동주택,공동주택(경비실),0.0,2000-03-31
서울특별시 용산구 서빙고동 296,서빙고동,0.0,공동주택,경비실,0.0,2002-10-14
서울특별시 용산구 이촌동 418,이촌동,0.0,공동주택,경비실,0.0,2001-06-02
서울특별시 서초구 반포동 1341,반포동,,공동주택,경비실2,,2018-08-31
서울특별시 종로구 구기동 150,구기동,0.0,공동주택,경비실,0.0,1992-08-17
서울특별시 은평구 응암동 771,응암동,,공동주택,경비실,,2022-07-14
서울특별시 노원구 월계동 320-9,월계동,0.0,공동주택,통합경비실1,0.0,2009-11-27
서울특별시 은평구 녹번동 281,녹번동,,공동주택,경비실,,2015-07-22
서울특별시 성북구 성북동 330-84,성북동,,단독주택,"경비실,관리실,전기실,펌프실",,2010-02-26
서울특별시 송파구 장지동 849,장지동,,공동주택,경비실,,2008-08-12
서울특별시 은평구 응암동 767,응암동,,공동주택,경비실2,,2020-05-21
서울특별시 서초구 서초동 1487-145,서초동,0.0,공동주택,경비실,0.0,2005-04-27
서울특별시 강서구 내발산동 751,내발산동,25157.6,공동주택,경비실,0.0,2007-10-04
서울특별시 양천구 신월동 1042,신월동,0.0,공동주택,경비실1,0.0,2006-04-18
서울특별시 성북구 돈암동 524,돈암동,0.0,공동주택,경비실,0.0,2005-06-01
서울특별시 은평구 진관동 132,진관동,,공동주택,경비실,,2010-06-14
서울특별시 동대문구 장안동 572,장안동,0.0,공동주택,경비실,0.0,2006-11-17
서울특별시 은평구 불광동 637,불광동,,공동주택,경비실,,2010-08-30
서울특별시 은평구 진관동 5,진관동,,공동주택,경비실,,2008-05-14
서울특별시 금천구 독산동 1140,독산동,0.0,공동주택,경비실,0.0,2004-10-27
서울특별시 은평구 불광동 641,불광동,,공동주택,경비실,,2010-08-25
서울특별시 용산구 이촌동 434,이촌동,0.0,공동주택,경비실,0.0,2005-11-18
서울특별시 동작구 상도동 520,상도동,0.0,공동주택,경비실,0.0,2007-03-29
서울특별시 노원구 상계동 1275,상계동,0.0,공동주택,경비실,0.0,2001-06-07
서울특별시 은평구 진관동 14,진관동,,공동주택,경비실,,2008-05-14
서울특별시 마포구 아현동 777,아현동,,공동주택,경비실-1,,2014-09-26
서울특별시 구로구 천왕동 281,천왕동,,공동주택,경비실,,2014-01-28
서울특별시 구로구 천왕동 281,천왕동,,공동주택,경비실,,2014-01-28
서울특별시 광진구 광장동 582,광장동,,공동주택,경비실,,2012-03-28
서울특별시 마포구 성산동 595,성산동,39883.2,공동주택,통합경비실,,2011-08-31
서울특별시 광진구 구의동 16-3,구의동,30319.8,운동시설,경비실,,
서울특별시 강서구 마곡동 750,마곡동,,공동주택,경비실,,2014-05-29
서울특별시 성북구 석관동 410,석관동,,공동주택,경비실1,,2019-02-28
서울특별시 강서구 화곡동 1145,화곡동,66508.5,공동주택,경비실,0.0,2003-09-06
서울특별시 강서구 화곡동 1145,화곡동,66508.5,공동주택,경비실,0.0,2003-09-06
서울특별시 금천구 독산동 1160,독산동,,업무시설,업무시설(경비실),,2021-05-07
서울특별시 강남구 청담동 14,청담동,0.0,공동주택,경비실,0.0,2006-04-27
서울특별시 강남구 청담동 14,청담동,0.0,공동주택,경비실,0.0,2006-04-27
서울특별시 강서구 화곡동 1145,화곡동,66508.5,공동주택,경비실,0.0,2003-09-06
서울특별시 강서구 화곡동 1145,화곡동,66508.5,공동주택,경비실,0.0,2003-09-06
서울특별시 강서구 화곡동 1145,화곡동,66508.5,공동주택,경비실,0.0,2003-09-06
서울특별시 강남구 역삼동 754-1,역삼동,0.0,공동주택,경비실,0.0,2006-01-02
서울특별시 도봉구 창동 27,창동,0.0,공동주택,경비실,,2017-12-01
서울특별시 강남구 도곡동 527,도곡동,0.0,공동주택,경비실,0.0,2006-01-27
서울특별시 강남구 도곡동 527,도곡동,0.0,공동주택,경비실,0.0,2006-01-27
서울특별시 강남구 도곡동 527,도곡동,0.0,공동주택,경비실,0.0,2006-01-27
서울특별시 금천구 독산동 1147,독산동,,공동주택,경비실1,,2016-11-30
서울특별시 동작구 상도동 903,상도동,,공동주택,경비실,,2018-12-03
서울특별시 강남구 삼성동 7-3,삼성동,0.0,공동주택,경비실,0.0,2007-05-25
서울특별시 관악구 신림동 1704-1,신림동,0.0,공동주택,경비실,0.0,1995-10-06
서울특별시 강남구 삼성동 11,삼성동,0.0,공동주택,경비실,0.0,2007-03-26
서울특별시 동대문구 청량리동 212,청량리동,0.0,공동주택,통합경비실,0.0,2001-09-24
서울특별시 강동구 길동 474,길동,0.0,공동주택,경비실,0.0,2003-11-12
서울특별시 성동구 성수동2가 301-102,성수동2가,0.0,자동차관련시설,"자동차관련시설,경비실",0.0,2004-05-04
서울특별시 관악구 신림동 1721,신림동,0.0,공동주택,경비실,0.0,2004-06-11
서울특별시 영등포구 당산동5가 41,당산동5가,0.0,공동주택,아파트(경비실),0.0,
서울특별시 성북구 석관동 407-4,석관동,2098.0,공동주택,"경비실,MDF실",,2009-06-26
서울특별시 은평구 진관동 150,진관동,,공동주택,경비실,,2015-01-23
서울특별시 성북구 보문동3가 229,보문동3가,,공동주택,경비실,,2013-12-24
서울특별시 은평구 녹번동 283,녹번동,,공동주택,경비실,,2019-08-01
서울특별시 종로구 평창동 45,평창동,0.0,공동주택,경비실,0.0,2004-12-21
서울특별시 종로구 청운동 3,청운동,0.0,제2종근린생활시설,경비실,0.0,1990-11-27
서울특별시 종로구 평창동 45,평창동,0.0,공동주택,경비실,0.0,2004-12-21
서울특별시 성동구 하왕십리동 1070,하왕십리동,,공동주택,"경비실,문주",,2016-11-29
서울특별시 영등포구 문래동3가 97,문래동3가,0.0,공동주택,경비실,0.0,2006-09-29
서울특별시 영등포구 신길동 4497,신길동,0.0,공동주택,경비실,0.0,2005-11-10
서울특별시 강서구 내발산동 745,내발산동,12654.9,공동주택,경비실,0.0,2006-11-13
서울특별시 광진구 자양동 548-4,자양동,0.0,제1종근린생활시설,경비실,0.0,1983-07-20
서울특별시 강남구 세곡동 525,세곡동,,공동주택,경비실,,2011-11-01
서울특별시 마포구 성산동 667,성산동,,공동주택,경비실,,2009-03-05
서울특별시 서대문구 남가좌동 385,남가좌동,,공동주택,경비실2(택지3),,2015-10-26
서울특별시 금천구 독산동 1140,독산동,,공동주택,경비실,0.0,2004-10-27
서울특별시 구로구 고척동 337,고척동,0.0,공동주택,경비실,0.0,2005-12-29
서울특별시 은평구 응암동 767,응암동,,공동주택,경비실1,,2020-05-21
서울특별시 서대문구 현저동 200,현저동,,공동주택,경비실,,
서울특별시 서대문구 남가좌동 390,남가좌동,,공동주택,경비실,,2020-04-23
서울특별시 서대문구 홍제동 473,홍제동,,공동주택,"주민공동시설,경비실",,2020-06-22
서울특별시 서대문구 남가좌동 389,남가좌동,,공동주택,경비실,,2019-12-27
서울특별시 강남구 개포동 1281,개포동,,공동주택,경비실,,2019-08-29
서울특별시 은평구 진관동 3,진관동,,공동주택,경비실,,2008-05-14
서울특별시 은평구 진관동 28,진관동,,공동주택,경비실,,2010-11-30
서울특별시 관악구 봉천동 1712,봉천동,0.0,공동주택,경비실,0.0,2003-09-06
서울특별시 송파구 거여동 651,거여동,,공동주택,"경비실,택배보관함",,2021-08-06
서울특별시 송파구 거여동 696,거여동,,공동주택,경비실,,2021-05-17
서울특별시 강동구 천호동 333-55,천호동,0.0,공동주택,경비실,0.0,2005-10-28
서울특별시 은평구 진관동 101,진관동,,공동주택,경비실,,2009-01-12
서울특별시 성동구 금호동1가 633,금호동1가,0.0,공동주택,경비실,0.0,2001-12-03
서울특별시 서초구 방배동 2626,방배동,0.0,공동주택,경비실,0.0,2003-10-01
서울특별시 중랑구 면목동 581,면목동,0.0,공동주택,경비실,0.0,2003-04-01
서울특별시 성북구 정릉동 1033,정릉동,,공동주택,경비실,,2009-04-16
서울특별시 은평구 진관동 107,진관동,,공동주택,경비실,,2009-11-13
서울특별시 송파구 장지동 843,장지동,,공동주택,경비실,,2007-12-24
서울특별시 중랑구 면목동 1531,면목동,0.0,공동주택,경비실,0.0,2007-03-15
서울특별시 송파구 장지동 905,장지동,,공동주택,경비실,,2017-09-28
서울특별시 송파구 잠실동 19,잠실동,,공동주택,경비실,,2008-09-30
서울특별시 송파구 잠실동 19,잠실동,,공동주택,경비실,,2008-09-30
서울특별시 중랑구 면목동 1508,면목동,0.0,공동주택,경비실,0.0,2003-07-31
서울특별시 송파구 송파동 243,송파동,,공동주택,경비실,,2012-01-06
서울특별시 송파구 잠실동 19,잠실동,,공동주택,경비실,,2008-09-30
서울특별시 마포구 용강동 502,용강동,,공동주택,경비실A,,2015-02-27
서울특별시 중랑구 면목동 665-2,면목동,0.0,종교시설,경비실,0.0,1999-04-29
서울특별시 중랑구 면목동 715,면목동,0.0,공동주택,경비실,0.0,2002-11-30
서울특별시 중랑구 면목동 715,면목동,0.0,공동주택,경비실,0.0,2002-11-30
서울특별시 중랑구 면목동 715,면목동,0.0,공동주택,경비실,0.0,2002-11-30
서울특별시 송파구 장지동 885,장지동,,공동주택,"경비실,무인택배실",,2017-01-06
서울특별시 송파구 잠실동 22,잠실동,,공동주택,경비실,,2008-07-31
서울특별시 중랑구 면목동 1529,면목동,0.0,공동주택,경비실,0.0,2006-11-30
서울특별시 중구 신당동 855,신당동,,공동주택,경비실,,2019-06-07
서울특별시 도봉구 도봉동 655,도봉동,0.0,공동주택,경비실,0.0,2005-02-18
서울특별시 강동구 강일동 665,강일동,,공동주택,경비실,,2009-03-11
서울특별시 강동구 암사동 518,암사동,,공동주택,경비실,,2009-08-10
서울특별시 중랑구 상봉동 497,상봉동,0.0,공동주택,경비실,0.0,2003-08-05
서울특별시 구로구 항동 236,항동,,공동주택,"경비실,택배보관실",,2019-12-06
서울특별시 성북구 정릉동 1030,정릉동,0.0,공동주택,경비실,0.0,2007-05-18
서울특별시 성북구 정릉동 239,정릉동,0.0,공동주택,경비실,0.0,2005-12-28
서울특별시 구로구 개봉동 492,개봉동,,공동주택,경비실,,2014-05-20
서울특별시 성북구 길음동 1287-1,길음동,,공동주택,경비실,,2019-05-07
서울특별시 성북구 길음동 1284-9,길음동,3052.1,공동주택,경비실,,2010-06-30
서울특별시 성북구 보문동3가 229,보문동3가,,공동주택,"지하주차장,기계전기실,관리사무소,경비실",,2013-12-24
서울특별시 동대문구 용두동 794,용두동,,공동주택,경비실,,2015-03-13
서울특별시 동대문구 답십리동 1014,답십리동,,공동주택,경비실-3,,2019-01-22
서울특별시 동작구 상도동 531,상도동,,공동주택,경비실,,2012-09-25
서울특별시 용산구 동빙고동 316,동빙고동,,공동주택,경비실,,2011-04-28
서울특별시 성동구 옥수동 528,옥수동,,공동주택,경비실,,2016-11-09
서울특별시 성북구 길음동 1281,길음동,0.0,공동주택,경비실,0.0,2005-04-20
서울특별시 성북구 길음동 1281-1,길음동,0.0,공동주택,경비실,0.0,2006-01-17
서울특별시 성북구 정릉동 406,정릉동,0.0,공동주택,경비실,0.0,2005-11-28
서울특별시 마포구 망원동 496,망원동,0.0,공동주택,경비실,0.0,2002-10-02
서울특별시 강남구 도곡동 527,도곡동,0.0,공동주택,경비실,0.0,2006-01-27
서울특별시 동대문구 휘경동 375,휘경동,,공동주택,경비실,,2021-03-15
서울특별시 동작구 상도동 535,상도동,,공동주택,경비실-2,,2016-01-27
서울특별시 성동구 하왕십리동 1050,하왕십리동,0.0,공동주택,"주차장,경비실",0.0,2004-01-06
서울특별시 강동구 길동 483,길동,,공동주택,경비실1,0.0,2024-10-10
서울특별시 동대문구 이문동 311,이문동,0.0,공동주택,경비실,0.0,2004-04-13
서울특별시 성동구 마장동 831,마장동,0.0,공동주택,경비실,0.0,2006-11-21
서울특별시 성동구 하왕십리동 1052,하왕십리동,0.0,공동주택,경비실,0.0,2001-10-05
서울특별시 성동구 하왕십리동 1058,하왕십리동,0.0,공동주택,경비실,0.0,2001-12-14
서울특별시 성동구 하왕십리동 1061,하왕십리동,0.0,공동주택,경비실,0.0,2004-11-30
서울특별시 성동구 금호동1가 1823,금호동1가,,공동주택,"관리사무소,방재실,MDF실,작은도서관,주민공동시설,경비실,전기실,기계실,비상전원실,펌프실,지하주차장",,2019-05-09
서울특별시 중랑구 면목동 1545,면목동,,공동주택,경비실,,2020-07-30
서울특별시 영등포구 신길동 4967,신길동,,공동주택,공동주택(주경비실),,2022-02-17
서울특별시 성북구 종암동 133,종암동,,공동주택,경비실,,2009-10-29
서울특별시 동작구 흑석동 336,흑석동,,공동주택,경비실,,2012-08-02
서울특별시 노원구 상계동 1293,상계동,0.0,공동주택,경비실,0.0,1999-12-10
서울특별시 강남구 자곡동 687,자곡동,,공동주택,경비실,,2014-03-13
서울특별시 관악구 봉천동 1728,봉천동,,공동주택,"지하주차장,전기실,펌프실,발전기실,경비실",,2014-09-19
서울특별시 도봉구 방학동 713,방학동,0.0,공동주택,공동주택(경비실),0.0,2003-04-30
서울특별시 중랑구 망우동 621,망우동,,공동주택,경비실,,2021-11-30
서울특별시 강남구 세곡동 511,세곡동,,공동주택,경비실,,2011-02-23
서울특별시 강남구 세곡동 579,세곡동,,공동주택,경비실,,2013-06-12
서울특별시 강남구 세곡동 579,세곡동,,공동주택,경비실,,2013-06-12
서울특별시 영등포구 당산동4가 97,당산동4가,,공동주택,"관리사무실,경비실",,2013-07-05
서울특별시 서초구 잠원동 34-1,잠원동,0.0,공동주택,경비실,0.0,2005-09-15
서울특별시 양천구 목동 900-21,목동,,업무시설,경비실,,2011-01-10
서울특별시 노원구 월계동 18,월계동,0.0,공동주택,경비실,0.0,2002-10-18
서울특별시 송파구 장지동 883,장지동,,공동주택,경비실,,2016-07-19
서울특별시 강북구 미아동 796,미아동,0.0,공동주택,경비실,0.0,2008-01-25
서울특별시 성북구 종암동 133-1,종암동,,공동주택,경비실,,2009-10-29
서울특별시 송파구 가락동 913,가락동,,공동주택,경비실,,2018-12-28
서울특별시 송파구 가락동 913,가락동,,공동주택,경비실,,2018-12-28
서울특별시 은평구 진관동 14,진관동,,공동주택,경비실,,2008-05-14
서울특별시 강서구 화곡동 1148,화곡동,9943.1,공동주택,경비실,0.0,2004-08-06
서울특별시 동대문구 장안동 573,장안동,0.0,공동주택,경비실,0.0,2006-06-08
서울특별시 양천구 신월동 1077,신월동,,공동주택,"경비실,택배보관소",,2020-05-28
서울특별시 서초구 우면동 712,우면동,,공동주택,경비실,,2012-04-26
서울특별시 중랑구 신내동 802,신내동,0.0,공동주택,경비실,0.0,2005-04-18
서울특별시 강서구 마곡동 743-4,마곡동,,공동주택,경비실,,2014-06-12
서울특별시 송파구 거여동 607,거여동,,공동주택,경비실-2,,2022-01-28
서울특별시 은평구 응암동 766,응암동,,공동주택,경비실(1~2),,2021-04-12
서울특별시 강서구 방화동 807,방화동,7909.9,공동주택,통합경비실,,2011-10-17
서울특별시 동대문구 장안동 329-3,장안동,0.0,공동주택,경비실,0.0,2007-06-28
서울특별시 동대문구 휘경동 366,휘경동,0.0,공동주택,경비실,0.0,2007-05-18
서울특별시 동대문구 휘경동 366,휘경동,0.0,공동주택,경비실,0.0,2007-05-18
서울특별시 송파구 마천동 607,마천동,,공동주택,경비실,,2011-01-27
서울특별시 노원구 상계동 680,상계동,,공동주택,"경비실,택배보관소",,2020-11-25
서울특별시 구로구 구로동 1273,구로동,0.0,공동주택,"경비실,관리사무실",0.0,
서울특별시 동대문구 이문동 225,이문동,0.0,공동주택,경비실,0.0,2003-07-09
서울특별시 동대문구 이문동 225,이문동,0.0,공동주택,경비실,0.0,2003-07-09
서울특별시 동대문구 장안동 555-1,장안동,0.0,공동주택,경비실,0.0,1996-06-11
서울특별시 서대문구 홍은동 467,홍은동,,공동주택,경비실,,2020-07-21
서울특별시 동작구 신대방동 713,신대방동,0.0,공동주택,경비실,0.0,2003-08-02
서울특별시 동작구 상도동 418,상도동,0.0,공동주택,경비실,0.0,2003-11-20
서울특별시 구로구 고척동 351,고척동,45595.7,공동주택,경비실,0.0,2022-08-31
서울특별시 마포구 공덕동 479,공덕동,,공동주택,"관리사무소,MDF실,방재실,경비실,경로당,어린이집,작은도서관,주민공동시설,기계실,전기실,발전기실,감시실",,2021-11-18
서울특별시 동대문구 장안동 327,장안동,0.0,공동주택,경비실,0.0,2004-06-16
서울특별시 동대문구 이문동 425,이문동,0.0,공동주택,경비실,0.0,2001-11-07
서울특별시 동대문구 청량리동 949,청량리동,0.0,공동주택,경비실,0.0,2004-07-07
서울특별시 동작구 상도동 412,상도동,0.0,공동주택,경비실,0.0,2003-06-16
서울특별시 강동구 성내동 606,성내동,,공동주택,경비실,,2016-08-18
서울특별시 관악구 봉천동 1716,봉천동,0.0,공동주택,경비실2,0.0,2003-06-12
서울특별시 은평구 녹번동 282,녹번동,,공동주택,경비실,,2019-05-09
서울특별시 관악구 봉천동 1712,봉천동,0.0,공동주택,경비실,0.0,2003-09-06
서울특별시 구로구 천왕동 274,천왕동,,공동주택,아파트(경비실),,2017-02-07
서울특별시 동대문구 제기동 153,제기동,0.0,공동주택,경비실,0.0,2003-06-13
서울특별시 동대문구 장안동 332-5,장안동,,종교시설,문화집회시설(경비실),0.0,2008-11-07
서울특별시 서초구 방배동 1514,방배동,,교육연구시설,경비실,0.0,
서울특별시 강남구 삼성동 43,삼성동,0.0,공동주택,경비실,0.0,2005-11-29
서울특별시 강남구 역삼동 757,역삼동,0.0,공동주택,경비실,0.0,2005-10-26
서울특별시 성북구 동소문동7가 23,동소문동7가,0.0,공동주택,경비실,0.0,2004-07-05
서울특별시 성동구 성수동2가 300-18,성수동2가,0.0,창고시설,"창고시설,경비실",0.0,2003-09-03
서울특별시 성동구 옥수동 561,옥수동,,공동주택,경비실,,2012-12-28
서울특별시 동대문구 장안동 569,장안동,0.0,공동주택,경비실,0.0,2005-12-20
서울특별시 동대문구 제기동 1212,제기동,0.0,공동주택,경비실,0.0,2004-05-11
서울특별시 구로구 천왕동 275,천왕동,,공동주택,경비실,,2011-06-17
서울특별시 구로구 고척동 342,고척동,,공동주택,경비실,,2010-12-01
서울특별시 동대문구 장안동 354-2,장안동,0.0,공동주택,경비실1,0.0,2003-04-30
서울특별시 성동구 용답동 226-4,용답동,0.0,공동주택,경비실,0.0,2007-11-08
서울특별시 동대문구 제기동 153,제기동,0.0,공동주택,경비실,0.0,2003-06-13
서울특별시 도봉구 쌍문동 726,쌍문동,0.0,공동주택,경비실,0.0,2002-11-08
서울특별시 노원구 중계동 599,중계동,0.0,공동주택,경비실,0.0,2005-05-11
서울특별시 노원구 하계동 285,하계동,0.0,공동주택,경비실,0.0,1994-03-19
서울특별시 동작구 상도동 528,상도동,,공동주택,경비실,,2008-10-31
서울특별시 동작구 흑석동 335,흑석동,,공동주택,경비실,,2011-09-16
서울특별시 노원구 월계동 923,월계동,0.0,공동주택,경비실,0.0,1998-04-30
서울특별시 노원구 공릉동 725,공릉동,0.0,공동주택,경비실,0.0,2001-09-17
서울특별시 성북구 길음동 1278,길음동,0.0,공동주택,경비실,0.0,2003-03-31
서울특별시 강서구 화곡동 1159,화곡동,106164.2,공동주택,경비실,,2008-01-08
서울특별시 성북구 길음동 1282,길음동,0.0,공동주택,경비실,0.0,2006-06-23
서울특별시 강남구 세곡동 522,세곡동,,공동주택,경비실,,2011-06-16
서울특별시 강서구 염창동 300,염창동,21164.6,공동주택,경비실,0.0,2005-09-23
서울특별시 강동구 길동 401-1,길동,0.0,공동주택,경비실,0.0,2004-09-03
서울특별시 강동구 강일동 668,강일동,,공동주택,경비실,,2009-03-11
서울특별시 은평구 진관동 144,진관동,,공동주택,"관리사무실,방재실,경비실,MDF실",0.0,2025-06-27
서울특별시 성북구 정릉동 239,정릉동,0.0,공동주택,경비실,0.0,2005-12-28
서울특별시 동대문구 이문동 225-1,이문동,0.0,공동주택,경비실,0.0,2003-07-09
서울특별시 강서구 내발산동 742,내발산동,49086.9,공동주택,경비실,0.0,2007-11-01
서울특별시 성북구 길음동 1280,길음동,0.0,공동주택,경비실,0.0,2005-04-20
서울특별시 성북구 하월곡동 222,하월곡동,0.0,공동주택,경비실,0.0,2003-04-30
서울특별시 구로구 개봉동 498,개봉동,,공동주택,경비실,,2020-07-20
서울특별시 강남구 역삼동 713-7,역삼동,,공동주택,주차장경비실,,
서울특별시 노원구 공릉동 725,공릉동,0.0,공동주택,경비실,0.0,2001-09-17
서울특별시 성북구 돈암동 524,돈암동,0.0,공동주택,경비실,0.0,2005-06-01
서울특별시 성북구 돈암동 524,돈암동,0.0,공동주택,경비실,0.0,2005-06-01
서울특별시 서초구 반포동 18-1,반포동,,공동주택,(경비실),,2009-07-14
서울특별시 송파구 오금동 617,오금동,,공동주택,경비실,,2018-06-05
서울특별시 광진구 자양동 861,자양동,,공동주택,경비실,,2021-08-30
서울특별시 성북구 돈암동 524,돈암동,0.0,공동주택,경비실,0.0,2005-06-01
서울특별시 서대문구 남가좌동 385,남가좌동,,공동주택,경비실2(택지1),,2015-10-26
서울특별시 구로구 개봉동 489,개봉동,0.0,공동주택,경비실,0.0,2006-06-19
서울특별시 서초구 방배동 844-27,방배동,0.0,공동주택,"기계,전기실,지하주차장,관리사무소,경비실,엠디에프실",0.0,2003-11-01
서울특별시 강서구 방화동 906,방화동,,공동주택,경비실,,2021-09-29
서울특별시 서초구 신원동 615,신원동,,공동주택,경비실,,2013-09-30
서울특별시 서초구 방배동 3283,방배동,,공동주택,경비실,,2021-07-23
서울특별시 성북구 돈암동 636,돈암동,0.0,공동주택,경비실,0.0,2004-12-18
서울특별시 관악구 봉천동 1718,봉천동,0.0,공동주택,경비실,0.0,2005-07-05
서울특별시 동대문구 전농동 690,전농동,,공동주택,경비실,,2014-10-23
서울특별시 구로구 고척동 340,고척동,,공동주택,경비실1,,2009-07-30
서울특별시 서초구 잠원동 163,잠원동,23726.6,공동주택,경비실2,0.0,2022-08-30
서울특별시 동작구 상도동 531,상도동,,공동주택,경비실,,2012-09-25
서울특별시 송파구 가락동 913,가락동,,공동주택,경비실,,2018-12-28
서울특별시 성동구 행당동 347,행당동,,공동주택,경비실,,2000-12-30
서울특별시 중랑구 묵동 387,묵동,0.0,공동주택,경비실,0.0,2004-03-11
서울특별시 강북구 미아동 1353,미아동,0.0,공동주택,경비실,1.0,2004-05-07
서울특별시 광진구 자양동 862,자양동,,공동주택,경비실,,2023-02-27
서울특별시 동작구 대방동 509,대방동,0.0,공동주택,경비실,0.0,2005-09-16
서울특별시 성북구 동소문동7가 23,동소문동7가,0.0,공동주택,경비실,0.0,2004-07-05
서울특별시 성북구 동소문동7가 23,동소문동7가,0.0,공동주택,경비실,0.0,2004-07-05
서울특별시 구로구 고척동 336,고척동,0.0,공동주택,경비실,0.0,2005-01-11
서울특별시 영등포구 당산동4가 95,당산동4가,0.0,공동주택,경비실,0.0,
서울특별시 도봉구 창동 825,창동,0.0,공동주택,경비실,0.0,2004-07-30
서울특별시 동대문구 제기동 153,제기동,0.0,공동주택,경비실,0.0,2003-06-13
서울특별시 영등포구 당산동1가 457,당산동1가,0.0,공동주택,경비실,0.0,2008-01-18
서울특별시 동대문구 답십리동 998,답십리동,0.0,공동주택,경비실,0.0,2007-04-26
서울특별시 성동구 행당동 347,행당동,,공동주택,경비실,,2000-12-30
서울특별시 강동구 강일동 673,강일동,,공동주택,경비실,,2009-03-11
서울특별시 동작구 상도동 459,상도동,0.0,공동주택,경비실,0.0,
서울특별시 관악구 봉천동 1724,봉천동,0.0,공동주택,경비실,0.0,2005-12-02
서울특별시 서초구 방배동 3278,방배동,,공동주택,경비실,,2018-10-29
서울특별시 동대문구 제기동 1212,제기동,0.0,공동주택,경비실,0.0,2004-05-11
서울특별시 강서구 마곡동 743,마곡동,,공동주택,경비실,,2014-06-12
서울특별시 도봉구 쌍문동 725,쌍문동,0.0,공동주택,경비실,0.0,
서울특별시 노원구 상계동 995,상계동,0.0,공동주택,경비실,0.0,1995-10-17
서울특별시 노원구 상계동 1305,상계동,0.0,공동주택,경비실,0.0,2003-08-30
서울특별시 양천구 신월동 1058,신월동,,공동주택,"경로당,관리사무실,경비실,MDF실",,2010-02-22
서울특별시 강남구 역삼동 776-14,역삼동,0.0,교육연구시설,교육연구시설(경비실),0.0,2007-04-04
서울특별시 관악구 남현동 1134,남현동,0.0,공동주택,경비실,0.0,2004-06-04
서울특별시 마포구 중동 398,중동,0.0,공동주택,경비실,0.0,2006-05-04
서울특별시 중랑구 망우동 578,망우동,0.0,공동주택,경비실,0.0,2007-05-16
서울특별시 중랑구 망우동 580,망우동,0.0,공동주택,경비실,0.0,2006-04-28
서울특별시 강동구 천호동 578,천호동,6614.9,공동주택,경비실,0.0,2023-05-12
서울특별시 서초구 반포동 20-43,반포동,,공동주택,경비실,,2009-03-13
서울특별시 성북구 성북동 1-11,성북동,994.61,단독주택,경비실,0.0,2000-05-29
서울특별시 은평구 응암동 768,응암동,,공동주택,경비실,,2020-06-18
서울특별시 노원구 공릉동 126,공릉동,,교육연구시설,교육연구시설(경비실),,2013-05-20
서울특별시 동대문구 답십리동 1000-1,답십리동,1739.6,공동주택,경비실,,2011-03-25
서울특별시 성동구 옥수동 60,옥수동,0.0,공동주택,경비실,0.0,2004-10-29
서울특별시 강서구 등촌동 715,등촌동,86045.8,공동주택,경비실,0.0,2004-01-07
서울특별시 성동구 성수동1가 715,성수동1가,0.0,공동주택,경비실,0.0,2003-10-27
서울특별시 서대문구 냉천동 261,냉천동,,공동주택,경비실,,2011-04-07
서울특별시 강서구 화곡동 1091,화곡동,150567.0,공동주택,경비실,0.0,2002-10-31
서울특별시 성북구 길음동 1281,길음동,0.0,공동주택,경비실,0.0,2005-04-20
서울특별시 영등포구 문래동5가 67,문래동5가,,공동주택,경비실,,2017-11-22
서울특별시 성북구 길음동 1278,길음동,0.0,공동주택,경비실,0.0,2003-03-31
서울특별시 성북구 길음동 1279,길음동,0.0,공동주택,경비실,0.0,2003-01-29
서울특별시 성북구 하월곡동 226,하월곡동,0.0,공동주택,"경비실,MDF실",0.0,2007-10-23
서울특별시 성북구 상월곡동 101,상월곡동,0.0,공동주택,경비실,0.0,2003-06-27
서울특별시 강남구 개포동 12,개포동,,공동주택,통합경비실,,2011-09-02
서울특별시 도봉구 창동 827,창동,,공동주택,"공동주택(경비실,MDF실)",,2009-11-10
서울특별시 양천구 신월동 142-14,신월동,,공동주택,경비실,,2016-12-06
서울특별시 도봉구 쌍문동 729,쌍문동,0.0,공동주택,경비실,0.0,2006-12-26
서울특별시 도봉구 쌍문동 730,쌍문동,0.0,공동주택,경비실,0.0,2004-04-01
서울특별시 중랑구 면목동 1525,면목동,0.0,공동주택,경비실,0.0,2006-06-26
서울특별시 중랑구 묵동 388,묵동,0.0,공동주택,경비실,1.0,2004-05-12
서울특별시 금천구 독산동 1147,독산동,,공동주택,경비실4,,2016-11-30
서울특별시 성동구 하왕십리동 1050,하왕십리동,0.0,공동주택,"주차장,기계실,전기실,발전기실,관리실,경비실",0.0,2004-01-06
서울특별시 송파구 잠실동 22,잠실동,,공동주택,경비실,,2008-07-31
서울특별시 중랑구 신내동 801,신내동,0.0,공동주택,경비실,0.0,2004-02-13
서울특별시 서초구 우면동 737,우면동,,공동주택,경비실,,2013-02-15
서울특별시 동작구 사당동 1142,사당동,0.0,공동주택,공동주택(경비실),0.0,2004-12-29
서울특별시 도봉구 방학동 720-18,방학동,0.0,공동주택,경비실,0.0,2002-10-19
서울특별시 노원구 상계동 757,상계동,0.0,공동주택,경비실,0.0,1988-05-30
서울특별시 은평구 진관동 150,진관동,,공동주택,경비실,,2015-01-23
서울특별시 노원구 공릉동 725,공릉동,0.0,공동주택,경비실,0.0,2001-09-17
서울특별시 서초구 방배동 485-3,방배동,0.0,공동주택,경비실,0.0,2005-01-07
서울특별시 마포구 창전동 440,창전동,0.0,공동주택,경비실,0.0,2005-08-18
서울특별시 송파구 장지동 883,장지동,,공동주택,경비실,,2016-07-19
서울특별시 도봉구 도봉동 644,도봉동,0.0,공동주택,경비실,0.0,2002-12-02
서울특별시 서대문구 홍제동 473,홍제동,,공동주택,"통합경비실,관리사무소,주민공동시설",,2020-06-22
서울특별시 금천구 가산동 345-35,가산동,,공장,경비실,,2016-01-20
서울특별시 성북구 정릉동 1029,정릉동,0.0,공동주택,경비실,0.0,2006-10-27
서울특별시 성북구 정릉동 239,정릉동,0.0,공동주택,경비실,0.0,2005-12-28
서울특별시 성북구 상월곡동 101,상월곡동,0.0,공동주택,경비실,0.0,2003-06-27
서울특별시 성북구 정릉동 1025,정릉동,0.0,공동주택,경비실,0.0,2004-12-23
서울특별시 강서구 마곡동 746,마곡동,,공동주택,경비실,,2016-09-12
서울특별시 영등포구 양평동2가 39-1,양평동2가,0.0,공동주택,경비실,0.0,
서울특별시 중구 신당동 851,신당동,,공동주택,경비실,,2011-10-28
서울특별시 동작구 상도동 416,상도동,0.0,공동주택,"경비실,엠디에프실",0.0,2004-04-27
서울특별시 마포구 상수동 398,상수동,,공동주택,경비실,,2014-10-17
서울특별시 영등포구 신길동 67-1,신길동,0.0,공동주택,경비실,0.0,1999-06-15
서울특별시 강서구 방화동 839,방화동,56485.9,공동주택,통합경비실,,2011-10-17
서울특별시 마포구 용강동 508,용강동,,공동주택,경비실,,2016-10-13
서울특별시 강남구 삼성동 102,삼성동,0.0,공동주택,경비실,0.0,2006-06-29
서울특별시 강동구 천호동 568,천호동,0.0,공동주택,경비실,0.0,2007-02-16
서울특별시 송파구 잠실동 35,잠실동,0.0,공동주택,경비실,0.0,2007-08-24
서울특별시 중랑구 신내동 803,신내동,0.0,공동주택,경비실,0.0,2005-05-26
서울특별시 동대문구 제기동 1212,제기동,0.0,공동주택,경비실,0.0,2004-05-11
서울특별시 영등포구 당산동3가 563,당산동3가,,공동주택,경비실,,2009-11-19
서울특별시 동대문구 답십리동 808,답십리동,0.0,공동주택,경비실,0.0,2003-01-08
서울특별시 성북구 동소문동7가 23,동소문동7가,0.0,공동주택,경비실,0.0,2004-07-05
서울특별시 성동구 금호동3가 1662,금호동3가,0.0,공동주택,경비실,0.0,2005-07-29
서울특별시 성북구 동소문동7가 120,동소문동7가,,공동주택,경비실,,2010-11-26
서울특별시 강서구 마곡동 741,마곡동,,공동주택,경비실,,2016-07-22
서울특별시 성동구 금호동1가 1823,금호동1가,,공동주택,경비실,,2019-05-09
서울특별시 성동구 금호동4가 235,금호동4가,,공동주택,경비실,,2012-08-16
서울특별시 성동구 성수동2가 834,성수동2가,0.0,공동주택,경비실,0.0,2003-08-28
서울특별시 노원구 상계동 626,상계동,,공동주택,"관리소,노인정,도서실,경비실(택배보관소)",0.0,1989-04-21
서울특별시 성북구 보문동3가 230,보문동3가,,공동주택,경비실,,2013-12-24
서울특별시 동작구 흑석동 336,흑석동,,공동주택,경비실,,2012-08-02
서울특별시 관악구 신림동 458-1,신림동,1131.2,종교시설,경비실,,2018-05-08
서울특별시 성북구 장위동 316-2,장위동,0.0,공동주택,경비실,0.0,2006-04-18
서울특별시 노원구 하계동 354,하계동,0.0,공동주택,경비실,0.0,1999-02-12
서울특별시 도봉구 쌍문동 732,쌍문동,,공동주택,경비실,,2014-04-01
서울특별시 관악구 신림동 1718,신림동,0.0,공동주택,"경비실,창고",0.0,2003-12-31
서울특별시 성동구 행당동 349,행당동,0.0,공동주택,경비실,0.0,2003-12-23
서울특별시 강서구 방화동 879,방화동,6191.5,공동주택,경비실,0.0,2004-06-07
서울특별시 강서구 내발산동 751,내발산동,25157.6,공동주택,경비실,0.0,2007-10-04
서울특별시 성북구 종암동 80,종암동,0.0,공동주택,경비실,0.0,2004-09-24
서울특별시 양천구 신정동 326,신정동,0.0,공동주택,경비실,0.0,1988-10-06
서울특별시 금천구 독산동 1157,독산동,,공동주택,"경비실,통신실",,2018-11-23
서울특별시 강서구 염창동 300,염창동,21164.6,공동주택,경비실,0.0,2005-09-23
서울특별시 송파구 마천동 319,마천동,0.0,공동주택,경비실,0.0,2006-04-24
서울특별시 서대문구 남가좌동 385,남가좌동,,공동주택,경비실4(택지1),,2015-10-26
서울특별시 서대문구 남가좌동 389,남가좌동,,공동주택,경비실,,2019-12-27
서울특별시 서초구 잠원동 161,잠원동,,공동주택,경비실,,2019-06-21
서울특별시 도봉구 방학동 740,방학동,0.0,공동주택,경비실,0.0,2004-12-15
서울특별시 서초구 서초동 1755,서초동,,공동주택,경비실1,,2020-09-25
서울특별시 도봉구 방학동 713-12,방학동,0.0,공동주택,"경비실,관리실",0.0,2003-10-28
서울특별시 도봉구 방학동 715-12,방학동,0.0,공동주택,경비실,0.0,2002-10-19
서울특별시 도봉구 방학동 715-12,방학동,0.0,공동주택,경비실,0.0,2002-10-19
서울특별시 강남구 도곡동 967,도곡동,0.0,공동주택,경비실,0.0,2005-06-02
서울특별시 성동구 성수동2가 843,성수동2가,,공동주택,경비실,,2009-06-01
서울특별시 동작구 노량진동 323,노량진동,0.0,공동주택,경비실,0.0,1997-12-16
서울특별시 동작구 흑석동 329,흑석동,0.0,공동주택,경비실,0.0,2003-12-26
서울특별시 강서구 화곡동 474-18,화곡동,1325.0,공동주택,경비실,0.0,2007-04-13
서울특별시 강북구 미아동 474,미아동,0.0,공동주택,경비실,0.0,2006-04-25
서울특별시 송파구 잠실동 22,잠실동,,공동주택,경비실,,2008-07-31
서울특별시 마포구 상암동 1655,상암동,0.0,공동주택,경비실,0.0,2006-10-11
서울특별시 송파구 장지동 878,장지동,,공동주택,주경비실-2,,2015-01-23
서울특별시 강동구 길동 474,길동,0.0,공동주택,경비실,0.0,2003-11-12
서울특별시 도봉구 창동 821,창동,0.0,공동주택,경비실,0.0,2005-10-28
서울특별시 강동구 고덕동 693,고덕동,,공동주택,경비실,,2019-09-27
서울특별시 성동구 하왕십리동 1071,하왕십리동,,공동주택,"경비실,맘스테이션",,2017-07-28
서울특별시 중랑구 묵동 396,묵동,,공동주택,경비실3,,2017-12-06
서울특별시 강동구 강일동 673,강일동,,공동주택,경비실,,2009-03-11
서울특별시 서대문구 남가좌동 385,남가좌동,,공동주택,경비실1(택지1),,2015-10-26
서울특별시 노원구 하계동 354,하계동,0.0,공동주택,경비실,0.0,1999-02-12
서울특별시 노원구 월계동 945,월계동,0.0,공동주택,경비실,0.0,2006-03-27
서울특별시 노원구 공릉동 725,공릉동,0.0,공동주택,경비실,0.0,2001-09-17
서울특별시 노원구 공릉동 725,공릉동,0.0,공동주택,경비실,0.0,2001-09-17
서울특별시 중랑구 신내동 660,신내동,,공동주택,경비실,,2011-10-07
서울특별시 동대문구 답십리동 1014,답십리동,,공동주택,경비실-2,,2019-01-22
서울특별시 강북구 미아동 474,미아동,0.0,공동주택,경비실,0.0,2006-04-25
서울특별시 강서구 마곡동 735,마곡동,,공동주택,경비실,,2014-06-19
서울특별시 서대문구 현저동 200,현저동,,공동주택,경비실,,
서울특별시 동대문구 제기동 1212,제기동,0.0,공동주택,경비실,0.0,2004-05-11
서울특별시 은평구 증산동 221-3,증산동,1736.6,제2종근린생활시설,근생(경비실),0.0,
서울특별시 은평구 신사동 354,신사동,0.0,공동주택,"지하주차장,관리실,노인정,경비실,기계전기실",0.0,1992-12-18
서울특별시 은평구 불광동 631-1,불광동,0.0,공동주택,경비실(7.44X2개동),0.0,2000-09-02
서울특별시 송파구 장지동 844,장지동,0.0,공동주택,경비실,0.0,2007-12-24
서울특별시 종로구 평창동 108,평창동,,공동주택,아파트 경비실,,2009-04-08
서울특별시 관악구 남현동 1136,남현동,0.0,공동주택,2단지 경비실,0.0,2005-03-30
서울특별시 강동구 고덕동 688,고덕동,,공동주택,경비실,,2016-12-29
서울특별시 강북구 미아동 797,미아동,0.0,공동주택,경비실,0.0,2006-11-09
서울특별시 영등포구 영등포동 649,영등포동,0.0,공동주택,경비실,0.0,2004-10-15
서울특별시 은평구 진관동 101,진관동,,공동주택,경비실,,2009-01-12
서울특별시 노원구 월계동 924,월계동,0.0,공동주택,경비실,0.0,1997-11-20
서울특별시 강북구 미아동 1356,미아동,0.0,공동주택,경비실(7),0.0,2003-06-20
서울특별시 노원구 월계동 930,월계동,0.0,공동주택,경비실,0.0,2001-12-04
서울특별시 강남구 삼성동 122-7,삼성동,0.0,공동주택,"경비실,MDF실",0.0,2006-06-01
서울특별시 노원구 상계동 1272,상계동,0.0,공동주택,경비실,0.0,1995-09-28
서울특별시 강북구 미아동 1357,미아동,0.0,공동주택,경비실,0.0,2003-12-30
서울특별시 강북구 미아동 1357,미아동,0.0,공동주택,경비실,0.0,2003-12-30
서울특별시 강북구 미아동 1353,미아동,0.0,공동주택,경비실,1.0,2004-05-07
서울특별시 강북구 미아동 1353,미아동,0.0,공동주택,경비실,1.0,2004-05-07
서울특별시 노원구 상계동 1276,상계동,0.0,공동주택,경비실,0.0,2001-06-07
서울특별시 구로구 개봉동 497,개봉동,,공동주택,경비실,,2020-07-20
서울특별시 노원구 공릉동 91,공릉동,0.0,공동주택,통합경비실,0.0,2000-11-25
서울특별시 동대문구 장안동 354-2,장안동,0.0,공동주택,경비실2,0.0,2003-04-30
서울특별시 서초구 서초동 1607-15,서초동,0.0,공동주택,경비실,0.0,
서울특별시 금천구 시흥동 1013,시흥동,0.0,공동주택,경비실,0.0,2004-08-06
서울특별시 서초구 서초동 1487-63,서초동,0.0,공동주택,경비실,0.0,2004-08-30
서울특별시 노원구 월계동 925,월계동,0.0,공동주택,경비실,0.0,1997-09-30
서울특별시 강북구 미아동 1353-1,미아동,0.0,공동주택,경비실,0.0,2004-05-07
서울특별시 마포구 용강동 508,용강동,,공동주택,경비실,,2016-10-13
서울특별시 성북구 정릉동 1037,정릉동,,공동주택,"지하주차장,경비실,재활용분리수거장,제연휀룸,휘트니스센터",,2015-04-30
서울특별시 송파구 거여동 697,거여동,68726.0,공동주택,경비실,0.0,2021-12-31
서울특별시 강북구 미아동 811,미아동,,공동주택,경비실,,2011-10-31
서울특별시 강서구 화곡동 1159,화곡동,106164.2,공동주택,경비실,,2008-01-08
서울특별시 서초구 서초동 1467-62,서초동,0.0,공동주택,경비실,0.0,2005-12-23
서울특별시 강북구 미아동 1353,미아동,0.0,공동주택,경비실,1.0,2004-05-07
서울특별시 강북구 미아동 1353,미아동,0.0,공동주택,경비실,1.0,2004-05-07
서울특별시 강북구 미아동 1353,미아동,0.0,공동주택,경비실,1.0,2004-05-07
서울특별시 강북구 미아동 1353,미아동,0.0,공동주택,경비실,1.0,2004-05-07
서울특별시 노원구 월계동 947,월계동,0.0,공동주택,경비실,0.0,2006-11-30
서울특별시 노원구 월계동 947,월계동,0.0,공동주택,경비실,0.0,2006-11-30
서울특별시 강북구 미아동 1354,미아동,0.0,공동주택,경비실(14개소),0.0,2004-08-07
서울특별시 강북구 미아동 1354-1,미아동,0.0,공동주택,"아파트,경비실",266.0,2004-08-07
서울특별시 강북구 미아동 1355,미아동,0.0,공동주택,경비실,0.0,2002-11-29
서울특별시 강북구 미아동 1356,미아동,0.0,공동주택,경비실(5),0.0,2003-06-20
서울특별시 강북구 미아동 1356,미아동,0.0,공동주택,경비실(4),0.0,2003-06-20
서울특별시 강북구 미아동 1356,미아동,0.0,공동주택,경비실(3),0.0,2003-06-20
서울특별시 성북구 하월곡동 222,하월곡동,0.0,공동주택,경비실,0.0,2003-04-30
서울특별시 양천구 신월동 1033,신월동,0.0,공동주택,경비실,0.0,2004-12-16
서울특별시 은평구 불광동 637,불광동,,공동주택,경비실,,2010-08-30
서울특별시 금천구 시흥동 1013,시흥동,0.0,공동주택,경비실,0.0,2004-08-06
서울특별시 송파구 장지동 857,장지동,,공동주택,경비실,,2011-01-27
서울특별시 은평구 진관동 62,진관동,,공동주택,경비실,,2019-01-30
서울특별시 은평구 불광동 633,불광동,0.0,공동주택,경비실,0.0,2004-05-29
서울특별시 강남구 자곡동 수서역세권 택지개발사업 내,자곡동,,공동주택,경비실,,2023-02-17
서울특별시 구로구 구로동 256-1,구로동,0.0,공동주택,경비실,0.0,2004-05-29
서울특별시 관악구 신림동 1727,신림동,0.0,공동주택,경비실,0.0,2003-09-29
서울특별시 성북구 하월곡동 226-1,하월곡동,,공동주택,경비실,,2008-10-16
서울특별시 구로구 고척동 334,고척동,0.0,공동주택,경비실,0.0,2003-03-20
서울특별시 강서구 마곡동 748,마곡동,,공동주택,"경로당,주민운동시설,작은도서관,독서실,경비실",,2017-04-10
서울특별시 금천구 시흥동 1026,시흥동,,공동주택,경비실,,2014-08-14
서울특별시 은평구 응암동 769,응암동,,공동주택,경비실-2(택지1),,2021-05-27
서울특별시 은평구 수색동 417,수색동,,공동주택,경비실,,2021-12-09
서울특별시 강서구 내발산동 722-19,내발산동,1223.3,공동주택,"공동주택,경비실",0.0,2003-06-28
서울특별시 동작구 상도동 521,상도동,0.0,공동주택,경비실,0.0,2007-09-28
서울특별시 도봉구 창동 630-3,창동,2433.4,창고시설,"창고시설(일반창고), 제2종근린생활시설(사무실,경비실)",,1975-10-02
서울특별시 은평구 불광동 645,불광동,,공동주택,"경비실,창고",,2018-11-29
서울특별시 강서구 등촌동 715,등촌동,86045.8,공동주택,경비실,0.0,2004-01-07
서울특별시 송파구 마천동 304,마천동,,공동주택,"관리실, 경비실",,1998-05-29
서울특별시 금천구 시흥동 1013,시흥동,0.0,공동주택,경비실,0.0,2004-08-06
서울특별시 동작구 상도동 415,상도동,0.0,공동주택,경비실,0.0,2003-10-30
서울특별시 용산구 이촌동 426,이촌동,0.0,공동주택,경비실,0.0,2002-04-30
서울특별시 구로구 천왕동 280,천왕동,,공동주택,경비실,,2013-12-13
서울특별시 강서구 마곡동 747,마곡동,,공동주택,공동주택(경비실1),,2016-08-09
서울특별시 동대문구 청량리동 1-1,청량리동,0.0,종교시설,경비실,0.0,1989-06-16
서울특별시 용산구 원효로1가 134,원효로1가,,공동주택,공동주택(경비실),,2022-04-28
서울특별시 강서구 마곡동 744,마곡동,,공동주택,경비실,,2021-02-15
서울특별시 강동구 암사동 400,암사동,0.0,공동주택,경비실,0.0,2004-08-30
서울특별시 동대문구 용두동 792,용두동,,공동주택,경비실,,2011-04-28
서울특별시 성북구 하월곡동 222,하월곡동,0.0,공동주택,경비실,0.0,2003-04-30
서울특별시 강서구 화곡동 1145,화곡동,66508.5,공동주택,경비실,0.0,2003-09-06
서울특별시 성북구 장위동 319,장위동,,공동주택,경비실,,2017-10-30
서울특별시 동작구 흑석동 341,흑석동,,공동주택,경비실,,2019-12-24
서울특별시 성동구 행당동 349,행당동,0.0,공동주택,경비실,0.0,2003-12-23
서울특별시 서초구 방배동 485-3,방배동,0.0,공동주택,경비실,0.0,2005-01-07
서울특별시 양천구 신월동 1077,신월동,,공동주택,경비실,,2020-05-28
서울특별시 금천구 시흥동 1026,시흥동,,공동주택,경비실,,2014-08-14
서울특별시 은평구 신사동 297,신사동,0.0,공동주택,"주차장,노인정,집회소,전기실,펌프실,관리실,경비실,창고",0.0,1993-11-19
서울특별시 강남구 도곡동 972,도곡동,5279.0,공동주택,경비실,,2016-04-22
서울특별시 은평구 진관동 6,진관동,,공동주택,경비실,,2008-05-14
서울특별시 노원구 상계동 1277,상계동,0.0,공동주택,경비실,0.0,1997-04-17
서울특별시 성북구 석관동 407,석관동,,공동주택,경비실,,2009-06-26
서울특별시 중랑구 묵동 396,묵동,,공동주택,경비실1,,2017-12-06
서울특별시 서초구 우면동 773,우면동,,공동주택,경비실,,2012-12-03
서울특별시 마포구 상암동 1752,상암동,,공동주택,경비실,,2010-10-14
서울특별시 마포구 망원동 521,망원동,,공동주택,"경비실,무인택배보관실",,2019-08-05
서울특별시 강남구 세곡동 516,세곡동,,공동주택,경비실,,2011-02-23
서울특별시 은평구 응암동 760,응암동,41403.1,공동주택,"주차장, 경비실",,2011-12-22
서울특별시 성북구 길음동 1286,길음동,,공동주택,주차경비실,,2010-09-30
서울특별시 성북구 성북동 14-38,성북동,875.0,단독주택,경비실,,2012-08-10
서울특별시 마포구 신수동 453,신수동,0.0,공동주택,경비실(3),0.0,2004-07-30
서울특별시 도봉구 창동 820,창동,0.0,공동주택,경비실,0.0,2003-09-15
서울특별시 도봉구 창동 819,창동,0.0,공동주택,경비실,0.0,2003-07-14
서울특별시 노원구 상계동 1269,상계동,0.0,공동주택,경비실,0.0,2001-05-29
서울특별시 노원구 상계동 1289,상계동,0.0,공동주택,경비실,0.0,2000-03-28
서울특별시 강북구 미아동 1353,미아동,0.0,공동주택,경비실,1.0,2004-05-07
서울특별시 노원구 공릉동 90,공릉동,0.0,공동주택,"관리사무소,통합경비실",0.0,2000-11-25
서울특별시 도봉구 도봉동 51-12,도봉동,0.0,공동주택,경비실,0.0,2004-10-14
서울특별시 노원구 월계동 18,월계동,0.0,공동주택,경비실,0.0,2002-10-18
서울특별시 강동구 암사동 508,암사동,0.0,공동주택,경비실,0.0,2002-11-01
서울특별시 도봉구 창동 635-42,창동,0.0,공동주택,경비실,0.0,2002-08-19
서울특별시 성동구 성수동2가 834,성수동2가,0.0,공동주택,경비실,0.0,2003-08-28
서울특별시 동대문구 이문동 311,이문동,0.0,공동주택,경비실,0.0,2004-04-13
서울특별시 도봉구 창동 825,창동,0.0,공동주택,경비실,0.0,2004-07-30
서울특별시 은평구 수색동 415-1,수색동,0.0,공동주택,경비실,0.0,2003-07-10
서울특별시 영등포구 당산동5가 43,당산동5가,,공동주택,경비실,,2020-04-28
서울특별시 영등포구 영등포동 651,영등포동,,공동주택,부대시설(경비실),,2021-09-17
서울특별시 송파구 마천동 607,마천동,,공동주택,경비실,,2011-01-27
서울특별시 노원구 상계동 1293,상계동,0.0,공동주택,경비실,0.0,1999-12-10
서울특별시 노원구 상계동 1293,상계동,0.0,공동주택,경비실,0.0,1999-12-10
서울특별시 노원구 상계동 1295,상계동,0.0,공동주택,경비실,0.0,2000-06-30
서울특별시 노원구 상계동 1295,상계동,0.0,공동주택,경비실,0.0,2000-06-30
서울특별시 강남구 역삼동 711-3,역삼동,,공동주택,경비실,,2016-06-22
서울특별시 송파구 장지동 905,장지동,,공동주택,경비실,,2017-09-28
서울특별시 중구 신당동 850,신당동,0.0,공동주택,경비실,0.0,2005-12-28
서울특별시 은평구 응암동 760,응암동,41403.1,공동주택,경비실,,2011-12-22
서울특별시 강서구 등촌동 642,등촌동,5310.1,공동주택,경비실-2,0.0,1999-06-14
서울특별시 마포구 상암동 1643,상암동,0.0,제2종근린생활시설,경비실,0.0,
서울특별시 강남구 역삼동 709-5,역삼동,,공동주택,경비실,,2014-01-24
서울특별시 노원구 하계동 271-3,하계동,0.0,공동주택,경비실,0.0,1988-07-04
서울특별시 강남구 개포동 12,개포동,,공동주택,통합경비실,,2011-09-02
서울특별시 은평구 응암동 771,응암동,,공동주택,경비실,,2022-07-14
서울특별시 노원구 하계동 280,하계동,0.0,공동주택,경비실,0.0,1989-06-21
서울특별시 노원구 공릉동 743,공릉동,0.0,공동주택,경비실,0.0,2000-10-20
서울특별시 노원구 중계동 361-1,중계동,0.0,공동주택,경비실,0.0,1993-07-31
서울특별시 구로구 오류동 348,오류동,0.0,공동주택,경비실,0.0,2005-12-07
서울특별시 구로구 고척동 334,고척동,0.0,공동주택,경비실,0.0,2003-03-20
서울특별시 노원구 상계동 1063,상계동,0.0,공동주택,부경비실,0.0,1999-04-24
서울특별시 노원구 상계동 1063,상계동,0.0,공동주택,주경비실,0.0,1999-04-24
서울특별시 노원구 상계동 1265,상계동,0.0,공동주택,경비실,0.0,2000-06-14
서울특별시 강서구 내발산동 756,내발산동,27798.7,공동주택,경비실,,2008-10-01
서울특별시 강서구 방화동 816,방화동,25115.3,공동주택,통합경비실,,2011-10-17
서울특별시 송파구 방이동 88-2,방이동,0.0,문화및집회시설,경비실,0.0,2002-04-22
서울특별시 성동구 응봉동 15,응봉동,0.0,공동주택,경비실,0.0,2001-10-26
서울특별시 은평구 응암동 760-2,응암동,6128.3,공동주택,"주차장,펌프/전기실,주민공동시설, 관리사무소,MDF실,방재센타,경비실",,2011-12-22
서울특별시 서대문구 북가좌동 456,북가좌동,,공동주택,경비실,,2008-12-23
서울특별시 강남구 일원동 688,일원동,,공동주택,경비실,0.0,2022-10-31
서울특별시 노원구 중계동 587-1,중계동,0.0,공동주택,경비실,0.0,1999-02-05
서울특별시 노원구 하계동 354,하계동,0.0,공동주택,경비실,0.0,1999-02-12
서울특별시 동작구 상도동 418,상도동,0.0,공동주택,경비실,0.0,2003-11-20
서울특별시 서초구 반포동 20-43,반포동,,공동주택,경비실,,2009-03-13
서울특별시 은평구 진관동 140,진관동,,공동주택,경비실,,2010-06-14
서울특별시 금천구 가산동 345-11,가산동,0.0,공장,경비실,0.0,2002-09-05
서울특별시 중구 신당동 193-29,신당동,0.0,제1종근린생활시설,경비실,0.0,1988-05-03
서울특별시 은평구 진관동 94,진관동,,공동주택,경비실,,2010-09-08
서울특별시 노원구 월계동 18,월계동,0.0,공동주택,경비실,0.0,2002-10-18
서울특별시 노원구 월계동 18,월계동,0.0,공동주택,경비실,0.0,2002-10-18
서울특별시 노원구 월계동 18,월계동,0.0,공동주택,경비실,0.0,2002-10-18
서울특별시 서대문구 홍제동 466,홍제동,0.0,공동주택,경비실,0.0,2002-11-07
서울특별시 서초구 서초동 1685-3,서초동,0.0,공동주택,"공동주택,경비실",0.0,2004-06-25
서울특별시 노원구 월계동 18,월계동,0.0,공동주택,경비실,0.0,2002-10-18
서울특별시 노원구 중계동 597,중계동,0.0,공동주택,경비실,0.0,2002-12-05
서울특별시 강동구 고덕동 693,고덕동,,공동주택,경비실,,2019-09-27
서울특별시 강서구 염창동 303,염창동,6486.6,공동주택,경비실,0.0,2007-05-31
서울특별시 도봉구 도봉동 647,도봉동,0.0,공동주택,경비실,0.0,2002-12-02
서울특별시 도봉구 도봉동 649,도봉동,0.0,공동주택,경비실,0.0,2002-11-18
서울특별시 마포구 합정동 470,합정동,0.0,제2종근린생활시설,경비실,0.0,2005-08-22
서울특별시 강동구 강일동 665,강일동,,공동주택,경비실,,2009-03-11
서울특별시 양천구 신월동 1076,신월동,,공동주택,경비실,,2020-05-28
서울특별시 은평구 진관동 2,진관동,,공동주택,경비실,,2008-05-14
서울특별시 은평구 진관동 11,진관동,,공동주택,경비실,,2008-06-14
서울특별시 강서구 마곡동 748,마곡동,,공동주택,경비실,,2017-04-10
서울특별시 강서구 마곡동 748,마곡동,,공동주택,경비실,,2017-04-10
서울특별시 강동구 강일동 699,강일동,,공동주택,경비실,,2009-04-06
서울특별시 강서구 마곡동 748,마곡동,,공동주택,경비실,,2017-04-10
서울특별시 마포구 신수동 453,신수동,0.0,공동주택,경비실(2),0.0,2004-07-30
서울특별시 관악구 봉천동 1560-61,봉천동,0.0,공동주택,경비실,0.0,2006-11-30
서울특별시 서초구 우면동 720,우면동,,공동주택,경비실,,2011-12-12
서울특별시 동대문구 휘경동 380,휘경동,5458.5,공동주택,경비실,0.0,2023-01-31
서울특별시 노원구 상계동 1279,상계동,0.0,공동주택,경비실,0.0,1997-10-16
서울특별시 금천구 독산동 1144,독산동,,공동주택,경비실,,2011-09-30
서울특별시 강서구 화곡동 1170,화곡동,,공동주택,"관리사무소,경비실",,2021-09-03
서울특별시 강서구 마곡동 741,마곡동,,공동주택,경비실,,2016-07-22
서울특별시 강남구 역삼동 716-3,역삼동,,공동주택,경비실,,2012-08-17
서울특별시 서대문구 홍은동 305,홍은동,,교육연구시설,경비실,,2011-01-24
서울특별시 강동구 강일동 699,강일동,,공동주택,경비실,,2009-04-06
서울특별시 동대문구 전농동 688,전농동,,공동주택,경비실,,2012-07-26
서울특별시 양천구 신월동 197-2,신월동,,공동주택,"경로당,경비실,엠디에프실",,2009-01-30
서울특별시 강서구 마곡동 743,마곡동,,공동주택,경비실,,2014-06-12
서울특별시 은평구 수색동 415-1,수색동,0.0,공동주택,경비실,0.0,2003-07-10
서울특별시 강서구 가양동 1456-4,가양동,1590.2,제2종근린생활시설,"근린생활시설, 경비실, 근린생활시설(수리점)",0.0,1987-09-23
서울특별시 강남구 자곡동 687,자곡동,,공동주택,경비실,,2014-03-13
서울특별시 구로구 천왕동 275,천왕동,,공동주택,경비실,,2011-06-17
서울특별시 노원구 상계동 1078,상계동,0.0,공동주택,"관리실,노인정,경비실",0.0,1993-12-30
서울특별시 마포구 망원동 499,망원동,0.0,제2종근린생활시설,경비실,0.0,2003-04-10
서울특별시 중랑구 묵동 387,묵동,0.0,공동주택,경비실,0.0,2004-03-11
서울특별시 강서구 화곡동 1159,화곡동,106164.2,공동주택,경비실,,2008-01-08
서울특별시 강동구 강일동 695,강일동,,공동주택,경비실,,2009-04-06
서울특별시 마포구 현석동 222,현석동,0.0,공동주택,경비실,0.0,2004-02-16
서울특별시 구로구 천왕동 277,천왕동,,공동주택,경비실,,2011-07-19
서울특별시 마포구 하중동 101,하중동,,공동주택,경비실,,2010-02-26
서울특별시 강서구 방화동 875,방화동,17791.3,공동주택,경비실-1,0.0,2003-11-29
서울특별시 강서구 화곡동 1151,화곡동,10404.8,공동주택,경비실,0.0,2004-12-02
서울특별시 마포구 창전동 444,창전동,0.0,제2종근린생활시설,경비실,0.0,2007-11-01
서울특별시 은평구 진관동 135,진관동,,공동주택,경비실,,2010-06-14
서울특별시 마포구 창전동 443,창전동,0.0,공동주택,경비실,0.0,2007-12-12
서울특별시 노원구 상계동 1301,상계동,0.0,공동주택,경비실,0.0,2002-07-19
서울특별시 구로구 고척동 343,고척동,,공동주택,경비실,,2011-07-27
서울특별시 성북구 상월곡동 101,상월곡동,0.0,공동주택,경비실,0.0,2003-06-27
서울특별시 은평구 신사동 354,신사동,0.0,공동주택,"지하주차장,관리실,노인정,경비실,기계전기실",0.0,1992-12-18
서울특별시 마포구 용강동 500,용강동,0.0,제2종근린생활시설,경비실,0.0,2002-10-25
서울특별시 송파구 장지동 895,장지동,,공동주택,경비실,,2016-02-26
서울특별시 금천구 독산동 1147,독산동,,공동주택,경비실2,,2016-11-30
서울특별시 구로구 구로동 1287,구로동,,공동주택,경비실,,2011-09-30
서울특별시 종로구 무악동 88,무악동,,공동주택,경비실,,2015-08-28
서울특별시 마포구 신수동 457,신수동,0.0,공동주택,"경비실,방재실,엠디에프실",0.0,2007-07-31
서울특별시 구로구 천왕동 279-2,천왕동,,공동주택,경비실,,2011-06-03
서울특별시 마포구 대흥동 803,대흥동,0.0,노유자시설,"경로당,경비실,엠디에프실",0.0,2007-04-06
서울특별시 마포구 창전동 439,창전동,0.0,공동주택,경비실4,0.0,2003-11-28
서울특별시 마포구 창전동 439,창전동,0.0,공동주택,경비실2,0.0,2003-11-28
서울특별시 강서구 화곡동 1165,화곡동,131939.1,공동주택,경비실,,2015-08-19
서울특별시 구로구 천왕동 279-2,천왕동,,공동주택,경비실,,2011-06-03
서울특별시 서초구 잠원동 163,잠원동,23726.6,공동주택,경비실1,0.0,2022-08-30
서울특별시 동대문구 이문동 225,이문동,0.0,공동주택,경비실,0.0,2003-07-09
서울특별시 동작구 사당동 1155,사당동,,공동주택,경비실,,2009-02-03
서울특별시 노원구 공릉동 748,공릉동,0.0,공동주택,경비실,0.0,2002-03-07
서울특별시 서초구 방배동 797-30,방배동,0.0,공동주택,"지하주차장,관리사무소,경로당,주민운동시설,경비실,펌프실,전기실,발전기실",0.0,2006-03-31
서울특별시 구로구 천왕동 282,천왕동,,공동주택,경비실,,2011-10-12
서울특별시 구로구 천왕동 282,천왕동,,공동주택,경비실,,2011-10-12
서울특별시 구로구 고척동 340-1,고척동,,공동주택,경비실1,,2009-07-30
서울특별시 강서구 화곡동 1145,화곡동,66508.5,공동주택,경비실,0.0,2003-09-06
서울특별시 동작구 흑석동 339,흑석동,,공동주택,경비실,,2012-12-24
서울특별시 동작구 상도동 418,상도동,0.0,공동주택,경비실,0.0,2003-11-20
서울특별시 구로구 온수동 155,온수동,,공동주택,경비실,,2010-02-17
서울특별시 노원구 월계동 942,월계동,0.0,공동주택,경비실,0.0,2005-06-28
서울특별시 마포구 상수동 396,상수동,0.0,제2종근린생활시설,경비실,0.0,2004-12-29
서울특별시 구로구 오류동 341,오류동,0.0,공동주택,경비실,0.0,2002-07-05
서울특별시 송파구 가락동 913,가락동,,공동주택,경비실,,2018-12-28
서울특별시 송파구 송파동 186-3,송파동,1519.5,공동주택,경비실,,2021-10-13
서울특별시 구로구 고척동 338,고척동,,공동주택,경비실,,2008-05-01
서울특별시 구로구 오류동 350,오류동,,공동주택,"경비실,MDF실",,2008-05-20
서울특별시 양천구 목동 901,목동,0.0,공동주택,"아파트, 경비실, 관리동, 상가A,B",20.0,1985-11-19
서울특별시 양천구 신월동 1026,신월동,0.0,공동주택,경비실,0.0,2006-09-15
서울특별시 강남구 대치동 670,대치동,0.0,공동주택,경비실,0.0,2005-01-28
서울특별시 강서구 등촌동 629-8,등촌동,4958.6,자동차관련시설,경비실,,2014-08-13
서울특별시 강서구 염창동 296,염창동,3125.6,공동주택,경비실,0.0,2003-03-28
서울특별시 강서구 염창동 272-11,염창동,18107.0,공동주택,경비실,0.0,2005-03-28
서울특별시 강서구 내발산동 657,내발산동,95662.2,공동주택,경비실,0.0,2005-05-04
서울특별시 관악구 봉천동 1730-1,봉천동,,공동주택,경비실,,2019-06-25
서울특별시 금천구 시흥동 1013-4,시흥동,0.0,공동주택,경비실,0.0,2004-08-06
서울특별시 은평구 녹번동 279-1,녹번동,0.0,공동주택,"제1종근린생활시설,아파트,변전소,기계실,전기실,주차장, 대피소,노인정,관리실,경비실",51.0,2001-11-14
서울특별시 중랑구 신내동 838,신내동,3198.0,공동주택,경비실,0.0,2023-02-15
서울특별시 노원구 월계동 942,월계동,0.0,공동주택,경비실,0.0,2005-06-28
서울특별시 서초구 반포동 18-1,반포동,,공동주택,(경비실),,2009-07-14
서울특별시 노원구 월계동 775,월계동,0.0,공동주택,경비실,0.0,1998-07-29
서울특별시 마포구 상수동 396,상수동,0.0,제2종근린생활시설,경비실,0.0,2004-12-29
서울특별시 강동구 상일동 28,상일동,,공동주택,경비실,,2021-02-10
서울특별시 관악구 봉천동 1717,봉천동,0.0,공동주택,경비실,0.0,2004-08-26
서울특별시 도봉구 창동 822,창동,0.0,공동주택,경비실,0.0,2003-10-08
서울특별시 서초구 방배동 881-26,방배동,0.0,공동주택,경비실,0.0,2004-01-30
서울특별시 구로구 고척동 338,고척동,,공동주택,경비실,,2008-05-01
서울특별시 동작구 사당동 1159,사당동,,공동주택,"경비실,관리사무소,경로당,보육시설,독서실,주민회의실,사우나,휘트니스센터,골프연습장,기계실,전기실,창고",,2018-12-27
서울특별시 성동구 행당동 347,행당동,,공동주택,경비실,,2000-12-30
서울특별시 성동구 금호동1가 1823,금호동1가,,공동주택,경비실,,2019-05-09
서울특별시 은평구 응암동 764,응암동,,공동주택,경비실,,2018-02-19
서울특별시 동대문구 휘경동 377,휘경동,,공동주택,경비실,,2021-08-27
서울특별시 은평구 불광동 641,불광동,,공동주택,경비실,,2010-08-25
서울특별시 강남구 역삼동 902,역삼동,,공동주택,경비실,0.0,2022-04-28
서울특별시 은평구 역촌동 232,역촌동,,공동주택,경비실,,2011-01-04
서울특별시 동작구 사당동 1133,사당동,0.0,공동주택,경비실,0.0,2003-02-15
서울특별시 은평구 진관동 123,진관동,,공동주택,경비실,,2008-12-12
서울특별시 서초구 양재동 57-2,양재동,0.0,단독주택,경비실,0.0,1989-02-28
서울특별시 송파구 장지동 905,장지동,,공동주택,경비실,,2017-09-28
서울특별시 강동구 고덕동 고덕강일 공공주택지구,고덕동,,공동주택,경비실,0.0,2024-01-30
서울특별시 강남구 개포동 1282,개포동,,공동주택,경비실,,2020-09-28
서울특별시 관악구 봉천동 1712,봉천동,0.0,공동주택,경비실,0.0,2003-09-06
서울특별시 강남구 삼성동 103-22,삼성동,0.0,공동주택,경비실,0.0,2006-04-27
서울특별시 강남구 역삼동 713-11,역삼동,0.0,공동주택,경비실,0.0,2006-09-28
서울특별시 영등포구 문래동3가 94,문래동3가,0.0,공동주택,경비실,0.0,2003-06-26
서울특별시 서초구 신원동 568,신원동,,공동주택,경비실,,2014-06-24
서울특별시 서대문구 남가좌동 388,남가좌동,,공동주택,경비실,,2018-12-31
서울특별시 성북구 길음동 1284,길음동,,공동주택,경비실,,2010-06-30
서울특별시 구로구 오류동 347,오류동,0.0,자동차관련시설,"경비실,MDF실",0.0,2006-09-18
서울특별시 송파구 거여동 606,거여동,,공동주택,"경비실,무인택배함",,2021-08-10
서울특별시 노원구 상계동 1305,상계동,0.0,공동주택,경비실,0.0,2003-08-30
서울특별시 노원구 중계동 599,중계동,0.0,공동주택,경비실,0.0,2005-05-11
서울특별시 노원구 공릉동 749,공릉동,0.0,공동주택,경비실,0.0,2002-11-29
서울특별시 강동구 고덕동 693,고덕동,,공동주택,경비실,,2019-09-27
서울특별시 노원구 상계동 1305,상계동,0.0,공동주택,경비실,0.0,2003-08-30
서울특별시 관악구 봉천동 1712,봉천동,0.0,공동주택,경비실,0.0,2003-09-06
서울특별시 관악구 봉천동 1718,봉천동,0.0,공동주택,경비실,0.0,2005-06-30
서울특별시 노원구 월계동 929,월계동,0.0,공동주택,경비실,0.0,2000-11-25
서울특별시 강동구 성내동 422,성내동,0.0,공동주택,경비실,0.0,2003-09-25
서울특별시 강동구 천호동 568,천호동,0.0,공동주택,경비실,0.0,2007-02-16
서울특별시 노원구 상계동 1285,상계동,0.0,공동주택,경비실,0.0,1999-11-25
서울특별시 노원구 상계동 1285,상계동,0.0,공동주택,경비실,0.0,1999-11-25
서울특별시 동작구 대방동 398-1,대방동,2799.0,제1종근린생활시설,경비실,0.0,1963-05-20
서울특별시 강북구 미아동 1353,미아동,0.0,공동주택,경비실,1.0,2004-05-07
서울특별시 종로구 홍파동 199,홍파동,,공동주택,"경비실,택배보관소",,2017-02-24
서울특별시 동대문구 전농동 687,전농동,0.0,공동주택,경비실,0.0,2005-10-05
서울특별시 종로구 구기동 267,구기동,5912.3,공동주택,"지하주차장,경비실,관리사무소,MDF실,방재실,재활용보관창고,전기실,발전기실,통신실",,2021-10-15
서울특별시 종로구 숭인동 766,숭인동,,공동주택,경비실,,2009-03-20
서울특별시 노원구 중계동 585,중계동,0.0,공동주택,경비실,0.0,1999-06-26
서울특별시 노원구 하계동 255-1,하계동,0.0,공동주택,경비실(1-6),0.0,1993-06-10
서울특별시 성동구 행당동 349,행당동,0.0,공동주택,경비실,0.0,2003-12-23
서울특별시 중랑구 신내동 817,신내동,,공동주택,경비실,,2013-12-11
서울특별시 성동구 성수동2가 834,성수동2가,0.0,공동주택,경비실,0.0,2003-08-30
서울특별시 성북구 하월곡동 224,하월곡동,0.0,공동주택,경비실,0.0,2004-07-07
서울특별시 마포구 염리동 533,염리동,,공동주택,경비실,,2022-06-30
서울특별시 종로구 평창동 361-6,평창동,,공동주택,"지하주차장,기계실,창고,경비실,기사대기실,쓰레기분리수거실,계단실,승강기,홀",,2010-06-25
서울특별시 동대문구 이문동 84-1,이문동,0.0,공동주택,경비실,0.0,2002-05-23
서울특별시 금천구 가산동 779,가산동,,공동주택,경비실,,2023-06-30
서울특별시 종로구 숭인동 2-1,숭인동,,공동주택,경비실,,2008-11-21
서울특별시 종로구 교북동 126,교북동,,공동주택,경비실,,2017-06-29
서울특별시 성동구 하왕십리동 1066,하왕십리동,,공동주택,경비실,,2015-04-24
서울특별시 종로구 무악동 60,무악동,,공동주택,경비실,,2008-07-25
서울특별시 강북구 번동 410,번동,,공동주택,경비실,,2009-06-29
서울특별시 노원구 상계동 1285,상계동,0.0,공동주택,경비실,0.0,1999-11-25
서울특별시 노원구 상계동 1285,상계동,0.0,공동주택,경비실,0.0,1999-11-25
서울특별시 종로구 무악동 89,무악동,,공동주택,경비실,,2019-06-21
서울특별시 강남구 역삼동 754-1,역삼동,0.0,공동주택,경비실,0.0,2006-01-02
서울특별시 서초구 서초동 1757,서초동,53923.1,공동주택,경비실-1,0.0,2021-06-29
서울특별시 강서구 방화동 875,방화동,17791.3,공동주택,경비실-2,0.0,2003-11-29
서울특별시 강북구 미아동 1354-1,미아동,0.0,공동주택,"아파트,경비실",224.0,2004-08-07
서울특별시 강북구 미아동 1356,미아동,0.0,공동주택,경비실(8),0.0,2003-06-20
서울특별시 관악구 신림동 1735-1,신림동,,공동주택,경비실,,2008-03-06
서울특별시 동대문구 휘경동 368,휘경동,,공동주택,경비실,,2013-10-25
서울특별시 강서구 마곡동 746-1,마곡동,,공동주택,경비실,,2016-09-12
서울특별시 강북구 미아동 1357,미아동,0.0,공동주택,경비실,0.0,2003-12-30
서울특별시 강서구 마곡동 736,마곡동,,공동주택,경비실,,2014-06-19
서울특별시 강서구 마곡동 743,마곡동,,공동주택,경비실,,2014-06-12
서울특별시 관악구 신림동 1730,신림동,0.0,공동주택,경비실,0.0,2005-06-22
서울특별시 중구 신당동 851-1,신당동,4118.4,공동주택,경비실,,2011-10-28
서울특별시 중구 신당동 851,신당동,,공동주택,경비실,,2011-10-28
서울특별시 강남구 일원동 711,일원동,,공동주택,통합경비실,,2011-09-02
서울특별시 은평구 진관동 29,진관동,,공동주택,경비실,,2012-02-23
서울특별시 노원구 월계동 941,월계동,0.0,공동주택,경비실,0.0,2005-05-23
서울특별시 노원구 상계동 1305,상계동,0.0,공동주택,경비실,0.0,2003-08-30
서울특별시 강남구 자곡동 687,자곡동,,공동주택,경비실,,2014-03-13
서울특별시 성동구 마장동 820,마장동,0.0,공동주택,경비실,0.0,2006-09-27
서울특별시 동작구 흑석동 336,흑석동,,공동주택,"지하주차장,관리실,경비실,문고,주민공동시설,기계,전기실",,2012-08-02
서울특별시 은평구 진관동 83,진관동,,공동주택,경비실,,2009-12-23
서울특별시 중구 신당동 852-1,신당동,,공동주택,경비실,,2011-12-13
서울특별시 도봉구 창동 27,창동,0.0,공동주택,경비실,,2017-12-01
서울특별시 서대문구 남가좌동 389,남가좌동,,공동주택,경비실,,2019-12-27
서울특별시 중랑구 묵동 174-9,묵동,0.0,공동주택,경비실,0.0,2004-12-31
서울특별시 노원구 공릉동 725,공릉동,0.0,공동주택,경비실,0.0,2001-09-17
서울특별시 동작구 흑석동 341,흑석동,,공동주택,경비실,,2019-12-24
서울특별시 노원구 공릉동 725,공릉동,0.0,공동주택,경비실,0.0,2001-09-17
서울특별시 노원구 공릉동 725,공릉동,0.0,공동주택,경비실,0.0,2001-09-17
서울특별시 노원구 공릉동 121,공릉동,0.0,공동주택,"엠디에프실,경비실",0.0,2004-02-06
서울특별시 광진구 광장동 581,광장동,,공동주택,경비실1,,2008-12-02
서울특별시 동작구 사당동 1131,사당동,,공동주택,경비실,,2011-10-28
서울특별시 마포구 상암동 1660,상암동,0.0,공동주택,경비실,0.0,2005-06-02
서울특별시 양천구 신월동 1049,신월동,0.0,공동주택,경비실,0.0,2007-07-26
서울특별시 강남구 청담동 67-1,청담동,,공동주택,"경비실1,2,3,보안실",,2017-08-29
서울특별시 은평구 갈현동 545,갈현동,0.0,공동주택,지하경비실,0.0,2003-09-23
서울특별시 노원구 월계동 940,월계동,0.0,공동주택,경비실,0.0,2005-03-31
서울특별시 노원구 월계동 940,월계동,0.0,공동주택,경비실,0.0,2005-03-31
서울특별시 양천구 신정동 1306,신정동,0.0,공동주택,경비실,0.0,2006-07-12
서울특별시 노원구 월계동 942,월계동,0.0,공동주택,경비실,0.0,2005-06-28
서울특별시 노원구 공릉동 371-11,공릉동,0.0,공동주택,경비실,0.0,2005-06-23
서울특별시 동작구 상도동 531,상도동,,공동주택,경비실,,2012-09-25
서울특별시 동작구 상도동 531,상도동,,공동주택,경비실,,2012-09-25
서울특별시 동작구 상도동 531,상도동,,공동주택,경비실,,2012-09-25
서울특별시 성동구 송정동 1-43,송정동,0.0,제1종근린생활시설,경비실,0.0,1983-07-29
서울특별시 노원구 상계동 680,상계동,,공동주택,"경비실,택배보관소",,2020-11-25
서울특별시 동작구 흑석동 335,흑석동,,공동주택,경비실,,2011-09-16
서울특별시 마포구 망원동 496,망원동,0.0,공동주택,경비실,0.0,2002-10-02
서울특별시 노원구 하계동 354,하계동,0.0,공동주택,경비실,0.0,1999-02-12
서울특별시 노원구 하계동 354,하계동,0.0,공동주택,경비실,0.0,1999-02-12
서울특별시 노원구 하계동 354,하계동,0.0,공동주택,경비실,0.0,1999-02-12
서울특별시 노원구 하계동 354,하계동,0.0,공동주택,경비실,0.0,1999-02-12
서울특별시 노원구 월계동 780,월계동,0.0,공동주택,통합경비실,0.0,1998-08-10
서울특별시 성북구 성북동 1-16,성북동,0.0,단독주택,차고및경비실,0.0,1994-02-26
서울특별시 노원구 하계동 356,하계동,0.0,공동주택,경비실,0.0,2002-03-14
서울특별시 노원구 상계동 1306,상계동,0.0,공동주택,경비실,0.0,2004-11-17
서울특별시 노원구 상계동 1290,상계동,0.0,공동주택,경비실,0.0,2000-03-28
서울특별시 노원구 상계동 1307,상계동,0.0,공동주택,경비실,0.0,2004-11-24
서울특별시 마포구 망원동 497,망원동,0.0,제2종근린생활시설,경비실2,0.0,2002-12-18
서울특별시 구로구 천왕동 277-1,천왕동,,교육연구시설,경비실,,2013-12-02
서울특별시 서초구 서초동 1685-3,서초동,0.0,공동주택,"공동주택,경비실",0.0,2004-06-25
서울특별시 강남구 삼성동 101,삼성동,0.0,공동주택,경비실,0.0,2005-11-08
서울특별시 강남구 수서동 795,수서동,,공동주택,경비실,,2014-08-05
서울특별시 송파구 장지동 844,장지동,0.0,공동주택,경비실,0.0,2007-12-24
서울특별시 관악구 신림동 1729,신림동,0.0,공동주택,경비실,0.0,2004-11-03
서울특별시 강서구 마곡동 717,마곡동,8054.9,공동주택,"경비실,MDF실",0.0,2005-11-21
서울특별시 마포구 상암동 1660,상암동,0.0,공동주택,경비실,0.0,2005-06-02
서울특별시 송파구 마천동 607,마천동,,공동주택,"경비실,MDF실",,2011-01-27
서울특별시 성북구 길음동 1279,길음동,0.0,공동주택,경비실,0.0,2003-01-29
서울특별시 성북구 길음동 1280-1,길음동,0.0,공동주택,경비실,0.0,2005-04-20
서울특별시 성북구 종암동 80,종암동,0.0,공동주택,경비실,0.0,2004-09-24
서울특별시 성북구 하월곡동 228,하월곡동,,공동주택,경비실,,2010-04-29
서울특별시 강서구 화곡동 1159,화곡동,106164.2,공동주택,경비실,,2008-01-08
서울특별시 은평구 수색동 415-1,수색동,0.0,공동주택,경비실,0.0,2003-07-10
서울특별시 강서구 가양동 1478,가양동,42110.4,공동주택,통합경비실,,2011-10-17
서울특별시 강동구 강일동 695,강일동,,공동주택,경비실,,2009-04-06
서울특별시 마포구 연남동 573,연남동,0.0,제2종근린생활시설,경비실,1.0,2003-06-28
서울특별시 마포구 연남동 573,연남동,0.0,공동주택,경비실,0.0,2003-06-28
서울특별시 마포구 상암동 1736,상암동,,공동주택,경비실,,2010-07-20
서울특별시 은평구 수색동 413,수색동,0.0,공동주택,경비실,0.0,2000-03-16
서울특별시 중구 만리동2가 288,만리동2가,,공동주택,경비실,,2018-09-05
서울특별시 송파구 잠실동 19,잠실동,,공동주택,경비실,,2008-09-30
서울특별시 송파구 장지동 854,장지동,0.0,공동주택,경비실,0.0,2007-07-31
서울특별시 마포구 상암동 1637,상암동,0.0,공동주택,경비실,0.0,
서울특별시 성북구 장위동 320,장위동,,공동주택,경비실,,2020-11-03
서울특별시 은평구 구산동 547,구산동,0.0,공동주택,경비실,0.0,2004-10-11
서울특별시 마포구 아현동 732,아현동,0.0,공동주택,경비실,0.0,2003-08-19
서울특별시 서대문구 천연동 145,천연동,0.0,공동주택,경비실,0.0,2006-03-13
서울특별시 강남구 대치동 1025,대치동,0.0,공동주택,경비실,0.0,2008-02-22
서울특별시 서대문구 남가좌동 385,남가좌동,,공동주택,경비실7(택지1),,2015-10-26
서울특별시 마포구 공덕동 457,공덕동,0.0,제2종근린생활시설,경비실,0.0,2004-08-30
서울특별시 마포구 공덕동 457,공덕동,0.0,제2종근린생활시설,경비실,0.0,2004-08-30
서울특별시 강서구 방화동 839,방화동,56485.9,공동주택,통합경비실,,2011-10-17
서울특별시 강서구 방화동 851,방화동,22991.5,공동주택,통합경비실,,
서울특별시 은평구 수색동 415-4,수색동,0.0,공동주택,경비실,,2003-07-10
서울특별시 동작구 사당동 1160,사당동,,공동주택,경비실,,2021-07-02
서울특별시 양천구 신월동 1078,신월동,,공동주택,"경비실,택배보관소",,2020-05-28
서울특별시 서대문구 남가좌동 389,남가좌동,,공동주택,경비실,,2019-12-27
서울특별시 은평구 녹번동 100-55,녹번동,0.0,공동주택,경비실,0.0,1989-04-27
서울특별시 강서구 마곡동 743-4,마곡동,,공동주택,경비실,,2014-06-12
서울특별시 은평구 녹번동 280-1,녹번동,0.0,공동주택,경비실,0.0,2002-09-30
서울특별시 노원구 상계동 1355,상계동,,공동주택,경비실,,2021-02-22
서울특별시 영등포구 신길동 4938,신길동,,공동주택,경비실,,2011-06-30
서울특별시 은평구 증산동 252,증산동,0.0,공동주택,공경비실,0.0,2003-07-14
서울특별시 성북구 보문동3가 2,보문동3가,0.0,공동주택,경비실,0.0,2003-08-30
서울특별시 은평구 진관동 14,진관동,,공동주택,경비실,,2008-05-14
서울특별시 구로구 신도림동 271-25,신도림동,,업무시설,경비실,,2010-03-15
서울특별시 은평구 진관동 22,진관동,,공동주택,경비실,,2010-07-09
서울특별시 구로구 항동 237,항동,,공동주택,"경비실,택배보관소",,2019-07-15
서울특별시 송파구 방이동 88-20,방이동,14894.2,문화및집회시설,경비실,,2012-01-16
서울특별시 성동구 하왕십리동 1052,하왕십리동,0.0,공동주택,경비실,0.0,2001-10-05
서울특별시 은평구 녹번동 280-1,녹번동,0.0,공동주택,경비실,0.0,2002-09-30
서울특별시 마포구 중동 393,중동,0.0,제1종근린생활시설,경비실,0.0,2002-11-01
서울특별시 강남구 역삼동 709-5,역삼동,,공동주택,"경비실,관리사무소,주민공동시설,주민운동시설,기계실,열교환실,전기실,지하주차장",,2014-01-24
서울특별시 강북구 미아동 147,미아동,,교육연구시설,교육연구시설(경비실 및 안내실),,2011-01-31
서울특별시 서초구 우면동 717,우면동,,공동주택,경비실,,2013-01-18
서울특별시 마포구 공덕동 43,공덕동,0.0,공동주택,경비실,0.0,2004-06-29
서울특별시 강서구 내발산동 657,내발산동,95662.2,공동주택,경비실,0.0,2005-05-04
서울특별시 중구 만리동2가 288,만리동2가,,공동주택,"경비실,택배보관실",,2018-09-05
서울특별시 마포구 공덕동 460,공덕동,0.0,제2종근린생활시설,경비실,0.0,2004-08-30
서울특별시 서초구 서초동 1529,서초동,0.0,공동주택,경비실,0.0,2005-02-28
서울특별시 노원구 공릉동 754,공릉동,0.0,공동주택,경비실,0.0,2004-04-29
서울특별시 종로구 부암동 129-44,부암동,0.0,공동주택,연립주택(경비실),0.0,
서울특별시 동작구 상도동 533,상도동,,공동주택,경비실1,,2013-08-14
서울특별시 서초구 내곡동 411,내곡동,,공동주택,경비실,,2014-08-11
서울특별시 구로구 고척동 339,고척동,,공동주택,경비실,,2009-05-26
서울특별시 강서구 등촌동 715,등촌동,86045.8,공동주택,경비실,0.0,2005-05-31
서울특별시 동작구 상도동 530,상도동,,공동주택,경비실,,2010-12-30
서울특별시 송파구 장지동 879,장지동,,공동주택,경비실,,2013-11-01
서울특별시 마포구 염리동 522,염리동,0.0,공동주택,경비실,0.0,2005-05-30
서울특별시 마포구 상암동 1674,상암동,0.0,공동주택,경비실,0.0,2008-02-01
서울특별시 마포구 신공덕동 161,신공덕동,0.0,공동주택,경비실,0.0,2003-05-20
서울특별시 마포구 성산동 601,성산동,0.0,공동주택,경비실,0.0,2004-08-24
서울특별시 마포구 성산동 601,성산동,0.0,공동주택,경비실,0.0,2004-08-24
서울특별시 강남구 율현동 365,율현동,,공동주택,경비실,,2015-09-23
서울특별시 강남구 자곡동 686,자곡동,,공동주택,경비실,,2014-03-14
서울특별시 강남구 자곡동 686,자곡동,,공동주택,경비실,,2014-03-14
서울특별시 성동구 금호동4가 235,금호동4가,,공동주택,경비실,,2012-08-16
서울특별시 동작구 흑석동 339,흑석동,,공동주택,경비실,,2012-12-24
서울특별시 양천구 목동 758-2,목동,0.0,공동주택,경비실,0.0,2004-08-24
서울특별시 마포구 상암동 1634,상암동,0.0,제2종근린생활시설,경비실,0.0,
서울특별시 은평구 수색동 419,수색동,,공동주택,경비실,0.0,2025-08-22
서울특별시 마포구 상암동 1584,상암동,0.0,공동주택,공동주택(경비실),0.0,2006-09-14
서울특별시 마포구 상암동 1660,상암동,0.0,공동주택,경비실,0.0,2005-06-02
서울특별시 마포구 상암동 1655,상암동,0.0,공동주택,경비실,0.0,2006-10-11
서울특별시 성동구 금호동4가 1250,금호동4가,0.0,공동주택,경비실,0.0,2003-01-09
서울특별시 은평구 수색동 419,수색동,,공동주택,경비실,0.0,2025-08-22
서울특별시 은평구 수색동 419,수색동,,공동주택,경비실,0.0,2025-08-22
서울특별시 은평구 수색동 419,수색동,,공동주택,경비실,0.0,2025-08-22
서울특별시 은평구 수색동 419,수색동,,공동주택,경비실,0.0,2025-08-22
서울특별시 은평구 수색동 419,수색동,,공동주택,경비실,0.0,2025-08-22
서울특별시 마포구 성산동 604,성산동,0.0,공동주택,경비실,0.0,2005-07-26
서울특별시 강남구 도곡동 969,도곡동,0.0,공동주택,경비실,0.0,2006-02-13
서울특별시 강남구 역삼동 754,역삼동,0.0,공동주택,경비실,0.0,2006-08-31
서울특별시 성동구 성수동2가 840,성수동2가,,공동주택,경비실,,2009-02-06
서울특별시 마포구 상암동 1689,상암동,0.0,공동주택,경비실,0.0,2005-07-15
서울특별시 관악구 봉천동 1737,봉천동,,공동주택,"관리사무소,경비실",,2022-05-16
서울특별시 성북구 정릉동 1030,정릉동,0.0,공동주택,경비실,0.0,2007-05-18
서울특별시 노원구 월계동 943,월계동,0.0,공동주택,경비실,0.0,2005-10-27
서울특별시 서초구 반포동 48-2,반포동,0.0,공동주택,경비실,0.0,2004-10-05
서울특별시 노원구 상계동 1301,상계동,0.0,공동주택,경비실,0.0,2002-07-19
서울특별시 성동구 행당동 347,행당동,,공동주택,경비실,,2000-12-30
서울특별시 강북구 미아동 1355,미아동,0.0,공동주택,"노인정,관리사무실,경비실",0.0,2002-11-29
서울특별시 동작구 사당동 1157,사당동,,공동주택,부경비실,,2013-09-24
서울특별시 강동구 상일동 515,상일동,,공동주택,경비실,,2018-03-08
서울특별시 성북구 장위동 323,장위동,62989.2,공동주택,"재활용품보관창고,휴게실,통신전자기기실,MDF실,경비실,외부계단,외부승강기",0.0,2022-07-14
서울특별시 노원구 공릉동 106,공릉동,0.0,공동주택,경비실,0.0,2000-12-15
서울특별시 노원구 공릉동 404-3,공릉동,0.0,공동주택,경비실,0.0,1998-12-01
서울특별시 성동구 행당동 349,행당동,0.0,공동주택,경비실,0.0,2003-12-23
서울특별시 강남구 율현동 513,율현동,,공동주택,경비실,,2015-09-23
서울특별시 강남구 개포동 1280,개포동,,공동주택,경비실-1,,2019-02-26
서울특별시 강남구 삼성동 11,삼성동,0.0,공동주택,경비실,0.0,2007-03-26
서울특별시 송파구 신천동 17,신천동,,공동주택,경비실,,2008-11-12
서울특별시 중구 중림동 1153,중림동,,공동주택,"경비실,방재실",,2011-12-30
서울특별시 송파구 장지동 884,장지동,,공동주택,경비실,,2016-05-26
서울특별시 노원구 상계동 1273,상계동,0.0,공동주택,경비실,0.0,1996-02-24
서울특별시 노원구 중계동 597,중계동,0.0,공동주택,경비실,0.0,2002-12-05
서울특별시 강서구 내발산동 753,내발산동,36273.3,공동주택,경비실,0.0,2008-02-20
서울특별시 강서구 마곡동 1252,마곡동,4972.7,공동주택,경비실,0.0,2005-06-29
서울특별시 노원구 하계동 354,하계동,0.0,공동주택,경비실,0.0,1999-02-12
서울특별시 성동구 금호동2가 1,금호동2가,,공동주택,경비실,,2016-04-20
서울특별시 광진구 광장동 148-4,광장동,7167.0,공동주택,경비실,,2013-08-21
서울특별시 송파구 오금동 616,오금동,,공동주택,경비실,,2017-11-02
서울특별시 양천구 신월동 1026,신월동,0.0,공동주택,경비실,0.0,2006-09-15
서울특별시 동작구 신대방동 441-4,신대방동,0.0,분뇨.쓰레기처리시설,경비실,0.0,1991-02-12
서울특별시 서대문구 현저동 200,현저동,,공동주택,경비실,,
서울특별시 은평구 불광동 638,불광동,,공동주택,경비실,,2010-08-30
서울특별시 양천구 신월동 1027,신월동,0.0,공동주택,경비실,0.0,2006-09-15
서울특별시 양천구 신정동 312,신정동,0.0,공동주택,"아파트, 경비실, 관리동",90.0,1987-07-30
서울특별시 양천구 목동 950,목동,0.0,공동주택,경비실,0.0,2006-07-05
서울특별시 영등포구 신길동 4780,신길동,0.0,공동주택,경비실,0.0,2005-08-12
서울특별시 중랑구 중화동 454,중화동,,공동주택,경비실,,2013-03-07
서울특별시 중랑구 신내동 831,신내동,,공동주택,"경비실,택배보관소",,2018-09-14
서울특별시 중랑구 면목동 1544,면목동,,공동주택,경비실,,2020-06-30
서울특별시 종로구 부암동 129-43,부암동,0.0,공동주택,연립주택(경비실),0.0,1992-09-29
서울특별시 은평구 구산동 159-10,구산동,0.0,공동주택,경비실,0.0,2006-03-30
서울특별시 성북구 돈암동 636,돈암동,0.0,공동주택,경비실,0.0,2004-12-18
서울특별시 동작구 동작동 331,동작동,0.0,공동주택,경비실,0.0,2003-10-30
서울특별시 양천구 목동 941,목동,0.0,공동주택,경비실,0.0,2003-06-28
서울특별시 종로구 행촌동 211,행촌동,,공동주택,경비실,,2017-06-29
서울특별시 강동구 성내동 137,성내동,0.0,공동주택,"아파트(경비실,MDF실)",0.0,2004-11-24
서울특별시 동작구 신대방동 712,신대방동,0.0,공동주택,경비실,0.0,2003-02-28
서울특별시 양천구 신월동 1023,신월동,0.0,공동주택,경비실,0.0,2003-12-16
서울특별시 양천구 신월동 1023,신월동,0.0,공동주택,경비실,0.0,2003-12-16
서울특별시 강서구 등촌동 676,등촌동,9085.4,공동주택,경비실,0.0,1995-09-15
서울특별시 강동구 성내동 605,성내동,,공동주택,경비실,,2010-02-05
서울특별시 은평구 구산동 224,구산동,0.0,공동주택,경비실,0.0,2004-08-13
서울특별시 은평구 구산동 222,구산동,0.0,공동주택,경비실(MDF실),0.0,2003-05-29
서울특별시 서초구 방배동 1008-2,방배동,0.0,공동주택,경비실,0.0,2004-12-27
서울특별시 양천구 신월동 1029,신월동,0.0,공동주택,경비실,0.0,2004-06-25
서울특별시 양천구 신정동 1307,신정동,0.0,공동주택,경비실,0.0,2004-06-30
서울특별시 양천구 신정동 1307,신정동,0.0,공동주택,경비실,0.0,2004-06-30
서울특별시 서대문구 홍제동 463,홍제동,0.0,공동주택,경비실,0.0,2002-11-22
서울특별시 성북구 돈암동 636,돈암동,0.0,공동주택,경비실,0.0,2004-12-18
서울특별시 강서구 내발산동 753,내발산동,36273.3,공동주택,경비실,0.0,2008-02-20
서울특별시 강서구 마곡동 735,마곡동,,공동주택,경비실,,2014-06-19
서울특별시 양천구 신월동 416-1,신월동,0.0,공동주택,경비실,0.0,2003-08-28
서울특별시 양천구 신월동 1017,신월동,0.0,공동주택,경비실,0.0,2003-09-24
서울특별시 양천구 신월동 1022,신월동,0.0,공동주택,경비실,0.0,2003-12-16
서울특별시 양천구 신월동 1022,신월동,0.0,공동주택,경비실,0.0,2003-12-16
서울특별시 강동구 고덕동 499,고덕동,,공동주택,경비실,,2011-12-28
서울특별시 구로구 구로동 1280,구로동,0.0,공동주택,경비실,0.0,2007-05-17
서울특별시 은평구 갈현동 540,갈현동,0.0,공동주택,경비실,0.0,1998-07-20
서울특별시 구로구 구로동 1270,구로동,0.0,공동주택,경비실,0.0,2002-12-30
서울특별시 은평구 응암동 762,응암동,,공동주택,경비실,,2013-09-26
서울특별시 송파구 가락동 913,가락동,,공동주택,경비실,,2018-12-28
서울특별시 은평구 갈현동 541-1,갈현동,0.0,공동주택,"노인정,경비실,관리사무소,기계실",0.0,2001-04-03
서울특별시 은평구 갈현동 540,갈현동,0.0,공동주택,경비실,0.0,1998-07-20
서울특별시 은평구 갈현동 543,갈현동,0.0,공동주택,경비실,0.0,2004-09-27
서울특별시 서대문구 남가좌동 389,남가좌동,,공동주택,경비실,,2019-12-27
서울특별시 양천구 신정동 1307,신정동,0.0,공동주택,경비실,0.0,2004-06-30
서울특별시 양천구 신월동 1032,신월동,0.0,공동주택,경비실,0.0,2004-09-08
서울특별시 강남구 대치동 670,대치동,0.0,공동주택,경비실,0.0,2005-01-28
서울특별시 은평구 응암동 759,응암동,,공동주택,경비실,,2011-12-22
서울특별시 양천구 목동 931,목동,0.0,공동주택,경비실,0.0,1997-07-16
서울특별시 은평구 구산동 547,구산동,0.0,공동주택,경비실,0.0,2004-10-11
서울특별시 송파구 잠실동 35,잠실동,0.0,공동주택,경비실,0.0,2007-08-24
서울특별시 강북구 미아동 1353,미아동,0.0,공동주택,경비실,1.0,2004-05-07
서울특별시 성북구 정릉동 1021,정릉동,0.0,공동주택,경비실,,2001-06-21
서울특별시 성북구 장위동 319,장위동,,공동주택,경비실,,2017-10-30
서울특별시 은평구 수색동 417,수색동,,공동주택,경비실,,2021-12-09
서울특별시 서대문구 남가좌동 385,남가좌동,,공동주택,경비실2(택지2),,2015-10-26
서울특별시 양천구 목동 956,목동,0.0,공동주택,경비실,0.0,2005-07-04
서울특별시 양천구 신월동 1039,신월동,0.0,공동주택,경비실,0.0,2005-03-19
서울특별시 동작구 상도동 450,상도동,0.0,공동주택,경비실,0.0,2004-12-06
서울특별시 은평구 신사동 372,신사동,,공동주택,"관리사무소,경로당,주민공동시설,어린이집,문고,경비실,외부계단",,2019-03-14
서울특별시 관악구 봉천동 1723,봉천동,0.0,공동주택,경비실,0.0,2006-05-19
서울특별시 금천구 시흥동 1013-4,시흥동,0.0,공동주택,경비실,0.0,2004-08-06
서울특별시 강동구 암사동 445,암사동,0.0,공동주택,경비실,0.0,2002-09-06
서울특별시 동작구 상도동 535,상도동,,공동주택,경비실-1,,2016-01-27
서울특별시 노원구 중계동 361-1,중계동,0.0,공동주택,경비실,0.0,1993-07-31
서울특별시 마포구 공덕동 479,공덕동,,제1종근린생활시설,"근린생활시설,지하주차장,관리사무소,MDF실,방재실,경비실,기계실,전기실,발전기실,CO2실,제연휀룸",,2021-11-18
서울특별시 양천구 신월동 1043,신월동,0.0,공동주택,경비실,0.0,2005-09-30
서울특별시 양천구 신월동 1040,신월동,0.0,공동주택,경비실,0.0,2005-09-15
서울특별시 동작구 신대방동 709,신대방동,0.0,공동주택,경비실,0.0,1997-12-12
서울특별시 강서구 내발산동 749,내발산동,36518.3,공동주택,경비실,,2008-06-10
서울특별시 마포구 염리동 532,염리동,,공동주택,경비실-3,,2021-03-26
서울특별시 마포구 상암동 1674,상암동,0.0,공동주택,경비실,0.0,2008-02-01
서울특별시 광진구 광장동 250,광장동,0.0,공동주택,경비실,0.0,2007-10-15
서울특별시 양천구 신월동 1031,신월동,0.0,공동주택,경비실,0.0,2004-09-17
서울특별시 양천구 목동 951,목동,0.0,공동주택,경비실,0.0,2004-11-24
서울특별시 양천구 신월동 1028,신월동,0.0,공동주택,경비실,0.0,2004-07-31
서울특별시 중랑구 신내동 817,신내동,,공동주택,경비실,,2013-12-11
서울특별시 노원구 중계동 514,중계동,,공동주택,공동주택(경비실),,2008-06-27
서울특별시 서대문구 홍제동 465,홍제동,,공동주택,경비실,0.0,2003-07-10
서울특별시 성북구 종암동 80,종암동,0.0,공동주택,경비실,0.0,2004-09-24
서울특별시 서초구 서초동 1521-8,서초동,0.0,공동주택,"경비실,엠디에프실",0.0,2006-06-08
서울특별시 영등포구 대림동 1125,대림동,,공동주택,경비실,,2016-07-29
서울특별시 영등포구 당산동3가 559,당산동3가,,공동주택,경비실/MDF실,,2010-07-08
서울특별시 강북구 미아동 1353,미아동,0.0,공동주택,경비실,1.0,2004-05-07
서울특별시 서대문구 천연동 145,천연동,0.0,공동주택,경비실,0.0,2006-03-13
서울특별시 송파구 송파동 164,송파동,0.0,공동주택,(경비실),0.0,2003-09-09
서울특별시 강남구 자곡동 618,자곡동,,공동주택,경비실,,2014-10-30
서울특별시 서초구 반포동 20-43,반포동,,공동주택,경비실,,2009-03-13
서울특별시 성북구 장위동 316-2,장위동,0.0,공동주택,경비실,0.0,2006-04-18
서울특별시 양천구 신월동 1078,신월동,,공동주택,"경비실,택배보관소",,2020-05-28
서울특별시 강남구 삼성동 189,삼성동,,공동주택,경비실,,2021-09-17
서울특별시 서대문구 북가좌동 458,북가좌동,,공동주택,경비실,,2009-03-31
서울특별시 영등포구 영등포동7가 203,영등포동7가,,공동주택,경비실,,2017-08-30
서울특별시 마포구 아현동 802,아현동,,공동주택,경비실,,2017-11-16
서울특별시 노원구 하계동 354,하계동,0.0,공동주택,경비실,0.0,1999-02-12
서울특별시 강동구 성내동 598,성내동,0.0,공동주택,경비실,0.0,2003-11-14
서울특별시 동대문구 장안동 587,장안동,,공동주택,경비실,,2019-10-22
서울특별시 마포구 신수동 462,신수동,,공동주택,경비실,,2019-11-14
서울특별시 동작구 대방동 66-1,대방동,0.0,제2종근린생활시설,경비실 및 창고,0.0,1988-04-28
서울특별시 동작구 상도동 903,상도동,,공동주택,경비실,,2018-12-03
서울특별시 동대문구 전농동 155,전농동,0.0,공동주택,경비실,0.0,2000-05-13
서울특별시 금천구 시흥동 1026,시흥동,,공동주택,경비실,,2014-08-14
서울특별시 노원구 월계동 18,월계동,0.0,공동주택,경비실,0.0,2002-10-18
서울특별시 도봉구 도봉동 649,도봉동,0.0,공동주택,경비실,0.0,2002-11-18
서울특별시 도봉구 도봉동 654,도봉동,0.0,공동주택,경비실,0.0,2003-03-15
서울특별시 서초구 방배동 3283,방배동,,공동주택,경비실,,2021-07-23
서울특별시 동대문구 답십리동 1003,답십리동,,공동주택,부대시설(경비실),,2014-10-13
서울특별시 동대문구 답십리동 1003,답십리동,,공동주택,부대시설(경비실),,2014-10-13
서울특별시 송파구 가락동 913,가락동,,공동주택,경비실,,2018-12-28
서울특별시 강남구 수서동 723,수서동,,공동주택,통합경비실,,2011-09-02
서울특별시 도봉구 창동 820,창동,0.0,공동주택,경비실,0.0,2003-09-15
서울특별시 광진구 광장동 250,광장동,0.0,공동주택,경비실,0.0,2007-10-15
서울특별시 서초구 잠원동 162,잠원동,,공동주택,경비실,,2020-04-28
서울특별시 송파구 잠실동 19,잠실동,,공동주택,경비실,,2008-09-30
서울특별시 송파구 장지동 833,장지동,,공동주택,경비실,,2010-01-19
서울특별시 동대문구 전농동 690,전농동,,공동주택,경비실,,2014-10-23
서울특별시 동대문구 답십리동 1000,답십리동,,공동주택,경비실,,2011-06-23
서울특별시 영등포구 대림동 1132,대림동,,공동주택,경비실,0.0,2022-11-07
서울특별시 강동구 둔촌동 630,둔촌동,,공동주택,경비실,,2010-03-12
서울특별시 관악구 신림동 1735,신림동,,공동주택,경비실,,2008-03-06
서울특별시 관악구 신림동 1735,신림동,,공동주택,경비실,,2008-03-06
서울특별시 동대문구 용두동 792-1,용두동,,공동주택,경비실,,2011-04-28
서울특별시 동대문구 용두동 792,용두동,,공동주택,경비실,,2011-04-28
서울특별시 송파구 잠실동 44,잠실동,0.0,공동주택,경비실,0.0,2007-01-03
서울특별시 서초구 우면동 707,우면동,,공동주택,경비실,,2012-11-28
서울특별시 마포구 창전동 449,창전동,,공동주택,경비실,,2019-05-24
서울특별시 관악구 신림동 1735,신림동,,공동주택,경비실,,2008-03-06
서울특별시 관악구 신림동 1735,신림동,,공동주택,경비실,,2008-03-06
서울특별시 금천구 독산동 1147,독산동,,공동주택,경비실3,,2016-11-30
서울특별시 송파구 장지동 835,장지동,,공동주택,경비실,,2008-09-25
서울특별시 동대문구 답십리동 1001,답십리동,,공동주택,경비실,,2010-09-30
서울특별시 서초구 양재동 232-4,양재동,69584.9,판매시설,경비실,,1992-06-29
서울특별시 성북구 정릉동 210,정릉동,0.0,공동주택,경비실,0.0,2003-10-04
서울특별시 강남구 삼성동 103-22,삼성동,0.0,공동주택,경비실,0.0,2006-04-27
서울특별시 동대문구 전농동 690,전농동,,공동주택,경비실,,2014-10-23
서울특별시 동대문구 전농동 690,전농동,,공동주택,경비실,,2014-10-23
서울특별시 동대문구 전농동 690,전농동,,공동주택,경비실,,2014-10-23
서울특별시 동대문구 전농동 690,전농동,,공동주택,경비실,,2014-10-23
서울특별시 강남구 삼성동 43,삼성동,0.0,공동주택,경비실,0.0,2005-11-29
서울특별시 강남구 자곡동 수서역세권 공공주택지구내,자곡동,,공동주택,"경비실,물품보관소",,2024-04-17
서울특별시 성동구 금호동4가 1553,금호동4가,,공동주택,경비실-1,,2018-02-19
서울특별시 성동구 금호동1가 1824,금호동1가,2891.3,공동주택,경비실,,2019-05-09
서울특별시 서초구 신원동 619,신원동,,공동주택,경비실,,2015-04-07
서울특별시 동대문구 장안동 577,장안동,,공동주택,경비실,,2008-05-06
서울특별시 서초구 방배동 906-13,방배동,,공동주택,경비실2,,2010-02-03
서울특별시 마포구 상암동 1674,상암동,0.0,공동주택,경비실,0.0,2008-02-01
서울특별시 양천구 신정동 1308,신정동,0.0,공동주택,경비실,0.0,2006-02-16
서울특별시 강남구 세곡동 525,세곡동,,공동주택,경비실,,2011-11-01
서울특별시 서초구 우면동 717,우면동,,공동주택,경비실,,2013-01-18
서울특별시 관악구 남현동 1132,남현동,0.0,공동주택,경비실,0.0,2003-06-28
서울특별시 도봉구 창동 825,창동,0.0,공동주택,경비실,0.0,2004-07-30
서울특별시 도봉구 창동 825,창동,0.0,공동주택,경비실,0.0,2004-07-30
서울특별시 동작구 본동 494,본동,,공동주택,경비실,,2011-11-04
서울특별시 관악구 봉천동 1730-2,봉천동,,공동주택,경비실,,2019-06-25
서울특별시 마포구 망원동 496,망원동,0.0,공동주택,경비실,0.0,2002-10-02
서울특별시 용산구 효창동 288,효창동,15596.1,공동주택,경비실,0.0,2022-03-28
서울특별시 서대문구 북아현동 1017,북아현동,49743.5,공동주택,경비실,0.0,2023-06-07
서울특별시 동대문구 휘경동 367,휘경동,,공동주택,경비실,,2011-09-29
서울특별시 동대문구 장안동 569,장안동,0.0,공동주택,경비실,0.0,2005-12-20
서울특별시 마포구 상암동 1655,상암동,0.0,공동주택,경비실,0.0,2006-10-11
서울특별시 강동구 강일동 670,강일동,,공동주택,경비실,,2009-07-13
서울특별시 강서구 화곡동 1145,화곡동,66508.5,공동주택,경비실,0.0,2003-09-06
서울특별시 성동구 행당동 347,행당동,,공동주택,경비실,,2000-12-30
서울특별시 동대문구 전농동 688,전농동,,공동주택,경비실,,2012-07-26
서울특별시 영등포구 신길동 4780,신길동,0.0,공동주택,경비실,0.0,2005-08-12
서울특별시 노원구 상계동 1293,상계동,0.0,공동주택,경비실,0.0,1999-12-10
서울특별시 강남구 역삼동 754,역삼동,0.0,공동주택,경비실,0.0,2006-08-31
서울특별시 금천구 시흥동 1011,시흥동,0.0,공동주택,경비실,0.0,2002-12-30
서울특별시 성동구 성수동2가 835,성수동2가,0.0,공동주택,경비실,0.0,2003-09-30
서울특별시 서대문구 홍은동 460,홍은동,0.0,공동주택,경비실,0.0,2002-11-22
서울특별시 영등포구 양평동1가 269,양평동1가,0.0,공동주택,경비실,0.0,
서울특별시 영등포구 양평동3가 19,양평동3가,0.0,공동주택,경비실,0.0,2005-11-30
서울특별시 노원구 월계동 947,월계동,0.0,공동주택,경비실,0.0,2006-11-30
서울특별시 동대문구 전농동 695,전농동,,공동주택,경비실,,2018-06-29
서울특별시 동대문구 전농동 695,전농동,,공동주택,경비실,,2018-06-29
서울특별시 노원구 공릉동 753,공릉동,0.0,공동주택,경비실,0.0,2003-08-18
서울특별시 도봉구 쌍문동 725,쌍문동,0.0,공동주택,경비실,0.0,
서울특별시 노원구 상계동 1269,상계동,0.0,공동주택,경비실,0.0,2001-05-29
서울특별시 강서구 내발산동 742,내발산동,49086.9,공동주택,경비실,0.0,2007-11-01
서울특별시 성북구 하월곡동 222,하월곡동,0.0,공동주택,경비실,0.0,2003-04-30
서울특별시 성북구 장위동 322-22,장위동,4635.4,제1종근린생활시설,경비실,,2022-08-31
서울특별시 노원구 월계동 18,월계동,0.0,공동주택,경비실,0.0,2002-10-18
서울특별시 영등포구 신길동 4945,신길동,,공동주택,경비실,,2015-12-29
서울특별시 영등포구 신길동 4937,신길동,,공동주택,경비실-2,,2008-06-26
서울특별시 영등포구 신길동 4937,신길동,,공동주택,경비실-3,,2008-06-26
서울특별시 은평구 진관동 1,진관동,,공동주택,경비실,,2008-05-14
서울특별시 동대문구 이문동 7,이문동,0.0,공장,경비실,0.0,2005-06-30
서울특별시 동작구 신대방동 713,신대방동,0.0,공동주택,경비실,0.0,2003-08-02
서울특별시 구로구 고척동 351,고척동,45595.7,공동주택,경비실,0.0,2022-08-31
서울특별시 노원구 중계동 581,중계동,0.0,공동주택,경비실,0.0,1995-07-06
서울특별시 구로구 구로동 42,구로동,0.0,공동주택,경비실,0.0,2004-02-07
서울특별시 노원구 중계동 593,중계동,0.0,공동주택,경비실(10.8*5),0.0,1999-10-30
서울특별시 강서구 화곡동 1145,화곡동,66508.5,공동주택,경비실,0.0,2003-09-06
서울특별시 강동구 고덕동 688,고덕동,,공동주택,경비실,,2016-12-29
서울특별시 동대문구 답십리동 997,답십리동,0.0,공동주택,"지하주차장,경비실",0.0,2005-04-27
서울특별시 영등포구 문래동4가 67,문래동4가,,공동주택,경비실,,2008-05-06
서울특별시 금천구 시흥동 1015,시흥동,0.0,공동주택,경비실,0.0,2004-05-25
서울특별시 강서구 가양동 1496,가양동,7679.5,공동주택,경비실,0.0,2004-12-23
서울특별시 성동구 하왕십리동 1061,하왕십리동,0.0,공동주택,경비실,0.0,2004-11-30
서울특별시 성북구 길음동 1286-7,길음동,,공동주택,경비실,,2010-09-30
서울특별시 노원구 공릉동 90,공릉동,0.0,공동주택,경비실,0.0,2000-11-25
서울특별시 양천구 목동 951,목동,0.0,공동주택,경비실,0.0,2004-11-24
서울특별시 은평구 진관동 19,진관동,,공동주택,경비실,,2008-05-14
서울특별시 강서구 염창동 302,염창동,6605.9,공동주택,경비실,0.0,2006-04-27
서울특별시 강서구 내발산동 753,내발산동,36273.3,공동주택,경비실,0.0,2008-02-20
서울특별시 강서구 방화동 871,방화동,6509.7,공동주택,경비실,0.0,2003-06-02
서울특별시 광진구 구의동 680,구의동,,공동주택,경비실-2,,2021-12-30
서울특별시 서대문구 남가좌동 381,남가좌동,,공동주택,경비실,,2009-06-02
서울특별시 영등포구 대림동 1124,대림동,,공동주택,경비실,,2013-07-31
서울특별시 은평구 응암동 669-1,응암동,0.0,공동주택,경비실,0.0,2003-11-28
서울특별시 동대문구 답십리동 1003,답십리동,,공동주택,부대시설(경비실),,2014-10-13
서울특별시 양천구 신월동 1052,신월동,0.0,공동주택,경비실,0.0,2007-04-26
서울특별시 은평구 신사동 365,신사동,0.0,공동주택,경비실,0.0,2003-11-28
서울특별시 강서구 내발산동 749,내발산동,36518.3,공동주택,경비실,,2008-06-10
서울특별시 은평구 신사동 366,신사동,0.0,공동주택,경비실,0.0,2004-02-23
서울특별시 중구 신당동 856,신당동,,공동주택,경비실,,2019-06-05
서울특별시 은평구 신사동 368,신사동,0.0,공동주택,경비실,0.0,2004-06-29
서울특별시 강서구 화곡동 1159,화곡동,106164.2,공동주택,경비실,,2008-01-08
서울특별시 은평구 신사동 370,신사동,0.0,공동주택,경비실,0.0,2006-12-28
서울특별시 관악구 봉천동 1560-62,봉천동,0.0,공동주택,경비실,0.0,2006-11-30
서울특별시 관악구 봉천동 1718,봉천동,0.0,공동주택,경비실,0.0,2005-07-05
서울특별시 은평구 증산동 255,증산동,0.0,공동주택,경비실,0.0,2005-10-04
서울특별시 영등포구 신길동 4938,신길동,,공동주택,"지하주차장,기계실,전기실,발전기실,감시실,경비실,관리사무소,주민공동시설",,2011-06-30
서울특별시 송파구 잠실동 35,잠실동,,공동주택,경비실,0.0,2007-08-24
서울특별시 동작구 상도동 408,상도동,0.0,공동주택,경비실,0.0,1994-02-25
서울특별시 서대문구 홍제동 467,홍제동,0.0,공동주택,경비실,0.0,2006-07-04
서울특별시 서대문구 홍제동 468,홍제동,0.0,공동주택,경비실,0.0,2006-05-26
서울특별시 관악구 신림동 1735-2,신림동,,공동주택,"경비실,엠디에프실",,2008-03-06
서울특별시 은평구 신사동 360,신사동,0.0,공동주택,"경비실,MDF실",0.0,2000-04-11
서울특별시 중랑구 면목동 1529,면목동,0.0,공동주택,경비실,0.0,2006-11-30
서울특별시 서대문구 홍제동 463,홍제동,0.0,공동주택,경비실,0.0,2002-11-22
서울특별시 서대문구 홍제동 463,홍제동,0.0,공동주택,경비실,0.0,2002-11-22
서울특별시 구로구 천왕동 281,천왕동,,공동주택,경비실,,2014-01-28
서울특별시 동작구 상도동 900,상도동,,공동주택,경비실,,2016-08-26
서울특별시 강동구 성내동 137,성내동,0.0,공동주택,아파트(경비실),0.0,2004-11-24
서울특별시 금천구 시흥동 1017,시흥동,0.0,공동주택,"지하주차장,경비실,기계실,전기실,발전기실",0.0,2006-11-28
서울특별시 서대문구 홍제동 465,홍제동,0.0,공동주택,경비실,0.0,2003-07-10
서울특별시 성북구 상월곡동 101,상월곡동,0.0,공동주택,경비실,0.0,2003-06-27
서울특별시 송파구 풍납동 511,풍납동,0.0,공동주택,경비실(1),0.0,2006-02-24
서울특별시 성북구 성북동 330-266,성북동,2089.0,단독주택,경비실,,2009-06-22
서울특별시 성북구 길음동 1289,길음동,,공동주택,경비실,,2022-01-27
서울특별시 성북구 돈암동 643,돈암동,,공동주택,경비실,,2014-10-31
서울특별시 서초구 서초동 1301-6,서초동,,공동주택,"관리,경로당,경비실,보육,방재,MDF,주민공동,독서실",,2009-04-30
서울특별시 영등포구 도림동 821,도림동,,공동주택,경비실,,2014-03-11
서울특별시 영등포구 도림동 821,도림동,,공동주택,경비실,,2014-03-11
서울특별시 성동구 금호동3가 1662,금호동3가,0.0,공동주택,경비실,0.0,2005-07-29
서울특별시 강남구 일원동 711,일원동,,공동주택,통합경비실,,2011-09-02
서울특별시 용산구 한강로2가 426,한강로2가,,공동주택,경비실,,2021-03-05
서울특별시 성동구 성수동2가 836,성수동2가,0.0,공동주택,경비실,0.0,2004-03-30
서울특별시 마포구 염리동 521,염리동,0.0,공동주택,경비실,1.0,2003-12-05
서울특별시 동대문구 용두동 791,용두동,,공동주택,경비실,,2009-06-18
서울특별시 강남구 자곡동 686,자곡동,,공동주택,경비실,,2014-03-14
서울특별시 강남구 삼성동 16,삼성동,,공동주택,일반경비실,,2008-12-10
서울특별시 서대문구 연희동 218-16,연희동,0.0,공동주택,경비실/MDF실,1.0,2005-06-20
서울특별시 성북구 정릉동 1024,정릉동,0.0,공동주택,경비실,0.0,2004-12-02
서울특별시 성북구 정릉동 435,정릉동,0.0,공동주택,경비실,0.0,2005-11-16
서울특별시 마포구 창전동 439,창전동,0.0,공동주택,경비실3,0.0,2003-11-28
서울특별시 성동구 행당동 375,행당동,,공동주택,경비실,,2009-12-03
서울특별시 중랑구 면목동 1505,면목동,0.0,공동주택,경비실,0.0,2004-12-10
서울특별시 동대문구 장안동 565,장안동,0.0,공동주택,경비실,0.0,2005-09-12
서울특별시 서초구 우면동 735,우면동,,공동주택,경비실,,2011-12-12
서울특별시 서대문구 남가좌동 385,남가좌동,,공동주택,경비실(택지4),,2015-10-26
서울특별시 서대문구 남가좌동 385,남가좌동,,공동주택,경비실(택지5),,2015-10-26
서울특별시 성북구 길음동 1280,길음동,0.0,공동주택,경비실,0.0,2005-04-20
서울특별시 성북구 하월곡동 222,하월곡동,0.0,공동주택,경비실,0.0,2003-04-30
서울특별시 성북구 하월곡동 224,하월곡동,0.0,공동주택,경비실,0.0,2004-07-07
서울특별시 중랑구 신내동 804,신내동,0.0,공동주택,경비실,0.0,2007-02-16
서울특별시 동대문구 용두동 791,용두동,,공동주택,"관리실,노인정,경비실,MDF실,주민공동시설",,2009-06-18
서울특별시 양천구 목동 936,목동,0.0,공동주택,경비실,0.0,1999-03-27
서울특별시 강북구 미아동 1357-2,미아동,0.0,공동주택,경비실,0.0,2003-12-30
서울특별시 용산구 한남동 810,한남동,,공동주택,경비실,,2011-01-07
서울특별시 성북구 길음동 1288,길음동,,공동주택,경비실-1,,2019-11-29
서울특별시 성동구 하왕십리동 1066,하왕십리동,,공동주택,경비실,,2015-04-24
서울특별시 도봉구 도봉동 654,도봉동,0.0,공동주택,경비실,0.0,2003-03-15
서울특별시 구로구 오류동 361,오류동,1654.6,공동주택,부대복리시설(경비실),0.0,2022-09-06
서울특별시 성동구 옥수동 528,옥수동,,공동주택,경비실,,2016-11-09
서울특별시 은평구 녹번동 283,녹번동,,공동주택,경비실,,2019-08-01
서울특별시 은평구 녹번동 283,녹번동,,공동주택,경비실,,2019-08-01
서울특별시 은평구 갈현동 537,갈현동,0.0,공동주택,"관리사무소,노인정,전기실,공중화장실,경비실",0.0,1997-05-08
서울특별시 은평구 구산동 159-10,구산동,0.0,공동주택,경비실,0.0,2006-03-30
서울특별시 은평구 신사동 19-117,신사동,0.0,공동주택,"노인정,공중변소,경비실,관리실",0.0,1995-12-04
서울특별시 성동구 금호동2가 1,금호동2가,,공동주택,경비실,,2016-04-20
서울특별시 은평구 불광동 633,불광동,0.0,공동주택,경비실,0.0,2004-05-29
서울특별시 서초구 반포동 1343,반포동,,공동주택,경비실,,2021-06-04
서울특별시 마포구 상암동 1637,상암동,0.0,공동주택,경비실,0.0,
서울특별시 중랑구 면목동 1544,면목동,,공동주택,경비실,,2020-06-30
서울특별시 동대문구 답십리동 1000,답십리동,,공동주택,경비실,,2011-06-23
서울특별시 용산구 효창동 274,효창동,,공동주택,경비실,,2010-08-31
서울특별시 서대문구 냉천동 261-1,냉천동,,공동주택,경비실,,2011-04-07
서울특별시 성동구 하왕십리동 1070,하왕십리동,,공동주택,"휘트니스,경비실,쓰레기분리수거시설,방재센테,보육시설,MDF실,주민휴게실,경로당,주민시설화장실,작은도서관",,2016-11-29
서울특별시 성동구 금호동4가 340,금호동4가,,공동주택,경비실,,2007-07-31
서울특별시 은평구 구산동 226,구산동,,공동주택,경비실,,2009-02-11
서울특별시 강북구 미아동 1353,미아동,0.0,공동주택,경비실,1.0,2004-05-07
서울특별시 도봉구 도봉동 655,도봉동,0.0,공동주택,경비실,0.0,2005-02-18
서울특별시 성동구 응봉동 15,응봉동,0.0,공동주택,경비실,0.0,2001-10-26
서울특별시 강북구 미아동 1353,미아동,0.0,공동주택,경비실,1.0,2004-05-07
서울특별시 은평구 진관동 102,진관동,,공동주택,경비실,51.0,2009-01-12
서울특별시 강서구 가양동 1478,가양동,42110.4,공동주택,통합경비실,,2011-10-17
서울특별시 양천구 신월동 1085,신월동,13391.0,공동주택,경비실,0.0,2024-10-24
서울특별시 용산구 신계동 48,신계동,,공동주택,경비실-1,,2011-04-01
서울특별시 중랑구 신내동 660,신내동,,공동주택,경비실,,2011-10-07
서울특별시 용산구 동빙고동 316,동빙고동,,공동주택,경비실,,2011-04-28
서울특별시 마포구 성산동 601,성산동,0.0,공동주택,경비실,0.0,2004-08-24
서울특별시 강북구 미아동 796,미아동,0.0,공동주택,"경비실,엠디에프실",0.0,2008-01-25
서울특별시 서초구 서초동 1616-10,서초동,0.0,공동주택,경비실,0.0,2003-09-01
서울특별시 은평구 증산동 244,증산동,0.0,공동주택,경비실(5.94*5개동),0.0,2000-03-20
서울특별시 성동구 행당동 376-1,행당동,2326.5,공동주택,"경비실,관리사무소,경로당",,2011-05-02
서울특별시 서대문구 현저동 200,현저동,,공동주택,경비실,,
서울특별시 금천구 시흥동 1026,시흥동,,공동주택,경비실,,2014-08-14
서울특별시 영등포구 신길동 4955,신길동,,공동주택,경비실,,2019-02-28
서울특별시 서초구 서초동 1615-10,서초동,0.0,공동주택,경비실,0.0,2006-09-06
서울특별시 관악구 신림동 1728,신림동,0.0,공동주택,경비실,0.0,2004-01-12
서울특별시 구로구 오류동 357,오류동,,공동주택,경비실,,2018-02-26
서울특별시 성동구 하왕십리동 1053,하왕십리동,0.0,공동주택,경비실,0.0,2001-10-05
서울특별시 마포구 상암동 1643,상암동,0.0,제2종근린생활시설,경비실,0.0,
서울특별시 강남구 역삼동 755-1,역삼동,0.0,공동주택,경비실,0.0,2006-08-14
서울특별시 양천구 신월동 1076,신월동,,공동주택,경비실,,2020-05-28
서울특별시 강서구 방화동 839,방화동,56485.9,공동주택,통합경비실,,2011-10-17
서울특별시 은평구 대조동 231,대조동,0.0,공동주택,경비실,0.0,1997-11-04
서울특별시 서대문구 북가좌동 481,북가좌동,,공동주택,경비실,,2012-10-05
서울특별시 중랑구 면목동 1537,면목동,,공동주택,경비실,,2015-10-08
서울특별시 중랑구 면목동 1543,면목동,,공동주택,경비실,,2019-11-27
서울특별시 중랑구 망우동 583,망우동,,공동주택,경비실,,2012-08-31
서울특별시 성동구 행당동 376,행당동,,공동주택,경비실,,2011-05-02
서울특별시 성동구 행당동 376,행당동,,공동주택,경비실,,2011-05-02
서울특별시 성동구 옥수동 560,옥수동,,공동주택,경비실,,2011-12-30
서울특별시 강동구 강일동 742,강일동,,공동주택,경비실,,2020-08-28
서울특별시 은평구 진관동 29,진관동,,공동주택,경비실,,2012-02-23
서울특별시 강남구 세곡동 522,세곡동,,공동주택,경비실,,2011-06-16
서울특별시 성동구 마장동 835,마장동,2581.2,공동주택,경비실,,2017-10-19
서울특별시 서대문구 홍은동 277-108,홍은동,0.0,공동주택,경비실,1.0,2005-12-09
서울특별시 서대문구 홍은동 459,홍은동,0.0,공동주택,경비실,0.0,2002-09-10
서울특별시 성동구 금호동2가 1217,금호동2가,,공동주택,경비실,,2012-05-18
서울특별시 성동구 송정동 104,송정동,,공동주택,경비실,,2009-03-12
서울특별시 강서구 마곡동 1535,마곡동,4622.9,공동주택,경비실,,2012-09-03
서울특별시 동작구 노량진동 332,노량진동,,공동주택,경비실,,2010-08-26
서울특별시 관악구 봉천동 1708,봉천동,0.0,공동주택,경비실,0.0,2000-12-28
서울특별시 서초구 서초동 1494-4,서초동,0.0,공동주택,경비실,0.0,2005-06-23
서울특별시 성동구 행당동 347,행당동,,공동주택,경비실,,2000-12-20
서울특별시 강서구 화곡동 1091,화곡동,150567.0,공동주택,경비실,0.0,2002-10-31
서울특별시 강서구 마곡동 1467,마곡동,12389.4,공동주택,경비실,0.0,2003-12-31
서울특별시 송파구 문정동 618,문정동,,공동주택,"관리사무소,MDF실,경비실,기계실,전기실,어린이집,경로당,주민공동시설,주민복리시설,게스트룸,도서관",,2016-09-29
서울특별시 강서구 가양동 1482,가양동,30406.9,공동주택,통합경비실,,2011-10-17
서울특별시 강서구 화곡동 1159,화곡동,106164.2,공동주택,경비실,,2008-01-08
서울특별시 강서구 내발산동 745,내발산동,12654.9,공동주택,경비실,0.0,2006-11-13
서울특별시 강서구 방화동 887,방화동,4299.3,공동주택,경비실,0.0,2007-01-31
서울특별시 노원구 월계동 927,월계동,0.0,공동주택,"관리실,노인정,경비실,엠디에프실",0.0,2000-04-26
서울특별시 강서구 방화동 868,방화동,9006.9,공동주택,경비실,0.0,2002-09-13
서울특별시 강동구 강일동 742,강일동,,공동주택,경비실,,2020-08-28
서울특별시 강동구 강일동 742,강일동,,공동주택,경비실,,2020-08-28
서울특별시 서초구 서초동 1467-62,서초동,0.0,공동주택,경비실,0.0,2005-12-23
서울특별시 서초구 서초동 1436-14,서초동,0.0,공동주택,경비실,0.0,2003-09-04
서울특별시 강서구 화곡동 1091,화곡동,150567.0,공동주택,경비실,0.0,2002-10-31
서울특별시 강서구 화곡동 1091,화곡동,150567.0,공동주택,경비실,0.0,2002-10-31
서울특별시 강서구 화곡동 1091,화곡동,150567.0,공동주택,경비실,0.0,2002-10-31
서울특별시 강서구 화곡동 1091,화곡동,150567.0,공동주택,경비실,0.0,2002-10-31
서울특별시 동대문구 장안동 581,장안동,,공동주택,경비실,,2012-07-26
서울특별시 양천구 신월동 1022,신월동,0.0,공동주택,경비실,0.0,2003-12-16
서울특별시 은평구 진관동 15,진관동,,공동주택,경비실,,2008-05-14
서울특별시 강서구 염창동 297,염창동,5988.3,공동주택,경비실,0.0,2004-07-01
서울특별시 성동구 행당동 347,행당동,,공동주택,경비실,,2000-12-30
서울특별시 성동구 행당동 347,행당동,,공동주택,경비실,,2000-12-30
서울특별시 성동구 행당동 347,행당동,,공동주택,경비실,,2000-12-30
서울특별시 성동구 행당동 347,행당동,,공동주택,경비실,,2000-12-30
서울특별시 강서구 방화동 860,방화동,7925.9,공동주택,경비실,0.0,1998-08-21
서울특별시 강서구 방화동 862,방화동,6224.4,공동주택,경비실,0.0,1999-08-16
서울특별시 서대문구 남가좌동 379,남가좌동,0.0,공동주택,경비실,0.0,2005-10-26
서울특별시 강서구 등촌동 714,등촌동,8055.1,공동주택,경비실,0.0,2003-11-19
서울특별시 강서구 내발산동 742,내발산동,49086.9,공동주택,경비실,0.0,2007-11-01
서울특별시 종로구 평창동 232,평창동,10317.0,제1종근린생활시설,경비실(대통령경호실),0.0,1993-11-02
서울특별시 마포구 용강동 502,용강동,,공동주택,경비실B,,2015-02-27
서울특별시 서대문구 남가좌동 380,남가좌동,0.0,공동주택,경비실,0.0,2005-12-09
서울특별시 구로구 항동 243,항동,,공동주택,"경비실,무인택배실",,2019-02-22
서울특별시 도봉구 방학동 720-18,방학동,0.0,공동주택,경비실,0.0,2002-10-19
서울특별시 강서구 방화동 804,방화동,8155.9,공동주택,경비실,0.0,1994-09-09
서울특별시 강서구 내발산동 659-1,내발산동,7049.3,공동주택,경비실,0.0,2006-03-30
서울특별시 구로구 신도림동 648,신도림동,0.0,공동주택,경비실,0.0,2003-08-16
서울특별시 강서구 염창동 281-22,염창동,19077.8,공동주택,경비실,0.0,2005-04-01
서울특별시 강서구 내발산동 742,내발산동,49086.9,공동주택,"아파트,경비실",100.0,2007-11-01
서울특별시 강서구 내발산동 759,내발산동,17280.1,공동주택,경비실,0.0,2007-10-19
서울특별시 강서구 등촌동 715,등촌동,86045.8,공동주택,경비실,0.0,2004-01-07
서울특별시 강서구 등촌동 715,등촌동,86045.8,공동주택,경비실,0.0,2004-01-07
서울특별시 강서구 염창동 281-22,염창동,19077.8,공동주택,경비실,0.0,2005-04-01
서울특별시 강서구 내발산동 657,내발산동,95662.2,공동주택,경비실,0.0,2005-05-04
서울특별시 강서구 내발산동 657,내발산동,95662.2,공동주택,경비실,0.0,2005-05-04
서울특별시 구로구 개봉동 489,개봉동,0.0,공동주택,경비실,0.0,2006-06-19
서울특별시 성동구 성수동2가 289-29,성수동2가,0.0,공장,경비실,0.0,1975-12-15
서울특별시 강서구 방화동 546-1,방화동,8175.7,공동주택,경비실,0.0,2005-06-02
서울특별시 강서구 방화동 814,방화동,44527.42,공동주택,경비실,0.0,1994-07-28
서울특별시 용산구 이촌동 426,이촌동,0.0,공동주택,경비실,0.0,2002-04-30
서울특별시 강서구 방화동 831,방화동,36392.0,공동주택,경비실,0.0,1994-08-24
서울특별시 강서구 마곡동 1478,마곡동,5794.7,공동주택,경비실,0.0,1998-01-09
서울특별시 양천구 신정동 1303,신정동,0.0,공동주택,경비실,0.0,2004-01-10
서울특별시 강서구 방화동 862,방화동,6224.4,공동주택,경비실,0.0,1999-08-16
서울특별시 성동구 금호동4가 235,금호동4가,,공동주택,경비실,,2012-08-16
서울특별시 성동구 금호동4가 235,금호동4가,,공동주택,경비실,,2012-08-16
서울특별시 구로구 구로동 1277,구로동,0.0,공동주택,경비실,0.0,2004-11-12
서울특별시 강동구 강일동 745,강일동,,공동주택,경비실,,2021-02-23
서울특별시 강서구 등촌동 716,등촌동,1574.6,공동주택,경비실,0.0,2005-11-23
서울특별시 송파구 풍납동 512,풍납동,0.0,공동주택,경비실,0.0,2006-06-29
서울특별시 성동구 금호동4가 1553,금호동4가,,공동주택,경비실-2,,2018-02-19
서울특별시 동대문구 이문동 225,이문동,0.0,공동주택,경비실,0.0,2003-07-09
서울특별시 노원구 상계동 1294,상계동,0.0,공동주택,경비실,0.0,1999-12-10
서울특별시 강동구 성내동 593,성내동,0.0,공동주택,"노인정,경비실",0.0,2002-07-03
서울특별시 영등포구 신길동 4945,신길동,,공동주택,경비실,,2015-12-29
서울특별시 강서구 염창동 287-1,염창동,0.0,공동주택,"아파트, 경비실, 관리실, 노인정, 중앙공급실",186.0,1992-05-20
서울특별시 동대문구 답십리동 1013,답십리동,,공동주택,경비실1,,2019-04-05
서울특별시 송파구 잠실동 35,잠실동,0.0,공동주택,경비실,0.0,2007-08-24
서울특별시 강서구 등촌동 676,등촌동,9085.4,공동주택,경비실,0.0,1995-09-15
서울특별시 영등포구 당산동4가 99,당산동4가,10442.1,공동주택,경비실,,2017-07-28
서울특별시 서초구 방배동 884-21,방배동,0.0,공동주택,경비실,0.0,2003-12-31
서울특별시 금천구 시흥동 1013,시흥동,0.0,공동주택,경비실,0.0,2004-08-06
서울특별시 동대문구 용두동 792,용두동,,공동주택,경비실,,2011-04-28
서울특별시 구로구 오류동 362,오류동,10083.8,공동주택,경비실,0.0,2025-08-08
서울특별시 성북구 동소문동7가 23,동소문동7가,0.0,공동주택,경비실,0.0,2004-07-05
서울특별시 서초구 반포동 2-12,반포동,,공동주택,"통합경비실-2,게스트하우스,용역원휴게실,티하우스,문주",,2016-08-30
서울특별시 강서구 방화동 546-1,방화동,8175.7,공동주택,경비실,0.0,2005-06-02
서울특별시 노원구 월계동 18,월계동,0.0,공동주택,경비실,0.0,2002-10-18
서울특별시 중랑구 묵동 7,묵동,,공동주택,경비실,,2013-06-24
서울특별시 노원구 공릉동 725,공릉동,0.0,공동주택,경비실,0.0,2001-09-17
서울특별시 은평구 진관동 235-28,진관동,,공동주택,경비실,,2019-02-08
서울특별시 은평구 불광동 645,불광동,,공동주택,경비실,,2018-11-29
서울특별시 강서구 방화동 878,방화동,3932.9,공동주택,경비실,0.0,2004-06-07
서울특별시 성북구 길음동 1284,길음동,,공동주택,경비실,,2010-06-30
서울특별시 양천구 신정동 1198-3,신정동,0.0,공동주택,경비실,0.0,2004-07-16
서울특별시 강북구 미아동 4,미아동,,공동주택,경비실,,2017-02-27
서울특별시 서초구 서초동 1755,서초동,,공동주택,경비실2,,2020-09-25
서울특별시 용산구 한남동 4-1,한남동,0.0,근린생활시설,"사무실, 경비실",0.0,1982-11-19
서울특별시 강서구 등촌동 715,등촌동,86045.8,공동주택,경비실,0.0,2004-01-07
서울특별시 성북구 석관동 410,석관동,,공동주택,경비실2,,2019-02-28
서울특별시 구로구 고척동 76-189,고척동,0.0,자동차관련시설,주차관리 및 경비실,0.0,2000-01-10
서울특별시 광진구 자양동 792,자양동,0.0,공동주택,경비실,0.0,2002-10-30
서울특별시 구로구 개봉동 486,개봉동,0.0,공동주택,경비실,0.0,2004-12-24
서울특별시 노원구 상계동 772-5,상계동,,,경비실,,
서울특별시 도봉구 창동 27,창동,0.0,공동주택,경비실,,2017-12-01
서울특별시 서초구 반포동 1,반포동,119799.8,공동주택,"관리사무소,MDF,방재실,경비실,용역원휴게실",0.0,2024-05-27
서울특별시 송파구 잠실동 19,잠실동,,공동주택,경비실,,2008-09-30
서울특별시 양천구 신정동 276,신정동,,공동주택,경비실,,2011-11-15
서울특별시 강남구 역삼동 711-3,역삼동,,공동주택,경비실,,2016-06-22
서울특별시 양천구 신정동 1326,신정동,,공동주택,경비실,,2021-01-28
서울특별시 강동구 상일동 558,상일동,,공동주택,경비실,,2021-02-23
서울특별시 은평구 진관동 10,진관동,,공동주택,경비실,,2008-06-14
서울특별시 동작구 신대방동 720,신대방동,,공동주택,경비실-2,,2010-07-26
서울특별시 강동구 상일동 515,상일동,,공동주택,경비실,,2018-03-08
서울특별시 구로구 신도림동 646,신도림동,0.0,공동주택,경비실,0.0,2003-05-27
서울특별시 서대문구 현저동 200,현저동,,공동주택,경비실,,
서울특별시 송파구 장지동 844,장지동,0.0,공동주택,경비실,0.0,2007-12-24
서울특별시 동대문구 이문동 427,이문동,0.0,공동주택,경비실,0.0,2007-06-20
서울특별시 중랑구 면목동 1528,면목동,0.0,공동주택,경비실,0.0,2005-10-27
서울특별시 서대문구 북가좌동 481,북가좌동,,공동주택,경비실,,2012-10-05
서울특별시 은평구 응암동 770,응암동,,공동주택,경비실,0.0,2022-10-20
서울특별시 성북구 종암동 131,종암동,0.0,공동주택,경비실,0.0,2005-09-30
서울특별시 서대문구 홍제동 473,홍제동,,공동주택,경비실,,2020-06-22
서울특별시 강동구 성내동 607,성내동,,공동주택,경비실,,2020-11-30
서울특별시 성북구 길음동 1286,길음동,,공동주택,경비실,,2010-09-30
서울특별시 성북구 길음동 1286,길음동,,공동주택,경비실,,2010-09-30
서울특별시 성북구 길음동 1286,길음동,,공동주택,경비실,,2010-09-30
서울특별시 은평구 진관동 27,진관동,,공동주택,경비실,,2010-11-30
서울특별시 강남구 도곡동 527,도곡동,0.0,공동주택,경비실,0.0,2006-01-27
서울특별시 노원구 월계동 944,월계동,0.0,공동주택,경비실,0.0,2005-12-16
서울특별시 마포구 현석동 225,현석동,,공동주택,경비실,,2016-07-14
서울특별시 성북구 삼선동3가 116,삼선동3가,,공동주택,경비실,,2012-04-30
서울특별시 동작구 노량진동 332,노량진동,,공동주택,경비실,,2010-08-26
서울특별시 중랑구 면목동 1530,면목동,0.0,공동주택,경비실,0.0,2005-09-05
서울특별시 용산구 이촌동 426,이촌동,0.0,공동주택,경비실,0.0,2002-04-30
서울특별시 강서구 오곡동 1,오곡동,1230943.3,운수시설,경비실,0.0,1996-02-23
서울특별시 성동구 성수동1가 715,성수동1가,0.0,공동주택,경비실,0.0,2003-10-27
서울특별시 강남구 도곡동 527,도곡동,0.0,공동주택,경비실,0.0,2006-01-27
서울특별시 송파구 방이동 88-20,방이동,14894.2,문화및집회시설,경비실,,2012-01-16
서울특별시 강동구 강일동 684,강일동,,공동주택,경비실,,2009-03-11
서울특별시 성북구 길음동 1284,길음동,,공동주택,경비실,,2010-06-30
서울특별시 중랑구 신내동 816,신내동,,공동주택,경비실,,2014-06-18
서울특별시 서초구 양재동 58,양재동,0.0,제2종근린생활시설,경비실,0.0,1989-03-02
서울특별시 강서구 가양동 1482,가양동,30406.9,공동주택,통합경비실,,2011-10-17
서울특별시 마포구 상암동 1736,상암동,,공동주택,경비실,,2010-07-20
서울특별시 마포구 아현동 777,아현동,,공동주택,경비실-2,,2014-09-26
서울특별시 은평구 녹번동 283,녹번동,,공동주택,경비실,,2019-08-01
서울특별시 서대문구 연희동 747,연희동,,공동주택,경비실,,2018-12-21
서울특별시 강서구 마곡동 750,마곡동,,공동주택,경비실,,2014-05-29
서울특별시 서대문구 홍제동 471,홍제동,,공동주택,경비실,,2016-02-03
서울특별시 성북구 동소문동7가 120,동소문동7가,,공동주택,경비실,,2010-11-26
서울특별시 마포구 상암동 1674,상암동,0.0,공동주택,경비실,0.0,2008-02-01
서울특별시 마포구 상암동 1660,상암동,0.0,공동주택,경비실,0.0,2005-06-02
서울특별시 성동구 행당동 349,행당동,0.0,공동주택,경비실,0.0,2003-12-23
서울특별시 성북구 보문동3가 230,보문동3가,,공동주택,경비실,,2013-12-24
서울특별시 강남구 역삼동 755-1,역삼동,0.0,공동주택,경비실,0.0,2006-08-14
서울특별시 구로구 항동 233,항동,0.0,공동주택,경비실,0.0,2004-12-10
서울특별시 영등포구 양평동1가 271,양평동1가,,공동주택,경비실,,2021-03-29
서울특별시 노원구 상계동 1295,상계동,0.0,공동주택,경비실,0.0,2000-06-30
서울특별시 노원구 상계동 1301,상계동,0.0,공동주택,경비실,0.0,2002-07-19
서울특별시 구로구 오류동 344,오류동,0.0,공동주택,경비실,0.0,2003-10-31
서울특별시 강북구 미아동 1353,미아동,0.0,공동주택,경비실,1.0,2004-05-07
서울특별시 마포구 공덕동 469,공덕동,,공동주택,경비실-2,,2011-08-25
서울특별시 강서구 방화동 895,방화동,1967.2,공동주택,경비실,,2009-07-30
서울특별시 양천구 신월동 1075,신월동,,공동주택,경비실,,2020-05-28
서울특별시 서대문구 현저동 200,현저동,,공동주택,경비실,,
서울특별시 강남구 도곡동 543-7,도곡동,0.0,공동주택,경비실,0.0,2007-03-27
서울특별시 강남구 삼성동 7-3,삼성동,0.0,공동주택,경비실,0.0,2007-05-25
서울특별시 서초구 잠원동 164,잠원동,10054.4,공동주택,경비실,0.0,2022-12-28
서울특별시 양천구 신정동 1324,신정동,,공동주택,"경비실,택배보관소",,2016-08-10
서울특별시 구로구 오류동 346,오류동,0.0,공동주택,경비실,0.0,2004-04-16
서울특별시 강서구 마곡동 738,마곡동,,공동주택,경비실,,2014-06-20
서울특별시 강서구 가양동 1478,가양동,42110.4,공동주택,통합경비실,,2011-10-17
서울특별시 마포구 공덕동 479,공덕동,,제1종근린생활시설,"근린생활시설,지하주차장,관리사무소,MDF실,방재실,경비실,전기실,발전기실,CO2실,제연휀룸",,2021-11-18
서울특별시 성북구 길음동 1289,길음동,,공동주택,경비실,,2022-01-27
서울특별시 양천구 목동 931,목동,0.0,공동주택,경비실,0.0,1997-07-16
서울특별시 노원구 월계동 944,월계동,0.0,공동주택,경비실,0.0,2005-12-16
서울특별시 용산구 이태원동 154-7,이태원동,0.0,공동주택,"공동주택, 경비실",3.0,1986-09-17
서울특별시 동작구 상도동 900,상도동,,공동주택,경비실,,2016-08-26
서울특별시 도봉구 창동 824,창동,0.0,공동주택,경비실,0.0,2004-06-29
서울특별시 도봉구 창동 825,창동,0.0,공동주택,경비실,0.0,2004-07-30
서울특별시 송파구 신천동 17,신천동,,공동주택,경비실,,2008-11-12
서울특별시 영등포구 당산동4가 99,당산동4가,10442.1,공동주택,경비실,,2017-07-28
서울특별시 노원구 상계동 1272,상계동,0.0,공동주택,경비실,0.0,1995-09-28
서울특별시 노원구 중계동 598,중계동,0.0,공동주택,경비실,0.0,2005-03-03
서울특별시 구로구 고척동 336,고척동,0.0,공동주택,경비실,0.0,2004-12-10
서울특별시 노원구 상계동 1285,상계동,0.0,공동주택,경비실,0.0,1999-11-25
서울특별시 구로구 항동 246,항동,,공동주택,"경비실,택배보관실,휴게실",,2020-02-27
서울특별시 금천구 시흥동 1013,시흥동,0.0,공동주택,경비실,0.0,2004-08-06
서울특별시 금천구 시흥동 1013,시흥동,0.0,공동주택,경비실,0.0,2004-08-06
서울특별시 서초구 방배동 2626,방배동,0.0,공동주택,경비실,0.0,2003-10-01
서울특별시 양천구 목동 941,목동,0.0,공동주택,경비실,0.0,2003-06-28
서울특별시 영등포구 신길동 4967,신길동,,공동주택,공동주택(부경비실),,2022-02-17
서울특별시 성북구 보문동6가 458,보문동6가,,공동주택,경비실,,2017-01-18
서울특별시 강서구 화곡동 1155,화곡동,3937.0,공동주택,경비실,0.0,2005-08-29
서울특별시 도봉구 창동 27,창동,0.0,공동주택,경비실,,2017-12-01
서울특별시 마포구 공덕동 457,공덕동,0.0,제2종근린생활시설,경비실,0.0,2004-08-30
서울특별시 중구 만리동2가 273,만리동2가,,공동주택,경비실,,2017-08-07
서울특별시 마포구 창전동 450,창전동,,공동주택,경비실,,2021-01-11
서울특별시 강남구 자곡동 619,자곡동,,공동주택,"관리사무소,방재실,MDF실,휘트니스센터,골프연습장,주민카페,경비실,작은도서관,인포넷,방과후교실",,2015-06-02
서울특별시 관악구 남현동 1138,남현동,0.0,공동주택,경비실,0.0,2007-03-28
서울특별시 서초구 반포동 2-12,반포동,,공동주택,"용역원휴게실,경비실",,2016-08-30
서울특별시 서초구 잠원동 158,잠원동,,공동주택,경비실,,2016-06-22
서울특별시 양천구 목동 752-1,목동,0.0,공동주택,경비실,0.0,1998-10-30
서울특별시 양천구 신정동 1311,신정동,0.0,공동주택,경비실,0.0,2005-10-28
서울특별시 강남구 수서동 795,수서동,,공동주택,경비실,,2014-08-05
서울특별시 종로구 신문로2가 1-43,신문로2가,0.0,공장,"청사, 경비실",0.0,1974-12-24
서울특별시 강동구 암사동 508,암사동,0.0,공동주택,경비실,0.0,2002-11-01
서울특별시 관악구 봉천동 1560-61,봉천동,0.0,공동주택,경비실,0.0,2006-11-30
서울특별시 관악구 신림동 1736,신림동,0.0,공동주택,경비실,0.0,2007-02-06
서울특별시 서초구 서초동 1458-6,서초동,0.0,공동주택,경비실,0.0,2005-12-01
서울특별시 구로구 오류동 341,오류동,0.0,공동주택,경비실,0.0,2002-07-05
서울특별시 강동구 길동 361-18,길동,0.0,공동주택,경비실,0.0,2004-11-19
서울특별시 강서구 내발산동 753,내발산동,36273.3,공동주택,경비실,0.0,2008-02-20
서울특별시 동작구 사당동 1150,사당동,0.0,공동주택,경비실,0.0,2003-10-02
서울특별시 서초구 서초동 1467-37,서초동,0.0,공동주택,경비실,0.0,2005-12-23
서울특별시 강동구 상일동 513,상일동,,공동주택,경비실,,2019-12-30
서울특별시 도봉구 쌍문동 734,쌍문동,,공동주택,경비실,,2021-10-21
서울특별시 성북구 장위동 322-22,장위동,4635.4,공동주택,경비실,,2022-08-31
서울특별시 은평구 응암동 770,응암동,,공동주택,경비실,0.0,2022-10-20
서울특별시 동작구 신대방동 720,신대방동,,공동주택,경비실-1,,2010-07-26
서울특별시 강남구 자곡동 687,자곡동,,공동주택,경비실,,2014-03-13
서울특별시 성동구 행당동 349,행당동,0.0,공동주택,경비실,0.0,2003-12-23
서울특별시 서초구 반포동 18-1,반포동,,공동주택,(경비실),,2009-07-14
서울특별시 서초구 방배동 3279,방배동,,공동주택,경비실,,2019-12-26
서울특별시 강북구 미아동 461,미아동,,공동주택,경비실,,2010-09-10
서울특별시 강남구 역삼동 763-16,역삼동,19521.0,공동주택,"경비실,화장실",,2009-12-28
서울특별시 강남구 논현동 276-1,논현동,,공동주택,경비실,,2014-12-08
서울특별시 강남구 대치동 985,대치동,,공동주택,경비실1,,2014-02-28
서울특별시 강서구 내발산동 742,내발산동,49086.9,공동주택,경비실,0.0,2007-11-01
서울특별시 강남구 수서동 795,수서동,,공동주택,경비실,,2014-08-05
서울특별시 강서구 방화동 874,방화동,12070.5,공동주택,경비실,0.0,2003-10-28
서울특별시 강남구 역삼동 757,역삼동,0.0,공동주택,경비실,0.0,2005-10-26
서울특별시 강남구 자곡동 687,자곡동,,공동주택,경비실,,2014-03-13
서울특별시 성북구 하월곡동 222,하월곡동,0.0,공동주택,경비실,0.0,2003-04-30
서울특별시 강남구 개포동 1281,개포동,,공동주택,경비실,,2019-08-29
서울특별시 구로구 신도림동 647,신도림동,0.0,공동주택,경비실,0.0,2003-08-16
서울특별시 성동구 응봉동 276,응봉동,0.0,공동주택,경비실,0.0,2003-06-07
서울특별시 성북구 보문동6가 458,보문동6가,,공동주택,경비실,,2017-01-18
서울특별시 강남구 자곡동 686,자곡동,,공동주택,경비실,,2014-03-14
서울특별시 강남구 자곡동 686,자곡동,,공동주택,경비실,,2014-03-14
서울특별시 강남구 자곡동 686,자곡동,,공동주택,경비실,,2014-03-14
서울특별시 강남구 자곡동 602,자곡동,,공동주택,경비실,,2014-10-02
서울특별시 성동구 성수동1가 718,성수동1가,,공동주택,경비실,,2017-05-29
서울특별시 강서구 내발산동 742,내발산동,49086.9,공동주택,경비실,0.0,2007-11-01
서울특별시 강남구 세곡동 508,세곡동,,공동주택,경비실,,2011-02-23
서울특별시 송파구 장지동 847,장지동,,공동주택,경비실,,2008-08-25
서울특별시 강서구 방화동 816,방화동,25115.3,공동주택,경비실,0.0,1994-08-09
서울특별시 강남구 일원동 742,일원동,,공동주택,경비실,,2021-01-22
서울특별시 강남구 세곡동 516,세곡동,,공동주택,경비실,,2011-02-23
서울특별시 성동구 금호동4가 235-1,금호동4가,2636.3,공동주택,경비실,,2012-08-16
서울특별시 성동구 상왕십리동 811,상왕십리동,,공동주택,경비실,,2014-06-26
서울특별시 마포구 창전동 443,창전동,0.0,공동주택,경비실,0.0,2007-12-12
서울특별시 강남구 역삼동 762-3,역삼동,,공동주택,경비실,,2011-06-10
서울특별시 강남구 역삼동 762-3,역삼동,,공동주택,경비실,,2011-06-10
서울특별시 성북구 길음동 1282,길음동,0.0,공동주택,경비실,0.0,2006-06-23
서울특별시 서초구 방배동 888-53,방배동,0.0,공동주택,경비실,0.0,2003-11-01
서울특별시 강남구 일원동 711,일원동,,공동주택,통합경비실,,2011-09-02
서울특별시 강남구 삼성동 188,삼성동,,공동주택,경비실,,2018-03-30
서울특별시 강동구 강일동 670,강일동,,공동주택,경비실,,2009-07-13
서울특별시 성북구 하월곡동 222,하월곡동,0.0,공동주택,경비실,0.0,2003-04-30
서울특별시 강남구 일원동 741,일원동,,공동주택,"경비실,외부계단,외부승강기",,2018-11-21
서울특별시 강남구 세곡동 525,세곡동,,공동주택,경비실,,2011-11-01
서울특별시 강남구 세곡동 525,세곡동,,공동주택,경비실,,2011-11-01
서울특별시 강남구 개포동 1282,개포동,,공동주택,경비실,,2020-09-28
서울특별시 강남구 개포동 1282,개포동,,공동주택,경비실,,2020-09-28
서울특별시 강서구 염창동 272-11,염창동,18107.0,공동주택,경비실,0.0,2005-03-28
서울특별시 강서구 내발산동 742,내발산동,49086.9,공동주택,경비실,0.0,2007-11-01
서울특별시 도봉구 창동 817,창동,0.0,공동주택,경비실,0.0,2004-06-30
서울특별시 영등포구 문래동4가 68,문래동4가,,공동주택,경비실,,2008-05-06
서울특별시 은평구 응암동 770,응암동,,공동주택,경비실,0.0,2022-10-20
서울특별시 강남구 자곡동 619,자곡동,,공동주택,경비실,,2015-06-02
서울특별시 은평구 응암동 739,응암동,0.0,공동주택,경비실,0.0,1998-07-03
서울특별시 송파구 장지동 842,장지동,,공동주택,경비실,,2008-10-20
서울특별시 강동구 고덕동 693,고덕동,,공동주택,경비실,,2019-09-27
서울특별시 송파구 장지동 894,장지동,,공동주택,경비실,,2015-11-30
서울특별시 강남구 율현동 513,율현동,,공동주택,경비실,,2015-09-23
서울특별시 강남구 청담동 134-38,청담동,,공동주택,경비실,,2011-10-21
서울특별시 영등포구 대림동 1127,대림동,,공동주택,경비실,,2020-07-28
서울특별시 구로구 구로동 1280-1,구로동,0.0,공동주택,경비실,0.0,2007-05-17
서울특별시 관악구 남현동 1137,남현동,0.0,공동주택,경비실,0.0,2005-08-11
서울특별시 강서구 염창동 298,염창동,6468.0,공동주택,경비실,0.0,2004-11-19
서울특별시 노원구 하계동 354,하계동,0.0,공동주택,경비실,0.0,1999-02-12
서울특별시 동작구 상도동 408,상도동,0.0,공동주택,경비실,0.0,1994-02-25
서울특별시 양천구 목동 940,목동,0.0,공동주택,경비실,0.0,2003-06-28
서울특별시 성동구 하왕십리동 1058,하왕십리동,0.0,공동주택,경비실,0.0,2001-12-14
서울특별시 강남구 개포동 651-1,개포동,,공동주택,경비실,,2021-12-01
서울특별시 관악구 봉천동 1712,봉천동,0.0,공동주택,경비실,0.0,2003-09-06
서울특별시 강북구 미아동 811,미아동,,공동주택,경비실,,2011-10-31
서울특별시 강북구 미아동 811,미아동,,공동주택,경비실,,2011-10-31
서울특별시 성북구 정릉동 210,정릉동,0.0,공동주택,"경비실,주민공동시설",0.0,2003-10-04
서울특별시 동대문구 장안동 329-2,장안동,,공동주택,경비실,,2007-08-04
서울특별시 은평구 녹번동 281,녹번동,,공동주택,경비실,,2015-07-22
서울특별시 서대문구 남가좌동 379,남가좌동,0.0,공동주택,경비실,0.0,2005-10-26
서울특별시 성동구 응봉동 15,응봉동,0.0,공동주택,경비실,0.0,2001-10-26
서울특별시 성동구 응봉동 15,응봉동,0.0,공동주택,경비실,0.0,2001-10-26
서울특별시 동작구 본동 492,본동,0.0,공동주택,경비실,0.0,2004-10-21
서울특별시 관악구 봉천동 1712,봉천동,0.0,공동주택,경비실,0.0,2003-09-06
서울특별시 관악구 신림동 1727,신림동,0.0,공동주택,경비실,0.0,2003-09-29
서울특별시 강남구 대치동 1027,대치동,,공동주택,경비실,,2015-09-22
서울특별시 구로구 구로동 1278,구로동,0.0,공동주택,경비실,0.0,2006-07-28
서울특별시 중랑구 망우동 580,망우동,0.0,공동주택,경비실,0.0,2006-04-28
서울특별시 강서구 화곡동 1157,화곡동,3369.9,공동주택,경비실,0.0,2005-11-07
서울특별시 서대문구 북가좌동 455,북가좌동,0.0,공동주택,경비실,0.0,2005-10-31
서울특별시 성동구 행당동 347,행당동,,공동주택,경비실,,2000-12-30
서울특별시 강남구 수서동 799,수서동,,공동주택,"경비실,옥외ELEV,기사대기실",,2016-07-27
서울특별시 용산구 이촌동 436,이촌동,,공동주택,경비실,,2015-07-30
서울특별시 강북구 미아동 811,미아동,,공동주택,경비실,,2011-10-31
서울특별시 강서구 염창동 272-11,염창동,18107.0,공동주택,경비실,0.0,2005-03-28
서울특별시 강서구 마곡동 716,마곡동,10631.6,공동주택,경비실,0.0,2005-02-14
서울특별시 노원구 중계동 590,중계동,0.0,공동주택,경비실,0.0,1999-06-15
서울특별시 금천구 시흥동 989-10,시흥동,0.0,업무시설,경비실,0.0,2005-02-14
서울특별시 금천구 독산동 1143,독산동,0.0,공동주택,"경로당 및 경비실, 관리사무실,MDF실",0.0,2008-04-21
서울특별시 강남구 논현동 40,논현동,,공동주택,경비실2,,2022-06-10
서울특별시 금천구 시흥동 1013,시흥동,0.0,공동주택,경비실,0.0,2004-08-06
서울특별시 금천구 시흥동 1014,시흥동,0.0,공동주택,경비실,0.0,2004-04-02
서울특별시 성동구 금호동1가 633,금호동1가,0.0,공동주택,경비실,0.0,2001-12-03
서울특별시 동작구 대방동 509,대방동,0.0,공동주택,경비실,0.0,2005-09-16
서울특별시 성북구 종암동 130,종암동,0.0,공동주택,경비실,0.0,2004-09-24
서울특별시 중랑구 신내동 801,신내동,0.0,공동주택,경비실,0.0,2004-02-13
서울특별시 마포구 공덕동 44,공덕동,0.0,공동주택,경비실,0.0,2004-06-29
서울특별시 양천구 목동 950,목동,0.0,공동주택,경비실,0.0,2006-07-05
서울특별시 강서구 내발산동 741,내발산동,26733.7,공동주택,경비실,0.0,2007-07-26
서울특별시 금천구 시흥동 1013,시흥동,0.0,공동주택,경비실,0.0,2004-08-06
서울특별시 금천구 시흥동 1013,시흥동,0.0,공동주택,경비실,0.0,2004-08-06
서울특별시 금천구 시흥동 1017,시흥동,0.0,공동주택,경비실,0.0,2006-11-28
서울특별시 관악구 봉천동 1721,봉천동,0.0,공동주택,경비실,0.0,2005-04-19
서울특별시 금천구 시흥동 1018,시흥동,0.0,공동주택,관리실및경비실/경로당,0.0,2008-01-15
서울특별시 성북구 하월곡동 225,하월곡동,0.0,공동주택,경비실,0.0,2006-07-19
서울특별시 금천구 시흥동 1013-4,시흥동,0.0,공동주택,경비실,0.0,2004-08-06
서울특별시 중랑구 신내동 317,신내동,,공동주택,경비실,,2010-01-08
서울특별시 성북구 하월곡동 226,하월곡동,0.0,공동주택,경비실,0.0,2007-10-23
서울특별시 중랑구 묵동 386,묵동,0.0,공동주택,경비실,0.0,2003-12-03
서울특별시 강북구 미아동 1353,미아동,0.0,공동주택,경비실,1.0,2004-05-07
서울특별시 마포구 성산동 601,성산동,0.0,공동주택,경비실,0.0,2004-08-24
서울특별시 중랑구 신내동 816,신내동,,공동주택,경비실,,2014-06-18
서울특별시 마포구 망원동 509,망원동,0.0,제2종근린생활시설,공동주택(경비실),0.0,2004-07-30
서울특별시 서초구 서초동 1312-3,서초동,0.0,공동주택,경비실,0.0,2006-06-07
서울특별시 성북구 상월곡동 101,상월곡동,0.0,공동주택,경비실,0.0,2003-06-27
서울특별시 마포구 상암동 1674,상암동,0.0,공동주택,경비실,0.0,2008-02-01
서울특별시 영등포구 신길동 4939,신길동,,교정및군사시설,경비실,,2002-05-31
서울특별시 서초구 내곡동 399,내곡동,8127.0,교육연구시설,교육연구시설(경비실),,2019-07-31
서울특별시 강남구 대치동 1029,대치동,,공동주택,경비실,,2017-06-20
서울특별시 강북구 미아동 1353,미아동,0.0,공동주택,경비실,1.0,2004-05-07
서울특별시 서초구 양재동 212,양재동,,공동주택,경비실,,2014-06-26
서울특별시 양천구 신월동 1055,신월동,,공동주택,경비실,,2012-11-26
서울특별시 성북구 정릉동 1025,정릉동,0.0,공동주택,경비실,0.0,2004-12-23
서울특별시 강동구 상일동 560,상일동,,공동주택,"작은도서관,공유주방,농기구보관소,경비실",,2021-02-15
서울특별시 서초구 방배동 424-28,방배동,,공동주택,경비실-1,,2013-11-20
서울특별시 서대문구 북가좌동 456,북가좌동,,공동주택,경비실,,2008-12-23
서울특별시 마포구 중동 398,중동,0.0,공동주택,경비실,0.0,2006-05-04
서울특별시 종로구 무악동 60,무악동,,공동주택,경비실,,2008-07-25
서울특별시 관악구 봉천동 1718,봉천동,0.0,공동주택,경비실,0.0,2005-07-05
서울특별시 은평구 구산동 548,구산동,,공동주택,"방재실,MDF,경비실,관리사무소,정화조관리층,전기실,발전기실,기계실,빗물저수조,주차장",,2022-02-03
서울특별시 서초구 방배동 424-28,방배동,,공동주택,경비실-2,,2013-11-20
서울특별시 강남구 삼성동 104-10,삼성동,0.0,공동주택,"MDF실,경비실,관리실",0.0,2005-12-19
서울특별시 강동구 상일동 562,상일동,,공동주택,"경비실,무인택배보관소",,2022-04-15
서울특별시 강동구 강일동 746,강일동,,공동주택,경비실,,2021-02-10
서울특별시 강남구 일원동 711,일원동,,공동주택,통합경비실,,2011-09-02
서울특별시 성동구 송정동 104,송정동,,공동주택,경비실,,2009-03-12
서울특별시 성동구 성수동2가 843,성수동2가,,공동주택,경비실,,2009-06-09
서울특별시 강북구 미아동 4,미아동,,공동주택,경비실,,2017-02-27
서울특별시 양천구 신정동 1278,신정동,0.0,공동주택,경비실(5개소),0.0,1996-09-10
서울특별시 강동구 강일동 744,강일동,,공동주택,"경비실,무인택배보관소",,2021-02-23
서울특별시 마포구 신공덕동 170,신공덕동,,공동주택,경비실,,2009-02-19
서울특별시 구로구 천왕동 273,천왕동,,공동주택,경비실,,2011-08-03
서울특별시 서대문구 남가좌동 380,남가좌동,0.0,공동주택,경비실,0.0,2005-12-09
서울특별시 성동구 행당동 165,행당동,0.0,제1종근린생활시설,경비실,0.0,1971-04-14
서울특별시 강동구 상일동 562,상일동,,공동주택,경비실,,2022-04-15
서울특별시 강동구 강일동 746,강일동,,공동주택,경비실,,2021-02-10
서울특별시 강동구 강일동 744,강일동,,공동주택,"경비실,무인택배보관소",,2021-02-23
서울특별시 강서구 내발산동 676-12,내발산동,1053.5,공동주택,경비실,0.0,2003-10-27
서울특별시 도봉구 창동 27,창동,0.0,공동주택,경비실,,2017-12-01
서울특별시 영등포구 영등포동 649,영등포동,0.0,공동주택,경비실,0.0,2004-10-15
서울특별시 구로구 온수동 155,온수동,,공동주택,경비실,,2010-02-17
서울특별시 도봉구 창동 825,창동,0.0,공동주택,경비실,0.0,2004-07-30
서울특별시 중랑구 망우동 598,망우동,,공동주택,경비실,,2021-10-08
서울특별시 은평구 증산동 248,증산동,0.0,공동주택,경비실,0.0,2001-09-07
서울특별시 영등포구 신길동 456-19,신길동,0.0,공동주택,경비실,0.0,2006-03-10
서울특별시 중랑구 신내동 317,신내동,,공동주택,경비실,,2010-01-08
서울특별시 성동구 행당동 349,행당동,0.0,공동주택,경비실,0.0,2003-12-23
서울특별시 성북구 장위동 317,장위동,,공동주택,경비실,,2008-12-26
서울특별시 성북구 정릉동 1020,정릉동,,공동주택,경비실,,
서울특별시 광진구 광장동 401-16,광장동,14166.0,제1종근린생활시설,"변전소, 경비실",,1981-09-15
서울특별시 강남구 삼성동 50,삼성동,,공동주택,일반경비실,,2008-12-10
서울특별시 동대문구 용두동 795,용두동,,공동주택,경비실,,2021-11-25
서울특별시 관악구 신림동 1735,신림동,,공동주택,경비실,,2008-03-06
서울특별시 서초구 서초동 1310-4,서초동,,공동주택,경비실,,2008-08-22
서울특별시 서초구 방배동 998,방배동,,공동주택,경비실,,2008-07-14
서울특별시 중랑구 신내동 317,신내동,,공동주택,경비실,,2010-01-08
서울특별시 서초구 서초동 1350-13,서초동,0.0,공동주택,"경비실, 노인정",0.0,
서울특별시 은평구 녹번동 281,녹번동,,공동주택,경비실,,2015-07-22
서울특별시 마포구 상암동 1643,상암동,0.0,제2종근린생활시설,경비실,0.0,
서울특별시 송파구 풍납동 506,풍납동,,공동주택,경비실,0.0,1995-06-13
서울특별시 영등포구 신길동 67-1,신길동,0.0,공동주택,경비실,0.0,1999-06-15
서울특별시 동대문구 이문동 225,이문동,0.0,공동주택,경비실,0.0,2003-07-09
서울특별시 동대문구 청량리동 949,청량리동,0.0,공동주택,경비실,0.0,2004-07-07
서울특별시 서대문구 홍은동 461-1,홍은동,,공동주택,경비실,,2009-08-31
서울특별시 양천구 신정동 1302,신정동,0.0,공동주택,경비실,0.0,2004-01-20
서울특별시 양천구 신정동 1317,신정동,,공동주택,경비실,,2011-06-29
서울특별시 서초구 반포동 20-43,반포동,,공동주택,경비실,,2009-03-13
서울특별시 서초구 반포동 20-43,반포동,,공동주택,경비실,,2009-03-13
서울특별시 서초구 반포동 20-43,반포동,,공동주택,경비실,,2009-03-13
서울특별시 영등포구 문래동3가 55-4,문래동3가,0.0,업무시설,경비실,0.0,2004-02-25
서울특별시 양천구 신월동 1055,신월동,,공동주택,경비실,,2012-11-26
서울특별시 서초구 내곡동 384,내곡동,,공동주택,경비실,,2015-06-18
서울특별시 서초구 내곡동 384,내곡동,,공동주택,경비실,,2015-06-18
서울특별시 서초구 서초동 1529,서초동,0.0,공동주택,경비실,0.0,2005-02-28
서울특별시 동작구 본동 487,본동,0.0,공동주택,경비실,0.0,2004-08-07
서울특별시 동작구 대방동 508,대방동,0.0,공동주택,경비실,0.0,2003-06-28
서울특별시 광진구 구의동 668,구의동,,공동주택,경비실,,2018-09-27
서울특별시 마포구 아현동 802,아현동,,공동주택,경비실,,2017-11-16
서울특별시 영등포구 당산동5가 42,당산동5가,0.0,공동주택,경비실,0.0,2003-12-30
서울특별시 송파구 잠실동 19,잠실동,,공동주택,경비실,,2008-09-30
서울특별시 강동구 고덕동 688,고덕동,,공동주택,경비실,,2016-12-29
서울특별시 양천구 신월동 1037,신월동,,공동주택,경비실(304동),,2008-11-04
서울특별시 마포구 공덕동 479,공덕동,,업무시설,"업무시설,근린생활시설,지하주차장,관리사무소,MDF실,방재실,경비실,기계실,전기실,발전기실,CO2실,제연휀룸",,2021-11-18
서울특별시 서초구 반포동 18-1,반포동,,공동주택,(경비실),,2009-07-14
서울특별시 노원구 중계동 361-1,중계동,0.0,공동주택,경비실,0.0,1993-07-31
서울특별시 영등포구 당산동4가 95,당산동4가,0.0,공동주택,경비실,0.0,
서울특별시 송파구 잠실동 19,잠실동,,공동주택,경비실,,2008-09-30
서울특별시 송파구 장지동 835,장지동,,공동주택,경비실,,2008-09-25
서울특별시 성동구 행당동 347,행당동,,공동주택,경비실,,2000-12-30
서울특별시 성북구 석관동 408,석관동,,공동주택,경비실,,2011-01-28
서울특별시 강동구 상일동 514,상일동,,공동주택,경비실,,2019-12-30
서울특별시 영등포구 문래동3가 98,문래동3가,0.0,공동주택,경비실,0.0,2007-12-10
서울특별시 동작구 상도동 431,상도동,0.0,공동주택,경비실,0.0,2004-12-24
서울특별시 양천구 목동 539-4,목동,0.0,공동주택,경비실,0.0,2003-01-10
서울특별시 용산구 한남동 810,한남동,,공동주택,경비실,,2011-01-07
서울특별시 동대문구 답십리동 1003,답십리동,,공동주택,부대시설(경비실),,2014-10-13
서울특별시 동작구 신대방동 707,신대방동,0.0,공동주택,경비실,0.0,1996-02-13
서울특별시 양천구 신월동 207-24,신월동,0.0,공동주택,경비실,1.0,1998-01-23
서울특별시 성북구 돈암동 642,돈암동,,공동주택,공동주택(경비실),,2013-01-15
서울특별시 동작구 대방동 508,대방동,0.0,공동주택,경비실,0.0,2003-06-28
서울특별시 동작구 상도동 450,상도동,0.0,공동주택,경비실(임대),0.0,2004-12-06
서울특별시 동작구 상도동 450,상도동,0.0,공동주택,경비실,0.0,2004-12-06
서울특별시 성동구 금호동3가 700,금호동3가,,공동주택,경비실,,2012-07-05
서울특별시 서초구 방배동 906-13,방배동,,공동주택,경비실1,,2010-02-03
서울특별시 마포구 대흥동 804,대흥동,,공동주택,경비실,,2014-03-06
서울특별시 강서구 내발산동 756,내발산동,27798.7,공동주택,경비실,,2008-10-01
서울특별시 동작구 신대방동 716,신대방동,0.0,공동주택,경비실,0.0,2003-10-24
서울특별시 강서구 화곡동 1165,화곡동,131939.1,공동주택,경비실,,2015-08-19
서울특별시 강서구 염창동 309,염창동,16466.0,공동주택,경비실,,2019-03-08
서울특별시 동작구 상도동 527,상도동,0.0,공동주택,경비실,0.0,2007-12-26
서울특별시 동작구 상도동 527,상도동,0.0,공동주택,경비실,0.0,2007-12-26
서울특별시 강남구 일원동 711,일원동,,공동주택,통합경비실,,2011-09-02
서울특별시 노원구 월계동 951,월계동,,공동주택,경비실,,2020-01-30
서울특별시 강남구 도곡동 970,도곡동,0.0,공동주택,경비실,0.0,2007-04-27
서울특별시 동작구 상도동 415,상도동,0.0,공동주택,경비실,0.0,2003-10-30
서울특별시 동작구 상도동 458,상도동,0.0,공동주택,"경비실2,구내통신실",0.0,2006-11-17
서울특별시 동작구 사당동 1133,사당동,0.0,공동주택,경비실,0.0,2003-02-15
서울특별시 동작구 상도동 415,상도동,0.0,공동주택,경비실,0.0,2003-10-30
서울특별시 도봉구 방학동 271-2,방학동,2535.4,제1종근린생활시설,경비실,,
서울특별시 강서구 공항동 1373,공항동,3425949.9,창고시설,"경비실, 창고 및 기내식제조",0.0,1986-05-27
서울특별시 양천구 신정동 1219-1,신정동,0.0,공동주택,"경비실,엠디에프실",0.0,2004-01-30
서울특별시 동작구 상도동 413,상도동,0.0,공동주택,경비실,0.0,1997-02-28
서울특별시 동작구 상도동 408,상도동,0.0,공동주택,경비실,0.0,1994-02-25
서울특별시 강서구 화곡동 1165,화곡동,131939.1,공동주택,경비실,,2015-08-19
서울특별시 동작구 상도동 414,상도동,0.0,공동주택,경비실,0.0,1997-09-12
서울특별시 서초구 반포동 30-26,반포동,,공동주택,경비실,,2010-10-29
서울특별시 서초구 반포동 30-26,반포동,,공동주택,경비실,,2010-10-29
서울특별시 성북구 동소문동7가 23,동소문동7가,0.0,공동주택,경비실,0.0,2004-07-05
서울특별시 강서구 방화동 862,방화동,6224.4,공동주택,경비실,0.0,1999-08-16
서울특별시 강서구 방화동 868,방화동,9006.9,공동주택,경비실,0.0,2002-09-13
서울특별시 서초구 우면동 701,우면동,,공동주택,경비실,,2011-09-30
서울특별시 금천구 가산동 345-28,가산동,0.0,공장,경비실,0.0,1991-07-30
서울특별시 양천구 신월동 1077,신월동,,공동주택,"경비실,택배보관소",,2020-05-28
서울특별시 양천구 신정동 276,신정동,,공동주택,경비실,,2011-11-15
서울특별시 성북구 길음동 1284,길음동,,공동주택,경비실,,2010-06-30
서울특별시 서초구 반포동 20-43,반포동,,공동주택,경비실,,2009-03-13
서울특별시 강서구 마곡동 744,마곡동,,공동주택,경비실,,2021-02-15
서울특별시 동대문구 장안동 336,장안동,0.0,공동주택,경비실,0.0,2003-10-28
서울특별시 동대문구 이문동 225,이문동,0.0,공동주택,경비실,0.0,2003-07-09
서울특별시 구로구 천왕동 277,천왕동,,공동주택,경비실,,2011-07-19
서울특별시 금천구 시흥동 1013,시흥동,0.0,공동주택,경비실,0.0,2004-08-06
서울특별시 송파구 가락동 15-14,가락동,0.0,공동주택,"연립주택, 경비실",12.0,1990-03-07
서울특별시 영등포구 문래동6가 57,문래동6가,,공동주택,경비실,,2020-03-24
서울특별시 은평구 진관동 19,진관동,,공동주택,경비실,,2008-05-14
서울특별시 동작구 상도동 421,상도동,0.0,공동주택,경비실,0.0,2003-10-30
서울특별시 용산구 한강로3가 91,한강로3가,0.0,공동주택,경비실,0.0,2006-09-15
서울특별시 중랑구 신내동 817,신내동,,공동주택,경비실,,2013-12-11
서울특별시 중랑구 신내동 817,신내동,,공동주택,경비실,,2013-12-11
서울특별시 동대문구 청량리동 212,청량리동,0.0,공동주택,경비실,0.0,2001-09-24
서울특별시 동대문구 청량리동 212,청량리동,0.0,공동주택,경비실,0.0,2001-09-24
서울특별시 동작구 상도동 418,상도동,0.0,공동주택,경비실,0.0,2003-11-20
서울특별시 은평구 응암동 176,응암동,,공동주택,경비실,,2008-07-17
서울특별시 은평구 녹번동 278-1,녹번동,,공동주택,경비실,,
서울특별시 동대문구 답십리동 1014,답십리동,,공동주택,경비실-1,,2019-01-22
서울특별시 노원구 월계동 18,월계동,0.0,공동주택,경비실,0.0,2002-10-18
서울특별시 노원구 월계동 320-9,월계동,0.0,공동주택,경비실,0.0,1995-06-12
서울특별시 양천구 신정동 1303,신정동,0.0,공동주택,경비실,0.0,2004-01-10
서울특별시 구로구 개봉동 489,개봉동,0.0,공동주택,경비실,0.0,2006-06-19
서울특별시 은평구 진관동 22,진관동,,공동주택,경비실,,2010-07-09
서울특별시 광진구 자양동 793,자양동,0.0,공동주택,경비실,0.0,2003-10-14
서울특별시 강남구 도곡동 964,도곡동,0.0,공동주택,경비실,0.0,2006-10-19
서울특별시 강남구 삼성동 43,삼성동,0.0,공동주택,경비실,0.0,2005-11-29
서울특별시 동대문구 용두동 796,용두동,43057.4,공동주택,"경비실,택배보관실",0.0,2022-08-30
서울특별시 노원구 월계동 648,월계동,,교육연구시설,교육연구시설(경비실),,2011-12-08
서울특별시 중랑구 신내동 816,신내동,,공동주택,경비실,,2014-06-18
서울특별시 서초구 반포동 2-12,반포동,,공동주택,"통합경비실-1,용역원휴게실",,2016-08-30
서울특별시 은평구 수색동 415-1,수색동,0.0,공동주택,경비실,0.0,2003-07-10
서울특별시 송파구 잠실동 197-6,잠실동,,공동주택,"경비실,방재실,MDF실",,2022-02-15
서울특별시 양천구 신정동 276,신정동,,공동주택,경비실,,2011-11-15
서울특별시 금천구 독산동 1140,독산동,0.0,공동주택,경비실,0.0,2004-10-27
서울특별시 강동구 둔촌동 46-20,둔촌동,0.0,공동주택,경비실,0.0,2007-07-25
서울특별시 성북구 길음동 555-24,길음동,,종교시설,경비실,,2010-01-13
서울특별시 송파구 마천동 605,마천동,,공동주택,"지하주차장,창고,경비실,기계실,전기실,발전기실,주배선반실",,2017-03-27
서울특별시 강남구 논현동 40,논현동,,공동주택,경비실1,,2022-06-10
서울특별시 강남구 개포동 1280,개포동,,공동주택,경비실-2,,2019-02-26
서울특별시 강동구 강일동 707,강일동,,공동주택,경비실,,2011-01-14
서울특별시 동대문구 이문동 428,이문동,,공동주택,경비실,,2008-10-10
서울특별시 강서구 내발산동 734,내발산동,3362.3,공동주택,경비실,0.0,2005-06-03
서울특별시 강서구 가양동 1467,가양동,9294.4,공동주택,경비실,0.0,1999-04-29
서울특별시 강서구 등촌동 635-6,등촌동,2376.7,공동주택,"경비실,엠디에프실",0.0,2003-07-31
서울특별시 성북구 돈암동 633,돈암동,0.0,공동주택,경비실,0.0,2003-09-18
서울특별시 강서구 화곡동 1126-3,화곡동,917.0,제1종근린생활시설,"제2종근린생활시설,(경비실)",0.0,2005-01-25
서울특별시 관악구 신림동 1727,신림동,0.0,공동주택,경비실,0.0,2003-09-29
서울특별시 성동구 금호동1가 633,금호동1가,0.0,공동주택,경비실,0.0,2001-12-03
서울특별시 마포구 상암동 1752,상암동,,공동주택,경비실,,2010-10-14
서울특별시 서대문구 천연동 145,천연동,0.0,공동주택,경비실,0.0,2006-03-13
서울특별시 동작구 사당동 1132,사당동,0.0,공동주택,경비실,0.0,2003-10-17
서울특별시 강서구 화곡동 1156,화곡동,2633.0,공동주택,경비실,0.0,2005-08-29
서울특별시 서초구 반포동 1343,반포동,,공동주택,경비실,,2021-06-04
서울특별시 관악구 남현동 1135,남현동,0.0,공동주택,경비실,0.0,2004-12-29
서울특별시 관악구 봉천동 1717,봉천동,0.0,공동주택,경비실,0.0,2004-08-26
서울특별시 관악구 봉천동 1712,봉천동,0.0,공동주택,경비실,0.0,2003-09-06
서울특별시 관악구 봉천동 1719,봉천동,0.0,공동주택,경비실,0.0,2004-06-30
서울특별시 관악구 봉천동 1719,봉천동,0.0,공동주택,경비실,0.0,2004-06-30
서울특별시 양천구 신정동 1309,신정동,0.0,공동주택,경비실,0.0,2004-11-30
서울특별시 영등포구 당산동5가 42,당산동5가,0.0,공동주택,경비실,0.0,2003-12-30
서울특별시 관악구 신림동 1736,신림동,0.0,공동주택,경비실,0.0,2007-02-06
서울특별시 서대문구 북아현동 1013,북아현동,,공동주택,"근린생활시설,전기,관리사무소,작은도서관,주민공동시설,경로당,어린이집,경비실,지하주차장 등",,2018-05-03
서울특별시 관악구 봉천동 1720,봉천동,0.0,공동주택,경비실,0.0,2004-12-20
서울특별시 관악구 봉천동 1720,봉천동,0.0,공동주택,경비실,0.0,2004-12-20
서울특별시 관악구 봉천동 1712,봉천동,0.0,공동주택,경비실,0.0,2003-09-06
서울특별시 관악구 봉천동 1712,봉천동,0.0,공동주택,경비실,0.0,2003-09-06
서울특별시 관악구 봉천동 1712,봉천동,0.0,공동주택,경비실,0.0,2003-09-06
서울특별시 관악구 봉천동 1712,봉천동,0.0,공동주택,경비실,0.0,2003-09-06
서울특별시 마포구 신수동 459,신수동,,공동주택,경비실1,,2009-12-29
서울특별시 중랑구 상봉동 499,상봉동,0.0,공동주택,경비실,0.0,2006-02-10
서울특별시 양천구 목동 947,목동,0.0,공동주택,경비실,0.0,2003-10-24
서울특별시 관악구 봉천동 1717,봉천동,0.0,공동주택,경비실,0.0,2004-08-26
서울특별시 관악구 봉천동 1717,봉천동,0.0,공동주택,경비실,0.0,2004-08-26
서울특별시 관악구 봉천동 1717,봉천동,0.0,공동주택,경비실,0.0,2004-08-26
서울특별시 관악구 봉천동 1718,봉천동,0.0,공동주택,경비실,0.0,2005-07-05
서울특별시 관악구 봉천동 1718,봉천동,0.0,공동주택,경비실,0.0,2005-07-05
서울특별시 관악구 신림동 1734,신림동,0.0,공동주택,경비실,0.0,2006-04-24
서울특별시 강서구 내발산동 751,내발산동,25157.6,공동주택,경비실,0.0,2007-10-04
서울특별시 중랑구 신내동 816,신내동,,공동주택,경비실,,2014-06-18
서울특별시 송파구 잠실동 19,잠실동,,공동주택,경비실,,2008-09-30
서울특별시 종로구 신교동 6-55,신교동,0.0,단독주택,"주택, 경비실",0.0,
서울특별시 노원구 공릉동 492-1,공릉동,0.0,공동주택,"관리실,경비실,노인정",0.0,2000-03-29
서울특별시 노원구 하계동 354,하계동,0.0,공동주택,경비실,0.0,1999-02-12
서울특별시 동작구 동작동 332,동작동,0.0,공동주택,"경비실,경로당,관리사무실",0.0,2006-03-30
서울특별시 강동구 길동 474,길동,0.0,공동주택,경비실,0.0,2003-11-12
서울특별시 관악구 봉천동 1718,봉천동,0.0,공동주택,경비실,0.0,2005-07-05
서울특별시 서초구 서초동 1311-10,서초동,,공동주택,경비실,,2017-06-23
서울특별시 강북구 미아동 1356,미아동,0.0,공동주택,경비실(6),0.0,2003-06-20
서울특별시 성북구 보문동1가 228,보문동1가,,공동주택,경비실,0.0,2022-03-30
서울특별시 도봉구 창동 818,창동,0.0,공동주택,경비실2,0.0,2003-05-29
서울특별시 관악구 봉천동 1718,봉천동,0.0,공동주택,경비실,0.0,2005-07-05
서울특별시 강서구 등촌동 633-28,등촌동,1667.6,공동주택,아파트/경비실/MDF실,45.0,2004-09-09
서울특별시 서초구 서초동 1686-9,서초동,,공동주택,경비실2,,2010-05-06
서울특별시 마포구 상암동 1736,상암동,,공동주택,경비실,,2010-07-20
서울특별시 성북구 길음동 1281,길음동,0.0,공동주택,경비실,0.0,2005-04-20
서울특별시 노원구 월계동 321,월계동,,,경비실,,
서울특별시 종로구 평창동 72,평창동,0.0,공동주택,"관리사무소,경비실",0.0,2001-04-30
서울특별시 강서구 방화동 839,방화동,56485.9,공동주택,통합경비실,,2011-10-17
서울특별시 구로구 항동 공공주택지구내 도시형생활주택,항동,,공동주택,"경비실,무인택배실",,2019-02-22
서울특별시 강서구 등촌동 691-1,등촌동,25435.0,공동주택,경비실,0.0,1995-11-27
서울특별시 성동구 응봉동 15,응봉동,0.0,공동주택,경비실,0.0,2001-10-26
서울특별시 영등포구 도림동 821,도림동,,공동주택,경비실,,2014-03-11
서울특별시 성북구 길음동 1280,길음동,0.0,공동주택,경비실,0.0,2005-04-20
서울특별시 성북구 길음동 1283,길음동,0.0,공동주택,경비실,0.0,2007-07-24
서울특별시 양천구 신정동 1306,신정동,0.0,공동주택,경비실,0.0,2006-07-12
서울특별시 은평구 신사동 371,신사동,,공동주택,경비실,,2011-10-28
서울특별시 강서구 등촌동 715,등촌동,86045.8,공동주택,경비실,0.0,2004-01-07
서울특별시 강서구 화곡동 1091,화곡동,150567.0,공동주택,경비실,0.0,2002-10-31
서울특별시 은평구 불광동 641,불광동,,공동주택,경비실,,2010-08-25
서울특별시 구로구 오류동 344,오류동,0.0,공동주택,경비실,0.0,2003-10-31
서울특별시 노원구 상계동 1299,상계동,0.0,공동주택,경비실,0.0,2002-07-16
서울특별시 중랑구 상봉동 497,상봉동,0.0,공동주택,경비실,0.0,2003-08-05
서울특별시 서초구 우면동 753,우면동,,공동주택,경비실,,2013-10-31
서울특별시 강서구 화곡동 1159,화곡동,106164.2,공동주택,경비실,,2008-01-08
서울특별시 노원구 하계동 270,하계동,0.0,공동주택,경비실(9개소),0.0,1988-09-29
서울특별시 강서구 염창동 254-2,염창동,3505.6,공동주택,경비실,0.0,2004-09-14
서울특별시 서초구 반포동 2-12,반포동,,공동주택,"관리사무소,용역원휴게실,수경재배시설,통합경비실-3",,2016-08-30
서울특별시 관악구 봉천동 1717,봉천동,0.0,공동주택,경비실,0.0,2004-08-26
서울특별시 강서구 등촌동 713,등촌동,7130.0,공동주택,경비실,0.0,2003-10-30
서울특별시 서초구 신원동 619,신원동,,공동주택,경비실,,2015-04-07
서울특별시 동작구 상도동 431,상도동,0.0,공동주택,경비실,0.0,2004-12-24
서울특별시 강남구 대치동 1027,대치동,,공동주택,경비실,,2015-09-22
서울특별시 성북구 정릉동 1028,정릉동,0.0,공동주택,경비실,0.0,2006-06-02
서울특별시 구로구 구로동 1274,구로동,0.0,공동주택,경비실2,0.0,2003-12-04
서울특별시 성북구 길음동 1281,길음동,0.0,공동주택,경비실,0.0,2005-04-20
서울특별시 성북구 하월곡동 222,하월곡동,0.0,공동주택,경비실,0.0,2003-04-30
서울특별시 서초구 방배동 3275,방배동,0.0,공동주택,경비실,0.0,2004-11-12
서울특별시 서초구 서초동 1754,서초동,,공동주택,"경비실,택배보관실,방재실,MDF실",,2018-01-24
서울특별시 동작구 동작동 333,동작동,,공동주택,경비실,,2013-02-19
서울특별시 서초구 반포동 1342,반포동,,공동주택,경비실-2,,2018-09-21
서울특별시 강동구 천호동 570,천호동,,공동주택,경비실1,,2009-04-20
서울특별시 영등포구 신길동 4937,신길동,,공동주택,경비실-1,,2008-06-26
서울특별시 동작구 상도동 430,상도동,0.0,공동주택,"관리사무소,MDF실,노인정,보육시설,경비실",0.0,2006-11-03
서울특별시 서초구 우면동 753,우면동,,공동주택,경비실,,2013-10-31
서울특별시 동작구 상도동 415,상도동,0.0,공동주택,경비실,0.0,2003-10-30
서울특별시 강남구 세곡동 522,세곡동,,공동주택,경비실,,2011-06-16
서울특별시 강남구 자곡동 621,자곡동,,공동주택,경비실,,2013-11-13
서울특별시 송파구 신천동 17,신천동,,공동주택,경비실,,2008-11-12
서울특별시 서초구 잠원동 63-2,잠원동,,공동주택,경비실,,
서울특별시 서초구 잠원동 161,잠원동,,공동주택,경비실,,2019-06-21
서울특별시 은평구 불광동 633,불광동,0.0,공동주택,경비실,0.0,2004-05-29
서울특별시 동작구 상도동 458,상도동,0.0,공동주택,경비실1,0.0,2006-11-17
서울특별시 강동구 암사동 413,암사동,0.0,공동주택,경비실,0.0,2007-07-09
서울특별시 강서구 화곡동 461-4,화곡동,2512.7,공동주택,경비실,0.0,2005-11-07
서울특별시 송파구 장지동 875,장지동,,창고시설,경비실,,2015-06-30
서울특별시 구로구 구로동 1278,구로동,0.0,공동주택,경비실,0.0,2006-07-28
서울특별시 서초구 서초동 1444-7,서초동,0.0,공동주택,경비실,0.0,2006-04-18
서울특별시 서초구 서초동 1456-2,서초동,0.0,공동주택,경비실,0.0,2006-01-27
서울특별시 성동구 하왕십리동 1061,하왕십리동,0.0,공동주택,경비실,0.0,2004-11-30
서울특별시 서초구 잠원동 160,잠원동,,공동주택,"경비실,맘스테이션",,2018-07-27
서울특별시 금천구 시흥동 1011,시흥동,0.0,공동주택,경비실,0.0,2002-12-30
서울특별시 동작구 흑석동 340,흑석동,,공동주택,경비실,,2018-11-29
서울특별시 서초구 반포동 612-32,반포동,0.0,공동주택,공동주택()경비실,0.0,2003-06-23
서울특별시 서초구 잠원동 159,잠원동,,공동주택,"경비실,MDF",,2018-06-04
서울특별시 서초구 서초동 1682,서초동,0.0,공동주택,경비실,0.0,2003-05-10
서울특별시 강북구 미아동 1353,미아동,0.0,공동주택,경비실,1.0,2004-05-07
서울특별시 금천구 독산동 300-2,독산동,0.0,공장,경비실,0.0,2003-05-28
서울특별시 서초구 반포동 1344,반포동,,공동주택,경비실,,2021-07-30
서울특별시 송파구 장지동 879,장지동,,공동주택,경비실,,2013-11-01
서울특별시 서초구 반포동 20-43,반포동,,공동주택,경비실,,2009-03-13
서울특별시 동작구 상도동 431,상도동,,공동주택,경비실,0.0,2004-12-24
서울특별시 동작구 흑석동 335,흑석동,,공동주택,경비실,,2011-09-16
서울특별시 송파구 마천동 607,마천동,,공동주택,경비실,,2011-01-27
서울특별시 서초구 서초동 1686-9,서초동,,공동주택,경비실1,,2010-05-06
서울특별시 관악구 신림동 1730,신림동,0.0,공동주택,경비실,0.0,2005-06-21
서울특별시 관악구 신림동 1732,신림동,0.0,공동주택,경비실,0.0,2005-06-16
서울특별시 관악구 신림동 1730,신림동,0.0,공동주택,경비실,0.0,2005-06-21
서울특별시 성북구 길음동 1280-1,길음동,0.0,공동주택,경비실,0.0,2005-04-20
서울특별시 성동구 응봉동 97,응봉동,16895.8,공동주택,경비실,,2008-07-08
서울특별시 관악구 신림동 1732,신림동,0.0,공동주택,경비실,0.0,2005-06-16
서울특별시 강북구 번동 411,번동,,공동주택,경비실,,2009-06-29
서울특별시 관악구 신림동 1733,신림동,0.0,공동주택,경비실,0.0,2005-09-29
서울특별시 금천구 가산동 692,가산동,0.0,공장,경비실,0.0,2003-05-10
서울특별시 금천구 시흥동 1011,시흥동,0.0,공동주택,경비실,0.0,2002-12-30
서울특별시 동대문구 이문동 311,이문동,0.0,공동주택,경비실,0.0,2004-04-13
서울특별시 관악구 봉천동 1717-1,봉천동,0.0,공동주택,경비실,0.0,2004-08-26
서울특별시 성북구 정릉동 1033,정릉동,,공동주택,경비실,,2009-04-16
서울특별시 관악구 신림동 1730,신림동,0.0,공동주택,경비실,0.0,2005-06-21
서울특별시 관악구 신림동 1730,신림동,0.0,공동주택,경비실,0.0,2005-06-21
서울특별시 관악구 신림동 1730,신림동,0.0,공동주택,경비실,0.0,2005-06-21
서울특별시 관악구 신림동 1730,신림동,0.0,공동주택,경비실,0.0,2005-06-21
서울특별시 도봉구 창동 825,창동,0.0,공동주택,경비실,0.0,2004-07-30
서울특별시 성북구 종암동 134-1,종암동,,공동주택,경비실,,2011-01-31
서울특별시 성동구 금호동3가 917,금호동3가,0.0,공동주택,경비실,0.0,2005-05-31
서울특별시 성북구 종암동 134,종암동,,공동주택,경비실,,2011-01-31
서울특별시 성북구 종암동 134,종암동,,공동주택,경비실,,2011-01-31
서울특별시 동대문구 이문동 225,이문동,0.0,공동주택,경비실,0.0,2003-07-09
서울특별시 도봉구 창동 635-42,창동,0.0,공동주택,경비실,0.0,2002-08-19
서울특별시 송파구 가락동 913,가락동,,공동주택,경비실,,2018-12-28
서울특별시 송파구 가락동 913,가락동,,공동주택,경비실,,2018-12-28
서울특별시 송파구 가락동 913,가락동,,공동주택,경비실,,2018-12-28
서울특별시 송파구 가락동 913,가락동,,공동주택,경비실,,2018-12-28
서울특별시 동작구 대방동 508,대방동,0.0,공동주택,경비실,0.0,2003-06-28
서울특별시 강서구 마곡동 1525,마곡동,18283.0,공동주택,경비실,,2008-06-09
서울특별시 노원구 월계동 938,월계동,0.0,공동주택,경비실,0.0,2003-12-30
서울특별시 마포구 중동 395,중동,0.0,공동주택,경비실,0.0,2004-09-22
서울특별시 성북구 삼선동2가 420,삼선동2가,,공동주택,경비실,,2009-12-01
서울특별시 서대문구 홍은동 22,홍은동,,공동주택,경비실,,2011-12-09
서울특별시 구로구 천왕동 280,천왕동,,공동주택,경비실,,2013-12-13
서울특별시 서초구 반포동 18-1,반포동,,공동주택,(경비실),,2009-07-14
서울특별시 중랑구 신내동 541-2,신내동,0.0,공동주택,부속동(경비실),0.0,2005-05-27
서울특별시 송파구 장지동 885,장지동,,공동주택,"경비실,무인택배실",,2017-01-06
서울특별시 노원구 월계동 775,월계동,0.0,공동주택,경비실,0.0,1998-07-29
서울특별시 송파구 잠실동 22,잠실동,,공동주택,경비실,,2008-07-31
서울특별시 성동구 하왕십리동 1052,하왕십리동,0.0,공동주택,경비실,0.0,2001-10-05
서울특별시 노원구 중계동 361-1,중계동,0.0,공동주택,경비실,0.0,1993-07-31
서울특별시 송파구 가락동 913,가락동,,공동주택,경비실,,2018-12-28
서울특별시 송파구 거여동 648,거여동,,공동주택,경비실,,2020-10-28
서울특별시 강남구 역삼동 754,역삼동,0.0,공동주택,경비실,0.0,2006-08-31
서울특별시 성북구 돈암동 641,돈암동,,공동주택,경비실,,2009-07-27
서울특별시 성북구 정릉동 1021,정릉동,0.0,공동주택,경비실(7.02X2),,2001-06-21
서울특별시 은평구 진관동 88,진관동,,공동주택,경비실,,2009-12-23
서울특별시 영등포구 신길동 4944,신길동,1913.5,공동주택,"주민공동시설(주민회의실),경비실",,2014-12-05
서울특별시 마포구 성산동 134-2,성산동,,공동주택,경비실,,2016-12-21
서울특별시 성북구 하월곡동 228,하월곡동,,공동주택,경비실,,2010-04-29
서울특별시 강서구 내발산동 759,내발산동,17280.1,공동주택,경비실,0.0,2007-10-19
서울특별시 송파구 거여동 651,거여동,,공동주택,"경비실,택배보관함",,2021-08-06
서울특별시 강북구 번동 138,번동,0.0,공동주택,경비실,0.0,2005-09-01
서울특별시 마포구 망원동 497,망원동,0.0,제2종근린생활시설,경비실1,0.0,2002-12-18
서울특별시 마포구 신공덕동 168,신공덕동,0.0,공동주택,경비실,0.0,2007-10-18
서울특별시 노원구 중계동 361-1,중계동,0.0,공동주택,경비실,0.0,1993-07-31
서울특별시 동작구 상도동 527,상도동,0.0,공동주택,경비실,0.0,2007-12-26
서울특별시 강서구 화곡동 1091,화곡동,150567.0,공동주택,경비실,0.0,2002-10-31
서울특별시 서대문구 홍은동 460,홍은동,0.0,공동주택,경비실,0.0,2002-11-22
서울특별시 동대문구 용두동 792,용두동,,공동주택,경비실,,2011-04-28
서울특별시 성북구 정릉동 1031,정릉동,,공동주택,경비실,,2008-06-09
서울특별시 성북구 정릉동 1032,정릉동,,공동주택,경비실,,2008-05-30
서울특별시 영등포구 신길동 67-1,신길동,0.0,공동주택,경비실,0.0,1999-06-15
서울특별시 중랑구 망우동 620,망우동,,공동주택,"경비실,무인택배보관함",,2022-01-07
서울특별시 중랑구 망우동 610,망우동,,공동주택,경비실,,2021-07-29
서울특별시 구로구 신도림동 646,신도림동,0.0,공동주택,경비실,0.0,2003-05-27
서울특별시 성북구 장위동 322,장위동,,공동주택,경비실-1,,2021-05-31
서울특별시 마포구 공덕동 43,공덕동,0.0,공동주택,경비실,0.0,2004-06-29
서울특별시 성동구 하왕십리동 1061,하왕십리동,0.0,공동주택,경비실,0.0,2004-11-30
서울특별시 양천구 신월동 1027,신월동,0.0,공동주택,경비실,0.0,2006-09-15
서울특별시 구로구 구로동 1279,구로동,0.0,공동주택,"관리실,경비실",0.0,2004-10-08
서울특별시 구로구 신도림동 646,신도림동,0.0,공동주택,경비실,0.0,2003-05-27
서울특별시 중구 만리동1가 231,만리동1가,,공동주택,경비실,,2012-01-31
서울특별시 동대문구 휘경동 376,휘경동,,공동주택,경비실,,2021-06-14
서울특별시 성북구 길음동 1282,길음동,0.0,공동주택,경비실,0.0,2006-06-23
서울특별시 노원구 월계동 320-11,월계동,0.0,공동주택,경비실,0.0,1995-06-12
서울특별시 성북구 삼선동3가 115,삼선동3가,,공동주택,경비실,,2008-11-14
서울특별시 노원구 중계동 582,중계동,0.0,공동주택,경비실,0.0,2003-09-15
서울특별시 마포구 공덕동 460,공덕동,0.0,제2종근린생활시설,경비실,0.0,2004-08-30
서울특별시 금천구 시흥동 1015,시흥동,0.0,공동주택,경비실,0.0,2004-05-25
서울특별시 금천구 시흥동 1011,시흥동,0.0,공동주택,경비실,0.0,2002-12-30
서울특별시 금천구 독산동 955,독산동,0.0,공동주택,경비실,0.0,2002-10-24
서울특별시 노원구 중계동 49,중계동,0.0,공동주택,경비실,0.0,1998-12-24
서울특별시 은평구 응암동 762,응암동,,공동주택,"지하주차장,기계전기발전기실,주민운동시설,입주자대표부녀회의실,MDF실,문고,경로당,경비실,방재실,보육시설,관리사무실",,2013-09-26
서울특별시 서초구 방배동 930-1,방배동,0.0,공동주택,"경비실,MDF실",0.0,2006-05-30
서울특별시 강서구 방화동 909,방화동,,공동주택,경비실,0.0,2025-02-07
서울특별시 은평구 불광동 635,불광동,,공동주택,경비실,,2009-07-16
서울특별시 서초구 방배동 899-16,방배동,0.0,공동주택,경비실2,0.0,2005-08-17
서울특별시 은평구 진관동 29,진관동,,공동주택,경비실,,2012-02-23
서울특별시 금천구 독산동 1140,독산동,0.0,공동주택,경비실,0.0,2004-10-27
서울특별시 서초구 방배동 1008-2,방배동,0.0,공동주택,경비실,0.0,2004-12-27
서울특별시 은평구 진관동 140,진관동,,공동주택,경비실,,2010-06-14
서울특별시 중랑구 망우동 608,망우동,,공동주택,경비실,,2022-01-24
서울특별시 은평구 응암동 760,응암동,41403.1,공동주택,경비실,,2011-12-22
서울특별시 용산구 한강로2가 2-8,한강로2가,0.0,공동주택,공동주택(경비실),0.0,2005-05-06
서울특별시 은평구 불광동 641,불광동,,공동주택,경비실,,2010-08-25
서울특별시 서초구 방배동 3277,방배동,0.0,공동주택,경비실,0.0,2006-06-05
서울특별시 구로구 천왕동 277,천왕동,,공동주택,경비실,,2011-07-19
서울특별시 구로구 고척동 342,고척동,,공동주택,경비실,,2010-12-01
서울특별시 강서구 가양동 1497,가양동,3942.4,공동주택,경비실,0.0,
서울특별시 강서구 화곡동 1073-3,화곡동,409.3,제1종근린생활시설,제1종근린생활시설(경비실),0.0,2006-09-27
서울특별시 관악구 봉천동 1712,봉천동,0.0,공동주택,경비실,0.0,2003-09-06
서울특별시 관악구 봉천동 1712,봉천동,0.0,공동주택,경비실,0.0,2003-09-06
서울특별시 관악구 남현동 1136,남현동,0.0,공동주택,1단지경비실,0.0,2005-03-30
서울특별시 마포구 상암동 1630,상암동,,공동주택,경비실,,2009-06-22
서울특별시 성북구 하월곡동 225-1,하월곡동,,공동주택,"경로당,경비실,관리사무소,엠디에프실",,2008-06-25
서울특별시 노원구 월계동 926,월계동,0.0,공동주택,경비실,0.0,1999-12-09
서울특별시 강서구 가양동 1482,가양동,30406.9,공동주택,통합경비실,,2011-10-17
서울특별시 양천구 목동 941,목동,0.0,공동주택,경비실,0.0,2003-06-28
서울특별시 금천구 독산동 955,독산동,0.0,공동주택,경비실,0.0,2002-10-24
서울특별시 노원구 공릉동 754,공릉동,0.0,공동주택,경비실,0.0,2004-04-29
서울특별시 강동구 길동 146-1,길동,0.0,공동주택,경비실,0.0,2005-06-03
서울특별시 동대문구 장안동 571,장안동,0.0,공동주택,경비실,0.0,2006-03-17
서울특별시 강남구 도곡동 967,도곡동,0.0,공동주택,경비실,0.0,2005-06-02
서울특별시 강서구 화곡동 1159,화곡동,106164.2,공동주택,경비실,,2008-01-08
서울특별시 강남구 역삼동 765-32,역삼동,,공동주택,경비실,,2008-12-02
서울특별시 송파구 가락동 165,가락동,,공동주택,경비실,,2007-11-15
서울특별시 송파구 가락동 165,가락동,,공동주택,경비실,,2007-11-15
서울특별시 은평구 갈현동 545,갈현동,0.0,공동주택,경비실,0.0,2003-09-23
서울특별시 마포구 중동 398,중동,0.0,공동주택,경비실,0.0,2006-05-04
서울특별시 은평구 진관동 150,진관동,,공동주택,경비실,,2015-01-23
서울특별시 성동구 하왕십리동 1070,하왕십리동,,공동주택,경비실,,2016-11-29
서울특별시 송파구 거여동 597,거여동,,공동주택,경비실,,2022-01-28
서울특별시 은평구 응암동 739,응암동,0.0,공동주택,경비실,0.0,1998-07-03
서울특별시 송파구 장지동 847,장지동,,공동주택,경비실,,2008-08-25
서울특별시 송파구 장지동 845,장지동,,공동주택,경비실,,2008-08-22
서울특별시 중랑구 중화동 453,중화동,0.0,공동주택,경비실,0.0,2007-07-23
서울특별시 성북구 길음동 1280,길음동,0.0,공동주택,경비실,0.0,2005-04-20
서울특별시 송파구 신천동 17,신천동,,공동주택,"보육시설,방재실,MDF실,경비실,문고,관리사무실,주민공동시설",,2008-11-12
서울특별시 송파구 거여동 696,거여동,,공동주택,경비실,,2021-05-17
서울특별시 송파구 거여동 696,거여동,,공동주택,경비실,,2021-05-17
서울특별시 송파구 장지동 844,장지동,0.0,공동주택,경비실,0.0,2007-12-24
서울특별시 성북구 길음동 1280,길음동,0.0,공동주택,경비실,0.0,2005-04-20
서울특별시 동작구 동작동 333,동작동,,공동주택,경비실,,2013-02-19
서울특별시 중구 만리동2가 273,만리동2가,,공동주택,경비실,,2017-08-07
서울특별시 은평구 녹번동 283,녹번동,,공동주택,경비실,,2019-08-01
서울특별시 은평구 녹번동 283,녹번동,,공동주택,경비실,,2019-08-01
서울특별시 동대문구 답십리동 1003,답십리동,,공동주택,부대시설(경비실),,2014-10-13
서울특별시 강북구 미아동 1369,미아동,,공동주택,경비실,,2019-09-27
서울특별시 서초구 방배동 1008-2,방배동,0.0,공동주택,경비실,0.0,2004-12-27
서울특별시 서초구 방배동 776-3,방배동,0.0,공동주택,경비실,0.0,1978-04-04
서울특별시 용산구 한남동 747-7,한남동,,숙박시설,경비실,,
서울특별시 관악구 봉천동 1712,봉천동,0.0,공동주택,경비실,0.0,2003-09-06
서울특별시 서초구 방배동 884-21,방배동,0.0,공동주택,경비실,0.0,2003-12-31
서울특별시 서초구 방배동 883-9,방배동,0.0,공동주택,"지하주차장,펌프실,전기실,관리사무소,경비실",0.0,2005-11-23
서울특별시 서초구 방배동 884-21,방배동,0.0,공동주택,경비실,0.0,2003-12-31
서울특별시 서초구 방배동 888-53,방배동,0.0,공동주택,경비실,0.0,2003-11-01
서울특별시 금천구 가산동 60-39,가산동,0.0,교육연구시설,연구소(경비실),0.0,2006-06-05
서울특별시 송파구 오금동 616,오금동,,공동주택,경비실,,2017-11-02
서울특별시 중구 정동 34-16,정동,0.0,업무시설,경비실,0.0,2001-07-27
서울특별시 영등포구 대림동 897-1,대림동,0.0,공동주택,경비실,0.0,1999-03-31
서울특별시 중랑구 신내동 816,신내동,,공동주택,경비실,,2014-06-18
서울특별시 동대문구 용두동 795,용두동,,공동주택,경비실,,2021-11-25
서울특별시 서대문구 북아현동 1017,북아현동,49743.5,공동주택,경비실,0.0,2023-06-07
서울특별시 은평구 응암동 769,응암동,,공동주택,경비실-1(택지1),,2021-05-27
서울특별시 성북구 길음동 1288,길음동,,공동주택,경비실-2,,2019-11-29
서울특별시 은평구 응암동 768,응암동,,공동주택,경비실,,2020-06-18
서울특별시 송파구 오금동 135,오금동,,공동주택,경비실,,2019-02-27
서울특별시 서대문구 홍은동 467,홍은동,,공동주택,경비실,,2020-07-21
서울특별시 강서구 방화동 816,방화동,25115.3,공동주택,통합경비실,,2011-10-17
서울특별시 송파구 가락동 913,가락동,,공동주택,경비실,,2018-12-28
서울특별시 성북구 정릉동 1037,정릉동,,공동주택,"지하주차장,기계실,전기실,제연휀룸,경비실,재활용분리수거장,관리실,경로당,보육시설,작은도서관",,2015-04-30
서울특별시 송파구 장지동 901,장지동,,공동주택,경비실,,2013-11-08
서울특별시 송파구 장지동 901,장지동,,공동주택,경비실,,2013-11-08
서울특별시 서초구 방배동 1019-3,방배동,0.0,공동주택,경비실,0.0,
서울특별시 성북구 정릉동 435,정릉동,0.0,공동주택,경비실,0.0,2005-11-16
서울특별시 서초구 반포동 20-43,반포동,,공동주택,경비실,,2009-03-13
서울특별시 성북구 성북동 8-37,성북동,1682.0,단독주택,경비실,,2015-06-10
서울특별시 양천구 목동 965,목동,,공동주택,경비실,,2019-04-23
서울특별시 영등포구 문래동3가 94,문래동3가,0.0,공동주택,경비실,0.0,2003-06-26
서울특별시 성북구 정릉동 1031,정릉동,,공동주택,경비실,,2008-06-09
서울특별시 성동구 금호동4가 235,금호동4가,,공동주택,경비실,,2012-08-16
서울특별시 강북구 미아동 1353,미아동,0.0,공동주택,경비실,1.0,2004-05-07
서울특별시 서초구 방배동 1008-2,방배동,0.0,공동주택,경비실,0.0,2004-12-27
서울특별시 송파구 장지동 854,장지동,0.0,공동주택,경비실,0.0,2007-07-31
서울특별시 광진구 광장동 581,광장동,,공동주택,경비실2,,2008-12-02
서울특별시 마포구 신수동 1-1,신수동,0.0,교육연구시설,정문경비실,0.0,
서울특별시 송파구 오금동 30-2,오금동,0.0,공동주택,경비실,0.0,2005-09-13
서울특별시 마포구 염리동 521,염리동,0.0,공동주택,경비실,1.0,2003-12-05
서울특별시 서대문구 남가좌동 385,남가좌동,,공동주택,경비실1(택지3),,2015-10-26
서울특별시 용산구 동빙고동 16,동빙고동,0.0,제1종근린생활시설,"변전소, 경비실",0.0,1985-06-29
서울특별시 용산구 한남동 10-213,한남동,23220.0,교육연구시설,교육연구시설(경비실),0.0,2006-11-27
서울특별시 서초구 방배동 1026-14,방배동,0.0,공동주택,경비실,0.0,
서울특별시 광진구 광장동 579,광장동,0.0,공동주택,경비실,0.0,2003-10-28
서울특별시 서대문구 홍은동 439-1,홍은동,,공동주택,공동주택(관리사무실/경비실),,2014-12-12
서울특별시 성북구 장위동 316-5,장위동,0.0,공동주택,경비실,0.0,2006-04-18
서울특별시 강남구 도곡동 543-7,도곡동,0.0,공동주택,경비실,0.0,2007-03-27
서울특별시 종로구 평창동 45,평창동,0.0,공동주택,경비실,0.0,2004-12-21
서울특별시 금천구 가산동 547-3,가산동,,공장,경비실,,
서울특별시 서대문구 충정로3가 477,충정로3가,1944.8,공동주택,경비실/MDF실,,2010-11-01
서울특별시 서대문구 북가좌동 481,북가좌동,,공동주택,경비실,,2012-10-05
서울특별시 서초구 방배동 2233,방배동,0.0,공동주택,경비실1,0.0,2004-07-01
서울특별시 서초구 방배동 2233,방배동,0.0,공동주택,경비실2,0.0,2004-07-01
서울특별시 은평구 수색동 415-1,수색동,0.0,공동주택,경비실,0.0,2003-07-10
서울특별시 은평구 신사동 359,신사동,,공동주택,통합경비실,0.0,2020-03-03
서울특별시 마포구 성산동 595,성산동,39883.2,공동주택,통합경비실,,2011-08-31
서울특별시 구로구 천왕동 281,천왕동,,공동주택,경비실,,2014-01-28
서울특별시 송파구 장지동 833,장지동,,공동주택,경비실,,2010-01-19
서울특별시 양천구 신정동 1322,신정동,,공동주택,경비실,,2011-04-18
서울특별시 양천구 신월동 1075,신월동,,공동주택,경비실,,2020-05-28
서울특별시 강서구 내발산동 756,내발산동,27798.7,공동주택,경비실,,2008-10-01
서울특별시 금천구 독산동 1141,독산동,0.0,공동주택,경비실,0.0,2005-05-04
서울특별시 은평구 진관동 82,진관동,,공동주택,경비실,,2009-12-23
서울특별시 성북구 성북동 330-266,성북동,2089.0,단독주택,경비실,,2009-06-22
서울특별시 서대문구 남가좌동 390,남가좌동,,공동주택,경비실,,2020-04-23
서울특별시 금천구 독산동 1144,독산동,,공동주택,"아파트,경비실,관리사무소,화장실,MDF실",71.0,2011-09-30
서울특별시 서초구 잠원동 49-5,잠원동,0.0,공동주택,경비실,0.0,
서울특별시 서초구 잠원동 50-1,잠원동,0.0,공동주택,경비실,0.0,2004-04-28
서울특별시 성북구 정릉동 239-5,정릉동,0.0,공동주택,경비실,0.0,2005-12-28
서울특별시 성북구 길음동 1281,길음동,0.0,공동주택,"지하주차장,경비실,기계실,전기실,발전기실",0.0,2005-04-20
서울특별시 서초구 서초동 1359-50,서초동,0.0,공동주택,경비실,0.0,
서울특별시 은평구 응암동 769,응암동,,공동주택,경비실-3(택지1),,2021-05-27
서울특별시 강서구 내발산동 729,내발산동,5777.6,공동주택,경비실,0.0,2003-09-25
서울특별시 동대문구 답십리동 808,답십리동,0.0,공동주택,경비실,0.0,2003-01-08
서울특별시 은평구 진관동 20,진관동,,공동주택,경비실,,2008-05-14
서울특별시 구로구 천왕동 277,천왕동,,공동주택,경비실,,2011-07-19
서울특별시 마포구 염리동 533,염리동,,공동주택,경비실,,2022-06-30
서울특별시 노원구 상계동 1284,상계동,0.0,공동주택,경비실,0.0,2001-05-22
서울특별시 양천구 신정동 1307,신정동,0.0,공동주택,경비실,0.0,2004-06-30
서울특별시 구로구 천왕동 282,천왕동,,공동주택,경비실,,2011-10-12
서울특별시 양천구 신월동 1078,신월동,,공동주택,경비실,,2020-05-28
서울특별시 강서구 내발산동 741,내발산동,26733.7,공동주택,경비실,0.0,2007-07-26
서울특별시 서초구 방배동 3277,방배동,0.0,공동주택,경비실,0.0,2006-06-05
서울특별시 노원구 공릉동 747,공릉동,0.0,공동주택,경비실,0.0,2000-10-18
서울특별시 구로구 항동 237,항동,,공동주택,경비실,,2019-07-15
서울특별시 구로구 항동 241,항동,,공동주택,경비실,,2019-09-27
서울특별시 노원구 중계동 576,중계동,0.0,공동주택,경비실,0.0,1992-10-31
서울특별시 노원구 공릉동 748,공릉동,0.0,공동주택,경비실,0.0,2002-03-07
서울특별시 금천구 시흥동 1011,시흥동,0.0,공동주택,경비실,0.0,2002-12-30
서울특별시 서대문구 북아현동 1011,북아현동,,공동주택,"관리사무소,경비실",,2015-10-23
서울특별시 노원구 중계동 598,중계동,0.0,공동주택,경비실,0.0,2005-03-03
서울특별시 금천구 시흥동 1011,시흥동,0.0,공동주택,경비실,0.0,2002-12-30
서울특별시 서초구 반포동 12,반포동,,공동주택,경비실,0.0,2024-06-07
서울특별시 금천구 시흥동 1013,시흥동,0.0,공동주택,경비실,0.0,2004-08-06
서울특별시 강남구 일원동 711,일원동,,공동주택,통합경비실,,2011-09-02
서울특별시 서대문구 남가좌동 385,남가좌동,,공동주택,경비실5(택지1),,2015-10-26
서울특별시 서대문구 남가좌동 385,남가좌동,,공동주택,경비실1(택지2),,2015-10-26
서울특별시 강서구 화곡동 1165,화곡동,131939.1,공동주택,경비실,,2015-08-19
서울특별시 강북구 미아동 1353,미아동,0.0,공동주택,경비실,1.0,2004-05-07
서울특별시 강북구 미아동 1353-1,미아동,0.0,공동주택,경비실,0.0,2004-05-07
서울특별시 관악구 봉천동 296,봉천동,0.0,공동주택,경비실,0.0,1998-11-23
서울특별시 강남구 역삼동 709-5,역삼동,,공동주택,경비실,,2014-01-24
서울특별시 동작구 사당동 1154,사당동,,공동주택,"경비실,MDF실",,2009-03-05
서울특별시 금천구 독산동 1144,독산동,,공동주택,"아파트,근린생활시설,경비실",10.0,2011-09-30
서울특별시 영등포구 대림동 897-1,대림동,0.0,공동주택,"경비실,MDF실",0.0,1999-03-31
서울특별시 동작구 상도동 530,상도동,,공동주택,경비실,,2010-12-30
서울특별시 강서구 내발산동 741,내발산동,26733.7,공동주택,경비실,0.0,2007-07-26
서울특별시 금천구 독산동 1140,독산동,0.0,공동주택,경비실,0.0,2004-10-27
서울특별시 강남구 삼성동 16,삼성동,,공동주택,통합경비실,,2008-12-10
서울특별시 서초구 우면동 789,우면동,,공동주택,경비실,,2013-12-04
서울특별시 송파구 잠실동 19,잠실동,,공동주택,경비실,,2008-09-30
서울특별시 양천구 목동 950,목동,0.0,공동주택,경비실,0.0,2006-07-05
서울특별시 송파구 마천동 582,마천동,,공동주택,"경비실,MDF실",,2011-01-27
서울특별시 양천구 신월동 1052,신월동,0.0,공동주택,경비실,0.0,2007-04-26
서울특별시 송파구 잠실동 22,잠실동,,공동주택,경비실,,2008-07-31
서울특별시 송파구 장지동 843,장지동,,공동주택,경비실,,2007-12-24
서울특별시 송파구 장지동 837,장지동,,공동주택,경비실,,2008-04-03
서울특별시 송파구 장지동 855,장지동,,공동주택,경비실,,2011-01-27
서울특별시 송파구 장지동 835,장지동,,공동주택,경비실,,2008-09-25
서울특별시 강동구 고덕동 688,고덕동,,공동주택,경비실,,2016-12-29
서울특별시 강남구 대치동 985,대치동,,공동주택,경비실2,,2014-02-28
서울특별시 강서구 방화동 871,방화동,6509.7,공동주택,경비실,0.0,2003-06-02
서울특별시 성북구 보문동6가 458,보문동6가,,공동주택,경비실,,2017-01-18
서울특별시 양천구 목동 951,목동,0.0,공동주택,경비실,0.0,2004-11-24
서울특별시 서초구 반포동 30-26,반포동,,공동주택,경비실,,2010-10-29
서울특별시 송파구 마천동 582,마천동,,공동주택,경비실,,2011-01-27
서울특별시 마포구 상암동 1689,상암동,0.0,공동주택,경비실,0.0,2005-07-15
서울특별시 영등포구 당산동3가 562,당산동3가,0.0,공동주택,경비실,0.0,2005-06-30
서울특별시 용산구 이촌동 422,이촌동,0.0,공동주택,경비실,0.0,2001-08-07
서울특별시 은평구 녹번동 280-1,녹번동,0.0,공동주택,경비실,0.0,2002-09-30
서울특별시 관악구 봉천동 1733,봉천동,,공동주택,경비실,,2020-04-29
서울특별시 금천구 독산동 1140,독산동,0.0,공동주택,경비실,0.0,2004-10-27
서울특별시 강남구 세곡동 579,세곡동,,공동주택,경비실,,2013-06-12
서울특별시 영등포구 대림동 1127,대림동,,공동주택,경비실,,2020-07-28
서울특별시 서초구 잠원동 162,잠원동,,공동주택,경비실,,2020-04-28
서울특별시 강남구 자곡동 611,자곡동,,공동주택,경비실-2,,2014-06-27
서울특별시 강남구 논현동 276-1,논현동,,공동주택,경비실,,2014-12-08
서울특별시 송파구 잠실동 22,잠실동,,공동주택,경비실,,2008-07-31
서울특별시 송파구 잠실동 22,잠실동,,공동주택,경비실,,2008-07-31
서울특별시 동대문구 용두동 796,용두동,43057.4,공동주택,경비실,0.0,2022-08-30
서울특별시 관악구 봉천동 1717,봉천동,0.0,공동주택,경비실,0.0,2004-08-26
서울특별시 관악구 봉천동 1720,봉천동,0.0,공동주택,경비실,0.0,2004-12-20
서울특별시 구로구 신도림동 646,신도림동,0.0,공동주택,경비실,0.0,2003-05-27
서울특별시 강동구 강일동 686,강일동,,공동주택,경비실,,2009-06-09
서울특별시 관악구 봉천동 1721,봉천동,0.0,공동주택,"경비실,엠디에프실",0.0,2005-04-19
서울특별시 동작구 사당동 1157,사당동,,공동주택,주경비실,,2013-09-24
서울특별시 송파구 가락동 913,가락동,,공동주택,경비실,,2018-12-28
서울특별시 성동구 행당동 347,행당동,,공동주택,경비실,,2000-12-30
서울특별시 성동구 상왕십리동 811,상왕십리동,,공동주택,경비실,,2014-06-26
서울특별시 중랑구 신내동 831,신내동,,공동주택,경비실,,2018-09-14
서울특별시 송파구 마천동 607,마천동,,공동주택,경비실,,2011-01-27
서울특별시 용산구 한남동 810,한남동,,공동주택,경비실,,2011-01-07
서울특별시 용산구 신계동 48,신계동,,공동주택,경비실-2,,2011-04-01
서울특별시 송파구 오금동 619,오금동,,공동주택,경비실 및 단지주출입문,,2018-02-23
서울특별시 서대문구 현저동 200,현저동,,공동주택,경비실,,
서울특별시 강동구 강일동 674,강일동,,공동주택,경비실,,2009-03-11
서울특별시 서대문구 현저동 200,현저동,,공동주택,경비실,,
서울특별시 송파구 잠실동 22,잠실동,,공동주택,경비실,,2008-07-31
서울특별시 서대문구 합동 118,합동,,공동주택,경비실,,2008-10-31
서울특별시 성동구 성수동2가 834,성수동2가,0.0,공동주택,경비실,0.0,2003-08-30
서울특별시 은평구 진관동 19,진관동,,공동주택,경비실,,2008-05-14
서울특별시 종로구 평창동 45,평창동,0.0,공동주택,경비실,0.0,2004-12-21
서울특별시 강서구 마곡동 736,마곡동,,공동주택,경비실,,2014-06-19
서울특별시 용산구 한남동 13-19,한남동,0.0,자동차관련시설,"차고,주택, 경비실, 목욕장",0.0,1964-11-05
서울특별시 영등포구 대림동 1119,대림동,0.0,공동주택,부대시설(경비실),0.0,2005-10-17
서울특별시 노원구 상계동 1313,상계동,,공동주택,경비실,,2009-11-20
서울특별시 강동구 강일동 686,강일동,,공동주택,경비실,,2009-06-09
서울특별시 노원구 상계동 1313,상계동,,공동주택,경비실,,2009-11-20
서울특별시 은평구 불광동 640,불광동,3325.0,공동주택,"관리사무소,MDF실,경비실,지하주차장,기계실,전기실",,2010-08-25
서울특별시 영등포구 신길동 67-1,신길동,0.0,공동주택,경비실,0.0,1999-06-15
서울특별시 도봉구 창동 821,창동,0.0,공동주택,경비실,0.0,2005-10-28
서울특별시 강동구 고덕동 693,고덕동,,공동주택,경비실,,2019-09-27
서울특별시 노원구 하계동 354,하계동,0.0,공동주택,경비실,0.0,1999-02-12
서울특별시 노원구 공릉동 742,공릉동,0.0,공동주택,경비실,0.0,1995-06-02
서울특별시 강서구 가양동 1500,가양동,32457.1,공동주택,경비실,,2013-09-25
서울특별시 강북구 미아동 1353,미아동,0.0,공동주택,경비실,1.0,2004-05-07
서울특별시 강북구 미아동 1353,미아동,0.0,공동주택,경비실,1.0,2004-05-07
서울특별시 은평구 응암동 761,응암동,,공동주택,"경비실1,2",,2011-12-22
서울특별시 용산구 이촌동 418,이촌동,0.0,공동주택,경비실,0.0,2001-06-02
서울특별시 은평구 응암동 770,응암동,,공동주택,경비실,0.0,2022-10-20
서울특별시 서대문구 냉천동 261,냉천동,,공동주택,경비실,,2011-04-07
서울특별시 강서구 방화동 860,방화동,7925.9,공동주택,경비실,4.0,1998-08-21
서울특별시 강서구 내발산동 751,내발산동,25157.6,공동주택,경비실,0.0,2007-10-04
서울특별시 서대문구 홍은동 464,홍은동,,공동주택,경비실,,2017-12-18
서울특별시 양천구 신정동 1198-3,신정동,0.0,공동주택,경비실,0.0,2004-07-16
서울특별시 강서구 가양동 1478,가양동,42110.4,공동주택,통합경비실,,2011-10-17
서울특별시 노원구 상계동 1312,상계동,,공동주택,경비실,,2009-11-20
서울특별시 성동구 성수동2가 838,성수동2가,0.0,공동주택,경비실,0.0,2006-05-30
서울특별시 영등포구 문래동3가 94,문래동3가,0.0,공동주택,경비실,0.0,2003-06-26
서울특별시 서대문구 북아현동 1013,북아현동,,공동주택,"전기,관리사무소,작은도서관,주민공동시설,경로당,어린이집,경비실,지하주차장 등",,2018-05-03
서울특별시 은평구 응암동 176-1,응암동,2919.1,공동주택,경비실,,2008-07-17
서울특별시 강서구 염창동 300,염창동,21164.6,공동주택,경비실,0.0,2005-09-23
서울특별시 서대문구 북아현동 1011,북아현동,,공동주택,"관리사무소,용역휴게실,경비실",,2015-10-23
서울특별시 서대문구 연희동 747,연희동,,공동주택,경비실,,2018-12-21
서울특별시 성북구 하월곡동 222,하월곡동,0.0,공동주택,경비실,0.0,2003-04-30
서울특별시 구로구 온수동 155,온수동,,공동주택,경비실,,2010-02-17
서울특별시 마포구 상암동 1689,상암동,0.0,공동주택,경비실,0.0,2005-07-15
서울특별시 강서구 화곡동 1145,화곡동,66508.5,공동주택,경비실,0.0,2003-09-06
서울특별시 마포구 신수동 453,신수동,0.0,공동주택,경비실(1),0.0,2004-07-30
서울특별시 은평구 수색동 415-4,수색동,0.0,공동주택,경비실,,2003-07-10
서울특별시 금천구 독산동 1160,독산동,,공동주택,공동주택(경비실),,2021-05-07
서울특별시 송파구 장지동 901,장지동,,공동주택,경비실,,2013-11-08
서울특별시 송파구 잠실동 19,잠실동,,공동주택,경비실,,2008-09-30
서울특별시 송파구 장지동 901,장지동,,공동주택,경비실,,2013-11-08
서울특별시 강서구 가양동 1482,가양동,30406.9,공동주택,통합경비실,,2011-10-17
서울특별시 강서구 방화동 904,방화동,,공동주택,경비실,,2020-11-26
서울특별시 노원구 상계동 1299,상계동,0.0,공동주택,경비실,0.0,2002-07-16
서울특별시 동작구 상도동 511,상도동,,교육연구시설,교육연구시설(경비실및생활폐기물보관소),0.0,2012-01-16
서울특별시 동작구 본동 484,본동,0.0,공동주택,경비실,0.0,2004-12-30
서울특별시 동작구 동작동 331,동작동,0.0,공동주택,경비실,0.0,2003-10-30
서울특별시 강서구 화곡동 1159,화곡동,106164.2,공동주택,경비실,,2008-01-08
서울특별시 송파구 잠실동 44,잠실동,0.0,공동주택,경비실,0.0,2007-01-03
서울특별시 송파구 잠실동 44,잠실동,0.0,공동주택,경비실,0.0,2007-01-03
서울특별시 송파구 잠실동 22,잠실동,,공동주택,경비실,,2008-07-31
서울특별시 동대문구 제기동 153,제기동,0.0,공동주택,경비실,0.0,2003-06-13
서울특별시 영등포구 신길동 4780,신길동,0.0,공동주택,경비실,0.0,2005-08-12
서울특별시 강북구 미아동 1353,미아동,0.0,공동주택,경비실,1.0,2004-05-07
서울특별시 양천구 신월동 1022,신월동,0.0,공동주택,경비실,0.0,2003-12-16
서울특별시 은평구 신사동 367,신사동,0.0,공동주택,경비실,0.0,2004-05-28
서울특별시 송파구 장지동 856,장지동,0.0,공동주택,경비실,0.0,2007-08-20
서울특별시 마포구 대흥동 806,대흥동,,공동주택,경비실-1,,2020-02-21
서울특별시 동대문구 전농동 687,전농동,0.0,공동주택,경비실,0.0,2005-10-05
서울특별시 구로구 구로동 42,구로동,0.0,공동주택,경비실,0.0,2004-02-07
서울특별시 구로구 신도림동 649,신도림동,0.0,공동주택,경비실,0.0,2004-06-16
서울특별시 동대문구 장안동 329-3,장안동,0.0,공동주택,경비실,0.0,2007-06-28
서울특별시 송파구 마천동 319,마천동,0.0,공동주택,경비실,0.0,2006-04-24
서울특별시 송파구 잠실동 19,잠실동,,공동주택,경비실,,2008-09-30
서울특별시 송파구 잠실동 19,잠실동,,공동주택,경비실,,2008-09-30
서울특별시 영등포구 대림동 608-1,대림동,0.0,공동주택,경비실,0.0,
서울특별시 영등포구 대림동 608-1,대림동,0.0,공동주택,경비실,0.0,
서울특별시 노원구 중계동 587,중계동,0.0,공동주택,경비실,0.0,1998-12-01
서울특별시 양천구 신월동 1078,신월동,,공동주택,경비실,,2020-05-28
서울특별시 송파구 오금동 29,오금동,0.0,공동주택,경비실,0.0,2005-09-14
서울특별시 동작구 상도동 521,상도동,0.0,공동주택,경비실,0.0,2007-09-28
서울특별시 송파구 잠실동 44,잠실동,0.0,공동주택,경비실,0.0,2007-01-03
서울특별시 동작구 흑석동 336,흑석동,,공동주택,경비실,,2012-08-02
서울특별시 도봉구 방학동 735,방학동,0.0,공동주택,경비실,0.0,1996-06-12
서울특별시 구로구 고척동 340-1,고척동,,공동주택,경비실2,,2009-07-30
서울특별시 서대문구 홍제동 473,홍제동,,공동주택,경비실,,2020-06-22
서울특별시 성북구 정릉동 1054,정릉동,,공동주택,"관리사무소,방재실,MDF실,경비실",,2020-03-26
서울특별시 동작구 상도동 903,상도동,,공동주택,경비실,,2018-12-03
서울특별시 중랑구 망우동 608,망우동,,공동주택,경비실,,2022-01-24
서울특별시 강동구 상일동 490,상일동,,공동주택,경비실,,2011-01-27
서울특별시 강서구 내발산동 753,내발산동,36273.3,공동주택,경비실,0.0,2008-02-20
서울특별시 영등포구 신길동 4955,신길동,,공동주택,경비실,,2019-02-28
서울특별시 강동구 강일동 695,강일동,,공동주택,경비실,,2009-04-06
서울특별시 노원구 월계동 950,월계동,,공동주택,경비실,,2017-10-20
서울특별시 강남구 세곡동 511,세곡동,,공동주택,경비실,,2011-02-23
서울특별시 광진구 광장동 579,광장동,0.0,공동주택,경비실,0.0,2003-10-28
서울특별시 용산구 한남동 829,한남동,,공동주택,"경비실,문주",,2019-11-13
서울특별시 송파구 잠실동 19,잠실동,,공동주택,경비실,,2008-09-30
서울특별시 성동구 행당동 347,행당동,,공동주택,경비실,,2000-12-30
서울특별시 중랑구 신내동 817,신내동,,공동주택,경비실,,2013-12-11
서울특별시 광진구 구의동 680,구의동,,공동주택,경비실-1,,2021-12-30
서울특별시 성동구 응봉동 15,응봉동,0.0,공동주택,경비실,0.0,2001-10-26
서울특별시 성북구 돈암동 524,돈암동,0.0,공동주택,경비실,0.0,2005-06-01
서울특별시 송파구 마천동 576,마천동,0.0,공동주택,경비실,0.0,2002-11-29
서울특별시 성북구 종암동 131,종암동,0.0,공동주택,경비실,0.0,2005-09-30
서울특별시 송파구 잠실동 19,잠실동,,공동주택,경비실,,2008-09-30
서울특별시 용산구 서빙고동 296,서빙고동,0.0,공동주택,경비실,0.0,2002-10-14
서울특별시 강동구 강일동 668,강일동,,공동주택,경비실,,2009-03-11
서울특별시 성동구 하왕십리동 1070,하왕십리동,,공동주택,경비실,,2016-11-29
서울특별시 영등포구 당산동4가 98,당산동4가,,공동주택,경비실,,2015-11-24
서울특별시 송파구 거여동 292,거여동,0.0,공동주택,경비실,0.0,2000-10-09
서울특별시 송파구 거여동 290,거여동,0.0,공동주택,공동주택(경비실),0.0,1997-11-25
서울특별시 도봉구 방학동 720-18,방학동,0.0,공동주택,경비실,0.0,2002-10-19
서울특별시 노원구 월계동 951,월계동,,공동주택,경비실,,2020-01-30
서울특별시 마포구 염리동 532,염리동,,공동주택,경비실-4,,2021-03-26
서울특별시 송파구 풍납동 511,풍납동,0.0,공동주택,경비실(2),0.0,2006-02-24
서울특별시 강동구 강일동 684,강일동,,공동주택,경비실,,2009-03-11
서울특별시 강동구 강일동 684,강일동,,공동주택,경비실,,2009-03-11
서울특별시 강동구 강일동 701,강일동,,공동주택,경비실,,2009-03-11
서울특별시 강동구 강일동 674,강일동,,공동주택,경비실,,2009-03-11
서울특별시 강동구 강일동 689,강일동,,공동주택,"어린이집,경로당,통합경비실,택배보관소",,2015-12-29
서울특별시 용산구 이촌동 412,이촌동,0.0,공동주택,경비실(7개소),0.0,1999-11-01
서울특별시 송파구 거여동 291,거여동,0.0,공동주택,공동주택(경비실),0.0,1997-12-15
서울특별시 양천구 목동 404-13,목동,6232.0,공동주택,경비실,,2015-06-30
서울특별시 강북구 미아동 1369,미아동,,공동주택,경비실,,2019-09-27
서울특별시 은평구 응암동 759,응암동,,공동주택,경비실,,2011-12-22
서울특별시 강서구 내발산동 749,내발산동,36518.3,공동주택,경비실,,2008-06-10
서울특별시 마포구 성산동 667,성산동,,공동주택,경비실,,2009-03-05
서울특별시 성북구 안암동3가 138,안암동3가,,공동주택,경비실,0.0,2024-07-29
서울특별시 노원구 하계동 271-3,하계동,,공동주택,경비실,0.0,2014-05-15
서울특별시 강북구 미아동 1353,미아동,0.0,공동주택,경비실,1.0,2004-05-07
서울특별시 동작구 흑석동 341,흑석동,,공동주택,경비실,,2019-12-24
서울특별시 용산구 원효로4가 128-1,원효로4가,0.0,공동주택,경비실,0.0,2005-03-03
서울특별시 노원구 상계동 1269,상계동,0.0,공동주택,경비실,0.0,2001-05-29
서울특별시 관악구 신림동 1735,신림동,,공동주택,경비실,,2008-03-06
서울특별시 강서구 내발산동 657,내발산동,95662.2,공동주택,경비실,0.0,2005-05-04
서울특별시 노원구 월계동 320-9,월계동,0.0,공동주택,통합경비실2,0.0,2009-11-27
서울특별시 서초구 반포동 18-1,반포동,,공동주택,(경비실),,2009-07-14
서울특별시 성북구 길음동 1285,길음동,,공동주택,경비실,,2010-07-28
서울특별시 관악구 봉천동 1728,봉천동,,공동주택,경비실,,2014-09-19
서울특별시 서초구 방배동 906-13,방배동,,공동주택,경비실3,,2010-02-03
서울특별시 서초구 반포동 1342,반포동,,공동주택,경비실-4,,2018-09-21
서울특별시 동대문구 제기동 1212,제기동,0.0,공동주택,경비실,0.0,2004-05-11
서울특별시 성동구 성수동2가 834,성수동2가,0.0,공동주택,경비실,0.0,2003-08-30
서울특별시 관악구 봉천동 1730,봉천동,,공동주택,경비실,,2019-06-25
서울특별시 강동구 암사동 413,암사동,0.0,공동주택,경비실,0.0,2007-07-09
서울특별시 관악구 봉천동 1716,봉천동,0.0,공동주택,경비실1,0.0,2003-07-04
서울특별시 강동구 암사동 400,암사동,0.0,공동주택,경비실,0.0,2004-08-30
서울특별시 도봉구 방학동 713,방학동,0.0,공동주택,공동주택(경비실),0.0,2003-04-30
서울특별시 노원구 월계동 774,월계동,0.0,공동주택,경비실,0.0,1998-07-14
서울특별시 노원구 월계동 13,월계동,0.0,공동주택,경비실,0.0,1986-06-07
서울특별시 은평구 진관동 105,진관동,,공동주택,경비실,,2009-11-26
서울특별시 은평구 진관동 105,진관동,,공동주택,경비실,,2009-11-26
서울특별시 성북구 정릉동 406,정릉동,0.0,공동주택,경비실,0.0,2005-11-28
서울특별시 서초구 잠원동 63-2,잠원동,,공동주택,경비실,,
서울특별시 성동구 응봉동 276,응봉동,0.0,공동주택,경비실,0.0,2003-06-07
서울특별시 노원구 중계동 577,중계동,0.0,공동주택,"중앙공급실,경비실",0.0,1993-11-25
서울특별시 강동구 천호동 46,천호동,0.0,공동주택,경비실,0.0,2005-12-27
서울특별시 강동구 강일동 699,강일동,,공동주택,경비실,,2009-04-06
서울특별시 송파구 장지동 845,장지동,,공동주택,경비실,,2008-08-22
서울특별시 강동구 천호동 52-6,천호동,0.0,공동주택,경비실,0.0,2004-09-03
서울특별시 강동구 길동 475,길동,0.0,공동주택,경비실,0.0,2004-01-08
서울특별시 은평구 응암동 762,응암동,,공동주택,경비실,,2013-09-26
서울특별시 송파구 잠실동 22,잠실동,,공동주택,경비실,,2008-07-31
서울특별시 용산구 한남동 748-2,한남동,0.0,단독주택,경비실,0.0,1998-02-24
서울특별시 서대문구 남가좌동 388,남가좌동,,공동주택,경비실,,2018-12-31
서울특별시 강동구 천호동 570,천호동,,공동주택,경비실2,,2009-04-20
서울특별시 강동구 둔촌동 61-12,둔촌동,0.0,공동주택,경비실,0.0,2004-10-05
서울특별시 노원구 공릉동 758,공릉동,,공동주택,경비실-1,0.0,2022-01-18
서울특별시 서초구 서초동 1758,서초동,,공동주택,"경비실,택배보관실",0.0,2022-08-19
서울특별시 은평구 진관동 83,진관동,,공동주택,경비실,,2009-12-23
서울특별시 서대문구 북아현동 1013,북아현동,,공동주택,"전기,관리사무소,작은도서관,주민공동시설,경로당,어린이집,경비실,지하주차장 등",,2018-05-03
서울특별시 마포구 상암동 1655,상암동,0.0,공동주택,경비실,0.0,2006-10-11
서울특별시 노원구 중계동 592,중계동,0.0,공동주택,경비실,0.0,1999-09-21
서울특별시 강동구 강일동 665,강일동,,공동주택,경비실,,2009-03-11
서울특별시 마포구 중동 398,중동,0.0,공동주택,경비실,0.0,2006-05-04
서울특별시 동대문구 제기동 153,제기동,0.0,공동주택,경비실,0.0,2003-06-13
서울특별시 동작구 사당동 1133,사당동,0.0,공동주택,경비실,0.0,2003-02-15
서울특별시 동작구 신대방동 725,신대방동,,공동주택,"주민공동시설,기계실,경비실,관리실",0.0,2025-07-28
서울특별시 도봉구 방학동 689,방학동,0.0,공동주택,경비실,0.0,2005-11-21
서울특별시 은평구 진관동 113,진관동,,공동주택,경비실,,2010-06-14
서울특별시 양천구 신정동 1321,신정동,,공동주택,경비실,,2011-07-29
서울특별시 관악구 신림동 1704-1,신림동,0.0,공동주택,경비실,0.0,1995-10-06
서울특별시 강서구 화곡동 1091,화곡동,150567.0,공동주택,경비실,0.0,2002-10-31
서울특별시 성북구 길음동 1289,길음동,,공동주택,경비실,,2022-01-27
서울특별시 강서구 내발산동 745,내발산동,12654.9,공동주택,경비실,0.0,2006-11-13
서울특별시 은평구 불광동 19-3,불광동,0.0,공동주택,경비실,0.0,1986-01-31
서울특별시 중구 신당동 850,신당동,0.0,공동주택,경비실,0.0,2005-12-28
서울특별시 은평구 진관동 25,진관동,,공동주택,경비실,,2010-07-09
서울특별시 은평구 진관동 25,진관동,,공동주택,경비실,,2010-07-09
서울특별시 은평구 신사동 355,신사동,0.0,공동주택,경비실,0.0,1994-04-23
서울특별시 강북구 미아동 1353,미아동,0.0,공동주택,경비실,1.0,2004-05-07
서울특별시 강서구 화곡동 1091,화곡동,150567.0,공동주택,경비실,0.0,2002-10-31
서울특별시 서초구 서초동 1312-3,서초동,0.0,공동주택,"경비실,엠디에프실",0.0,2006-06-07
서울특별시 구로구 온수동 155,온수동,,공동주택,경비실,,2010-02-17
서울특별시 노원구 상계동 1284,상계동,0.0,공동주택,경비실,0.0,2001-05-22
서울특별시 금천구 시흥동 1013-4,시흥동,0.0,공동주택,경비실,0.0,2004-08-06
서울특별시 강서구 화곡동 1091,화곡동,150567.0,공동주택,경비실,0.0,2002-10-31
서울특별시 서초구 서초동 1483-18,서초동,0.0,공동주택,경비실,0.0,2005-12-23
서울특별시 성북구 길음동 1280-1,길음동,0.0,공동주택,경비실,0.0,2005-04-20
서울특별시 서대문구 홍은동 463,홍은동,,공동주택,경비실,,2012-09-19
서울특별시 강북구 미아동 797,미아동,0.0,공동주택,경비실,0.0,2006-11-09
서울특별시 성동구 옥수동 528,옥수동,,공동주택,경비실,,2016-11-09
서울특별시 강동구 성내동 598,성내동,0.0,공동주택,경비실,0.0,2003-11-14
서울특별시 중랑구 면목동 715,면목동,0.0,공동주택,경비실,0.0,2002-11-30
서울특별시 관악구 봉천동 1717,봉천동,0.0,공동주택,경비실,0.0,2004-08-26
서울특별시 광진구 자양동 227-7,자양동,0.0,공동주택,공동주택(경비실),0.0,2007-01-22
서울특별시 강북구 미아동 1353,미아동,0.0,공동주택,경비실,1.0,2004-05-07
서울특별시 강동구 암사동 413,암사동,0.0,공동주택,경비실,0.0,2007-07-09
서울특별시 강동구 둔촌동 555,둔촌동,0.0,공동주택,경비실,0.0,2002-11-15
서울특별시 은평구 불광동 641,불광동,,공동주택,경비실,,2010-08-25
서울특별시 성북구 삼선동2가 425,삼선동2가,,공동주택,경비실,,2008-03-27
서울특별시 영등포구 신길동 4934-17,신길동,0.0,공동주택,경비실,0.0,
서울특별시 은평구 진관동 22,진관동,,공동주택,경비실,,2010-07-09
서울특별시 은평구 진관동 22,진관동,,공동주택,경비실,,2010-07-09
서울특별시 은평구 진관동 92,진관동,,공동주택,경비실,,2010-09-08
서울특별시 종로구 구기동 221,구기동,0.0,제2종근린생활시설,경비실,0.0,1986-10-24
서울특별시 은평구 진관동 25,진관동,,공동주택,경비실,,2010-07-09
서울특별시 관악구 신림동 1730,신림동,0.0,공동주택,경비실,0.0,2005-06-21
서울특별시 강북구 미아동 1353,미아동,0.0,공동주택,경비실,1.0,2004-05-07
서울특별시 동대문구 답십리동 808,답십리동,0.0,공동주택,경비실,0.0,2003-01-08
서울특별시 성동구 성수동1가 714,성수동1가,0.0,공동주택,경비실,0.0,2003-09-25
서울특별시 은평구 진관동 154,진관동,,공동주택,경비실,,2010-09-08
서울특별시 마포구 신수동 455,신수동,0.0,공동주택,경비실,0.0,2005-06-20
서울특별시 은평구 진관동 1,진관동,,공동주택,경비실,,2008-05-14
서울특별시 은평구 진관동 1,진관동,,공동주택,경비실,,2008-05-14
서울특별시 성동구 하왕십리동 1058,하왕십리동,0.0,공동주택,경비실,0.0,2001-12-14
서울특별시 성동구 마장동 820,마장동,0.0,공동주택,경비실,0.0,2006-09-27
서울특별시 강동구 암사동 672,암사동,0.0,공동주택,"경비실,MDF실",0.0,2003-12-31
서울특별시 동작구 상도동 531,상도동,,공동주택,경비실,,2012-09-25
서울특별시 광진구 광장동 250,광장동,0.0,공동주택,경비실,0.0,2007-10-15
서울특별시 마포구 상암동 1660,상암동,0.0,공동주택,경비실,0.0,2005-06-02
서울특별시 은평구 진관동 28,진관동,,공동주택,경비실,,2010-11-30
서울특별시 은평구 진관동 28,진관동,,공동주택,경비실,,2010-11-30
서울특별시 서초구 서초동 1312-3,서초동,0.0,공동주택,"경비실,엠디에프실",0.0,2006-06-07
서울특별시 종로구 홍지동 7-1,홍지동,,교육연구시설,경비실,0.0,1969-08-16
서울특별시 성동구 행당동 349,행당동,0.0,공동주택,경비실,0.0,2003-12-23
서울특별시 은평구 진관동 7,진관동,10715.5,공동주택,경비실,,2008-05-14
서울특별시 구로구 신도림동 646,신도림동,0.0,공동주택,경비실,0.0,2003-05-27
서울특별시 도봉구 창동 819,창동,0.0,공동주택,경비실,0.0,2003-07-14
서울특별시 광진구 자양동 227-7,자양동,0.0,공동주택,공동주택(경비실),0.0,2007-01-22
서울특별시 성동구 금호동1가 633,금호동1가,0.0,공동주택,경비실,0.0,2001-12-03
서울특별시 강동구 강일동 670,강일동,,공동주택,경비실,,2009-07-13
서울특별시 강서구 방화동 579,방화동,13410.0,공동주택,경비실,0.0,2004-05-11
서울특별시 은평구 불광동 643,불광동,,공동주택,"관리사무실,통합경비실,MDF실",,2011-07-29
서울특별시 동작구 상도동 460,상도동,0.0,공동주택,경비실,0.0,2006-09-29
서울특별시 은평구 불광동 643-1,불광동,5020.0,공동주택,경비실,,2011-07-29
서울특별시 구로구 가리봉동 779,가리봉동,,공동주택,"부대시설:지2-1층(경비실,관리사무소,창고, 지하층계단실, 지하주차장, 기계실,전기실,통신실, 주민공동시설, 작은도서관, 경로당)",0.0,2024-07-26
서울특별시 강서구 화곡동 1159,화곡동,106164.2,공동주택,경비실,,2008-01-08
서울특별시 강서구 방화동 839,방화동,56485.9,공동주택,통합경비실,,2011-10-17
서울특별시 마포구 상암동 1658,상암동,0.0,공동주택,경비실,0.0,2005-09-20
서울특별시 도봉구 도봉동 655,도봉동,0.0,공동주택,경비실,0.0,2005-02-18
서울특별시 마포구 용강동 501,용강동,0.0,제2종근린생활시설,경비실,0.0,2004-07-01
서울특별시 성북구 삼선동2가 425,삼선동2가,,공동주택,경비실,,2008-03-27
서울특별시 강동구 고덕동 688,고덕동,,공동주택,경비실,,2016-12-29
서울특별시 동대문구 전농동 690,전농동,,공동주택,경비실,,2014-10-23
서울특별시 강북구 미아동 1353,미아동,0.0,공동주택,경비실,1.0,2004-05-07
서울특별시 은평구 진관동 81,진관동,,공동주택,경비실,,2009-12-23
서울특별시 동작구 흑석동 329,흑석동,0.0,공동주택,경비실,0.0,2003-12-26
서울특별시 마포구 창전동 441,창전동,0.0,공동주택,경비실,0.0,2005-09-20
서울특별시 영등포구 당산동5가 42,당산동5가,0.0,공동주택,경비실,0.0,2003-12-30
서울특별시 강북구 미아동 1353,미아동,0.0,공동주택,경비실,1.0,2004-05-07
서울특별시 강북구 미아동 1353,미아동,0.0,공동주택,경비실,1.0,2004-05-07
서울특별시 강북구 미아동 1356,미아동,0.0,공동주택,경비실(1),0.0,2003-06-20
서울특별시 서초구 방배동 424-28,방배동,,공동주택,"통합경비실,MDF실",,2013-11-20
서울특별시 서초구 신원동 557,신원동,,공동주택,경비실,,2014-12-19
서울특별시 강남구 율현동 365,율현동,,공동주택,경비실,,2015-09-23
서울특별시 은평구 진관동 2,진관동,,공동주택,경비실,,2008-05-14
서울특별시 송파구 가락동 913,가락동,,공동주택,경비실,,2018-12-28
서울특별시 성동구 금호동2가 1217,금호동2가,,공동주택,경비실,,2012-05-18
서울특별시 서초구 서초동 1436-14,서초동,0.0,공동주택,경비실,0.0,2003-09-04
서울특별시 금천구 시흥동 1013,시흥동,0.0,공동주택,경비실,0.0,2004-08-06
서울특별시 강동구 상일동 515,상일동,,공동주택,경비실,,2018-03-08
서울특별시 강동구 상일동 515,상일동,,공동주택,경비실,,2018-03-08
서울특별시 강동구 명일동 356,명일동,0.0,공동주택,경비실,0.0,2004-07-21
서울특별시 도봉구 창동 27,창동,0.0,공동주택,경비실,,2017-12-01
서울특별시 강동구 길동 477,길동,,공동주택,경비실,,2020-04-14
서울특별시 강서구 염창동 70-20,염창동,0.0,공동주택,"아파트, 경비실, 공중변소, 노인정",77.0,1992-04-11
서울특별시 강동구 성내동 608,성내동,,공동주택,경비실,,2020-11-30
서울특별시 송파구 신천동 17,신천동,,공동주택,경비실,,2008-11-12
서울특별시 금천구 시흥동 1011,시흥동,0.0,공동주택,경비실,0.0,2002-12-30
서울특별시 강동구 성내동 412,성내동,3893.7,공동주택,경비실,,2010-12-23
서울특별시 광진구 광장동 582,광장동,,공동주택,경비실,,2012-03-28
서울특별시 서초구 서초동 1312-3,서초동,0.0,공동주택,경비실,0.0,2006-06-07
서울특별시 서초구 서초동 1487-63,서초동,0.0,공동주택,"주차장,전기실,기계실,주민공동시설,경비실",0.0,2004-08-24
서울특별시 강동구 상일동 514,상일동,,공동주택,경비실,,2019-12-30
서울특별시 강동구 상일동 521,상일동,,공동주택,경비실,,2021-01-07
서울특별시 은평구 갈현동 544,갈현동,0.0,공동주택,경비실,0.0,2003-02-14
서울특별시 서대문구 북가좌동 481,북가좌동,,공동주택,경비실,,2012-10-05
서울특별시 구로구 궁동 232,궁동,,교육연구시설,경비실,,2008-04-11
서울특별시 은평구 불광동 632,불광동,0.0,공동주택,경비실,0.0,2001-11-15
서울특별시 강북구 미아동 1371,미아동,,공동주택,"경비실-1,2",,2022-04-28
서울특별시 중구 신당동 852,신당동,,공동주택,경비실,,2011-12-13
서울특별시 광진구 자양동 792,자양동,0.0,공동주택,경비실,0.0,2002-10-30
서울특별시 용산구 한남동 809,한남동,0.0,공동주택,경비실,0.0,2006-07-25
서울특별시 용산구 한남동 809,한남동,0.0,공동주택,경비실,0.0,2006-07-25
서울특별시 광진구 자양동 853,자양동,0.0,공동주택,경비실,0.0,2006-05-30
서울특별시 강남구 역삼동 902,역삼동,,공동주택,경비실,0.0,2022-04-28
서울특별시 성북구 돈암동 644,돈암동,,공동주택,경비실,,2016-12-29
서울특별시 성동구 하왕십리동 1070,하왕십리동,,공동주택,경비실,,2016-11-29
서울특별시 중랑구 신내동 660,신내동,,공동주택,경비실,,2011-10-07
서울특별시 성동구 성수동1가 718,성수동1가,,공동주택,경비실,,2017-05-29
서울특별시 종로구 평창동 161-1,평창동,9088.0,공동주택,경비실,0.0,1983-03-23
서울특별시 은평구 불광동 635,불광동,,공동주택,경비실,,2009-07-16
서울특별시 은평구 불광동 635,불광동,,공동주택,경비실,,2009-07-16
서울특별시 종로구 평창동 217,평창동,25146.0,교육연구시설,경비실,0.0,1990-05-24
서울특별시 노원구 월계동 322-1,월계동,0.0,공동주택,경비실,0.0,1995-06-12
서울특별시 성북구 돈암동 644,돈암동,,공동주택,경비실,,2016-12-29
서울특별시 성동구 옥수동 528-1,옥수동,,공동주택,경비실,,2016-11-09
서울특별시 구로구 온수동 155,온수동,,공동주택,경비실,,2010-02-17
서울특별시 은평구 수색동 415-1,수색동,0.0,공동주택,경비실,0.0,2003-07-10
서울특별시 강서구 마곡동 1513,마곡동,4546.7,공동주택,경비실,0.0,2007-03-05
서울특별시 강서구 화곡동 1173,화곡동,,공동주택,경비실,,2022-12-01
서울특별시 동대문구 청량리동 213,청량리동,0.0,공동주택,경비실,0.0,2001-09-24
서울특별시 은평구 진관동 3,진관동,,공동주택,경비실,,2008-05-14
서울특별시 서대문구 냉천동 261,냉천동,,공동주택,경비실,,2011-04-07
서울특별시 중랑구 면목동 581,면목동,0.0,공동주택,경비실,0.0,2003-04-01
서울특별시 노원구 공릉동 758,공릉동,,공동주택,경비실-2,0.0,2022-01-18
서울특별시 동작구 상도동 536,상도동,,공동주택,경비실,,2016-02-03
서울특별시 종로구 구기동 150,구기동,0.0,제2종근린생활시설,경비실,0.0,1992-08-17
서울특별시 금천구 가산동 371-11,가산동,0.0,공장,경비실,0.0,2005-04-28
서울특별시 강동구 둔촌동 630,둔촌동,,공동주택,경비실,,2010-03-12
서울특별시 노원구 상계동 1286,상계동,0.0,공동주택,경비실,0.0,1999-11-25
서울특별시 성동구 옥수동 60,옥수동,0.0,공동주택,경비실,0.0,2004-10-29
서울특별시 구로구 고척동 350,고척동,27950.5,공동주택,경비실,0.0,2022-08-31
서울특별시 성동구 금호동3가 917,금호동3가,0.0,공동주택,경비실,0.0,2005-05-31
서울특별시 성동구 금호동4가 1507,금호동4가,,공동주택,경비실,0.0,2007-03-30
서울특별시 양천구 신월동 1077,신월동,,공동주택,경비실,,2020-05-28
서울특별시 은평구 진관동 101,진관동,,공동주택,경비실,,2009-01-12
서울특별시 송파구 잠실동 35,잠실동,0.0,공동주택,경비실,0.0,2007-08-24
서울특별시 서초구 잠원동 49-37,잠원동,0.0,공동주택,경비실,0.0,
서울특별시 은평구 진관동 20,진관동,,공동주택,경비실,,2008-05-14
서울특별시 성북구 길음동 1280,길음동,0.0,공동주택,경비실,0.0,2005-04-20
서울특별시 노원구 월계동 939,월계동,0.0,공동주택,"관리사무소,노인정,경비실",0.0,2004-09-24
서울특별시 노원구 상계동 1309,상계동,0.0,공동주택,경비실,0.0,2005-02-03
서울특별시 마포구 아현동 777,아현동,,공동주택,경비실,,2014-09-26
서울특별시 강북구 미아동 1353,미아동,0.0,공동주택,경비실,1.0,2004-05-07
서울특별시 강북구 미아동 1357,미아동,0.0,공동주택,경비실,0.0,2003-12-30
서울특별시 영등포구 대림동 1123,대림동,,공동주택,경비실,,2008-09-30
서울특별시 양천구 목동 900-21,목동,,업무시설,경비실,,1996-02-28
서울특별시 강서구 마곡동 751,마곡동,,공동주택,경비실,,2014-05-29
서울특별시 중랑구 신내동 657,신내동,,공동주택,공동주？(경비실),,2011-10-07
서울특별시 양천구 신정동 1327,신정동,,공동주택,경비실,0.0,2022-12-13
서울특별시 용산구 신창동 102,신창동,0.0,공동주택,공동주택(경비실),0.0,2005-04-11
서울특별시 노원구 상계동 1321,상계동,0.0,공동주택,경비실,0.0,2003-11-03
서울특별시 양천구 신정동 1317,신정동,,공동주택,경비실,,2011-06-20
서울특별시 강서구 염창동 308,염창동,6521.3,공동주택,경비실,,2014-06-11
서울특별시 양천구 목동 965,목동,,공동주택,경비실,,2019-04-23
서울특별시 양천구 신월동 1076,신월동,,공동주택,경비실,,2020-05-28
서울특별시 은평구 응암동 759,응암동,,공동주택,경비실,,2011-12-22
서울특별시 영등포구 당산동 121-99,당산동,0.0,업무시설,경비실,0.0,
서울특별시 서대문구 남가좌동 388,남가좌동,,공동주택,경비실,,2018-12-31
서울특별시 도봉구 창동 818,창동,0.0,공동주택,   경비실1,0.0,2003-05-29
서울특별시 강서구 화곡동 1149,화곡동,7714.7,공동주택,경비실,0.0,2004-11-01
서울특별시 강서구 화곡동 361-1,화곡동,0.0,공동주택,경비실,0.0,1992-08-31
서울특별시 종로구 명륜1가 1-27,명륜1가,,교육연구시설,교육연구시설(경비실),,
서울특별시 양천구 신정동 1318,신정동,,공동주택,경비실,,2011-04-18
서울특별시 구로구 항동 242,항동,,공동주택,"경비실,무인택배보관실",,2019-02-25
서울특별시 서대문구 남가좌동 385,남가좌동,,공동주택,경비실3(택지2),,2015-10-26
서울특별시 성북구 보문동1가 228,보문동1가,,공동주택,경비실,0.0,2022-03-30
서울특별시 양천구 신월동 1078,신월동,,공동주택,경비실,,2020-05-28
서울특별시 은평구 진관동 155,진관동,,공동주택,경비실,,2010-09-08
서울특별시 은평구 진관동 92,진관동,,공동주택,경비실,,2010-09-08
서울특별시 송파구 가락동 913,가락동,,공동주택,경비실,,2018-12-28
서울특별시 양천구 신정동 1316,신정동,,공동주택,경비실,,2011-06-24
서울특별시 관악구 신림동 646-446,신림동,10039.0,공동주택,기숙사(경비실),0.0,2018-09-19
서울특별시 동대문구 제기동 1212,제기동,0.0,공동주택,경비실,0.0,2004-05-11
서울특별시 서초구 우면동 784,우면동,,공동주택,경비실,,2013-11-19
서울특별시 금천구 시흥동 1026,시흥동,,공동주택,경비실,,2014-08-14
서울특별시 구로구 천왕동 278,천왕동,,공동주택,경비실,,2011-10-12
서울특별시 양천구 신월동 1075,신월동,,공동주택,"경비실,택배보관소",,2020-05-28
서울특별시 양천구 목동 951,목동,0.0,공동주택,경비실,0.0,2004-11-24
서울특별시 양천구 신정동 1317,신정동,,공동주택,경비실,,2011-06-29
서울특별시 양천구 신정동 1325,신정동,,공동주택,경비실,,2019-02-07
서울특별시 관악구 신림동 1717,신림동,0.0,공동주택,경비실,0.0,2002-12-06
서울특별시 관악구 봉천동 1712,봉천동,0.0,공동주택,경비실,0.0,2003-09-06
서울특별시 관악구 봉천동 1712,봉천동,0.0,공동주택,경비실,0.0,2003-09-06
서울특별시 서대문구 북아현동 1017,북아현동,49743.5,공동주택,경비실,0.0,2023-06-07
서울특별시 서초구 내곡동 411,내곡동,,공동주택,경비실,,2014-08-11
서울특별시 강남구 대치동 888,대치동,,공동주택,경비실,,2008-06-03
서울특별시 성동구 행당동 349,행당동,0.0,공동주택,경비실,0.0,2003-12-23
서울특별시 강동구 고덕동 499,고덕동,,공동주택,경비실,,2011-12-28
서울특별시 성동구 응봉동 15,응봉동,0.0,공동주택,경비실,0.0,2001-10-26
서울특별시 성동구 응봉동 15,응봉동,0.0,공동주택,경비실,0.0,2001-10-26
서울특별시 성동구 행당동 364,행당동,0.0,공동주택,"경비실,MDF실",0.0,2006-01-19
서울특별시 성동구 응봉동 15,응봉동,0.0,공동주택,경비실,0.0,2001-10-26
서울특별시 동작구 상도동 408,상도동,0.0,공동주택,경비실,0.0,1994-02-25
서울특별시 서초구 신원동 579,신원동,,공동주택,경비실,,2014-05-08
서울특별시 구로구 항동 244,항동,,공동주택,"경비실,택배보관실",,2020-06-03
서울특별시 동대문구 휘경동 380,휘경동,5458.5,공동주택,경비실,0.0,2023-01-31
서울특별시 영등포구 신길동 4950,신길동,,공동주택,경비실,,2017-04-12
서울특별시 양천구 신월동 1076,신월동,,공동주택,"경비실,택배보관소",,2020-05-28
서울특별시 강서구 마곡동 743,마곡동,,공동주택,경비실,,2014-06-12
서울특별시 동작구 사당동 1154,사당동,,공동주택,경비실,,2009-03-05
서울특별시 강서구 가양동 1478,가양동,42110.4,공동주택,통합경비실,,2011-10-17
서울특별시 은평구 증산동 258,증산동,,공동주택,"경비실,택배보관소",,2023-01-12
서울특별시 은평구 증산동 258,증산동,,공동주택,"경비실,택배보관소",,2023-01-12
서울특별시 양천구 신월동 987-1,신월동,,공동주택,경비실,0.0,1988-04-30
서울특별시 양천구 신월동 1063,신월동,,공동주택,경비실,,2014-02-07
서울특별시 양천구 신정동 1321,신정동,,공동주택,경비실,,2011-07-29
서울특별시 양천구 신월동 1076,신월동,,공동주택,경비실,,2020-05-28
서울특별시 양천구 신월동 1076,신월동,,공동주택,"경비실,택배보관소",,2020-05-28
서울특별시 강서구 마곡동 743-4,마곡동,,공동주택,경비실,,2014-06-12
서울특별시 강서구 마곡동 743-4,마곡동,,공동주택,경비실,,2014-06-12
서울특별시 강서구 내발산동 756,내발산동,27798.7,공동주택,경비실,,2008-10-01
서울특별시 은평구 진관동 84,진관동,,공동주택,경비실,,2010-01-15
서울특별시 양천구 신월동 142-14,신월동,,공동주택,경비실,,2016-12-06
서울특별시 양천구 신정동 276,신정동,,공동주택,경비실,,2011-11-15
서울특별시 양천구 신정동 276,신정동,,공동주택,경비실,,2011-11-15
서울특별시 양천구 신정동 1324,신정동,,공동주택,"경비실,택배보관소",,2016-08-10
서울특별시 관악구 신림동 1704-1,신림동,0.0,공동주택,경비실,0.0,1995-10-06
서울특별시 강서구 마곡동 743,마곡동,,공동주택,경비실,,2014-06-12
서울특별시 성북구 돈암동 639,돈암동,0.0,공동주택,경비실,0.0,2007-04-18
서울특별시 양천구 신월동 1060,신월동,,공동주택,경비실,,2012-02-17
서울특별시 중랑구 면목동 1532,면목동,1261.3,공동주택,"아파트,경비실,MDF실,전기,발전기,펌프실",29.0,2009-02-13
서울특별시 강서구 화곡동 1159,화곡동,106164.2,공동주택,경비실,,2008-01-08
서울특별시 강남구 삼성동 105,삼성동,0.0,공동주택,경비실,0.0,2005-12-19
서울특별시 강서구 내발산동 749,내발산동,36518.3,공동주택,경비실,,2008-06-10
서울특별시 강서구 마곡동 751,마곡동,,공동주택,경비실,,2014-05-29
서울특별시 강서구 마곡동 751,마곡동,,공동주택,경비실,,2014-05-29
서울특별시 서초구 서초동 1641-3,서초동,0.0,공동주택,경비실,0.0,
서울특별시 구로구 오류동 349,오류동,,공동주택,공동주택(경비실),,2005-12-29
서울특별시 강서구 가양동 1500,가양동,32457.1,공동주택,경비실,,2013-09-25
서울특별시 강서구 화곡동 1165,화곡동,131939.1,공동주택,경비실,,2015-08-19
서울특별시 노원구 상계동 1322,상계동,,공동주택,경비실,,2016-03-17
서울특별시 마포구 상수동 402,상수동,,공동주택,경비실,,2014-10-17
서울특별시 양천구 신월동 1057-1,신월동,,공동주택,"관리실,방재실,경로당,경비실,보육시설,MDF실,지하주차장,기계실,전기실,주민공동시설,문고",,2010-10-14
서울특별시 마포구 아현동 777,아현동,,공동주택,경비실-1,,2014-09-26
서울특별시 노원구 상계동 463,상계동,0.0,공동주택,경비실,0.0,1995-06-02
서울특별시 강서구 마곡동 738,마곡동,,공동주택,경비실,,2014-06-20
서울특별시 강서구 마곡동 750,마곡동,,공동주택,경비실,,2014-05-29
서울특별시 동대문구 이문동 84,이문동,0.0,공동주택,경비실,0.0,2002-05-23
서울특별시 강서구 화곡동 1159,화곡동,106164.2,공동주택,경비실,,2008-01-08
서울특별시 강서구 화곡동 1159,화곡동,106164.2,공동주택,경비실,,2008-01-08
서울특별시 강서구 마곡동 740,마곡동,,공동주택,경비실,,2014-06-26
서울특별시 관악구 봉천동 1717,봉천동,0.0,공동주택,경비실,0.0,2004-08-26
서울특별시 관악구 남현동 1138,남현동,0.0,공동주택,경비실,0.0,2007-03-28
서울특별시 은평구 수색동 418,수색동,,공동주택,경비실,0.0,2023-08-24
서울특별시 은평구 수색동 418,수색동,,공동주택,경비실,0.0,2023-08-24
서울특별시 강남구 세곡동 508,세곡동,,공동주택,경비실,,2011-02-23
서울특별시 강서구 화곡동 1176,화곡동,,공동주택,경비실,,2023-12-27
서울특별시 서초구 서초동 1757,서초동,53923.1,공동주택,경비실-2,0.0,2021-06-29
서울특별시 노원구 상계동 1320,상계동,0.0,공동주택,경비실,0.0,2006-06-08
서울특별시 영등포구 문래동6가 29,문래동6가,0.0,단독주택,"경비실,주택,공장",0.0,
서울특별시 강남구 삼성동 50,삼성동,,공동주택,통합경비실,,2008-12-10
서울특별시 동대문구 회기동 351,회기동,,공동주택,경비실,,2011-12-20
서울특별시 중랑구 상봉동 499,상봉동,0.0,공동주택,경비실,0.0,2006-02-10
서울특별시 관악구 신림동 1736-1,신림동,3625.8,공동주택,"경비실,노인정,관리사무실",,2007-11-26
서울특별시 강남구 대치동 974,대치동,,공동주택,경비실,,
서울특별시 동작구 신대방동 720,신대방동,,공동주택,경비실-3,,2010-07-26
서울특별시 서초구 방배동 849-30,방배동,,공동주택,경비실,,2009-07-01
서울특별시 동대문구 제기동 1212,제기동,0.0,공동주택,경비실,0.0,2004-05-11
서울특별시 서초구 반포동 18-1,반포동,,공동주택,(경비실),,2009-07-14
서울특별시 서초구 반포동 18-1,반포동,,공동주택,(경비실),,2009-07-14
서울특별시 송파구 거여동 599,거여동,,공동주택,"경비실,택배보관실",,2020-12-22
서울특별시 성북구 장위동 322,장위동,,공동주택,통합경비실,,2021-05-31
서울특별시 강동구 둔촌동 62,둔촌동,0.0,공동주택,경비실,0.0,2004-03-22
서울특별시 강동구 고덕동 고덕강일 공공주택지구,고덕동,,공동주택,경비실,0.0,2024-01-30
서울특별시 강서구 화곡동 1173,화곡동,,공동주택,"경로당,경비실",,2022-12-01
서울특별시 은평구 신사동 365,신사동,0.0,공동주택,경비실,0.0,2003-11-28
서울특별시 양천구 신정동 1311,신정동,0.0,공동주택,경비실,0.0,2005-10-28
서울특별시 강동구 명일동 359,명일동,,공동주택,경비실,,2019-06-24
서울특별시 관악구 봉천동 1717,봉천동,0.0,공동주택,경비실,0.0,2004-08-26
서울특별시 양천구 목동 956,목동,0.0,공동주택,경비실,0.0,2005-07-04
서울특별시 강서구 방화동 870,방화동,7443.5,공동주택,경비실,0.0,2003-02-24
서울특별시 송파구 잠실동 22,잠실동,,공동주택,경비실,,2008-07-31
서울특별시 강동구 강일동 686,강일동,,공동주택,경비실,,2009-06-09
서울특별시 강서구 방화동 874,방화동,12070.5,공동주택,경비실,0.0,2003-10-28
서울특별시 송파구 장지동 847,장지동,,공동주택,경비실,,2008-08-25
서울특별시 서초구 방배동 3275,방배동,0.0,공동주택,경비실,0.0,2004-11-12
서울특별시 은평구 수색동 418,수색동,,공동주택,경비실,0.0,2023-08-24
서울특별시 동작구 본동 5-2,본동,0.0,제1종근린생활시설,"취수장,경비실,초소",0.0,1979-12-30
서울특별시 종로구 창신동 23-816,창신동,0.0,공동주택,경비실,0.0,2003-08-08
서울특별시 강남구 역삼동 762-3,역삼동,,공동주택,경비실,,2011-06-10
서울특별시 강남구 일원동 711,일원동,,공동주택,통합경비실,,2011-09-02
서울특별시 송파구 장지동 835,장지동,,공동주택,경비실,,2008-09-25
서울특별시 강북구 미아동 1353,미아동,0.0,공동주택,경비실,1.0,2004-05-07
서울특별시 강동구 길동 474,길동,0.0,공동주택,경비실,0.0,2003-11-12
서울특별시 서초구 반포동 16-6,반포동,,공동주택,경비실,,2012-04-02
서울특별시 동작구 상도동 421,상도동,0.0,공동주택,경비실,0.0,2003-10-30
서울특별시 성동구 옥수동 562,옥수동,,공동주택,경비실,,2013-04-15
서울특별시 구로구 신도림동 646,신도림동,0.0,공동주택,경비실,0.0,2003-05-27
서울특별시 구로구 오류동 346,오류동,0.0,공동주택,경비실,0.0,2004-05-03
서울특별시 강서구 염창동 64-12,염창동,445.0,창고시설,"창고, 경비실",0.0,1984-11-24
서울특별시 강서구 마곡동 1525,마곡동,18283.0,공동주택,경비실,,2008-06-09
서울특별시 관악구 봉천동 1717,봉천동,0.0,공동주택,경비실,0.0,2004-08-26
서울특별시 관악구 신림동 1736,신림동,0.0,공동주택,경비실,0.0,2007-02-06
서울특별시 용산구 한남동 726-111,한남동,0.0,공동주택,경비실,0.0,2005-05-27
서울특별시 관악구 신림동 1730,신림동,0.0,공동주택,경비실,0.0,2005-06-21
서울특별시 강남구 일원동 743,일원동,,공동주택,경비실,,2021-07-30
서울특별시 중랑구 망우동 578,망우동,0.0,공동주택,경비실,0.0,2007-05-16
서울특별시 강서구 염창동 303,염창동,6486.6,공동주택,경비실,0.0,2007-05-31
서울특별시 동대문구 이문동 225,이문동,0.0,공동주택,경비실,0.0,2003-07-09
서울특별시 노원구 상계동 1355,상계동,,공동주택,경비실,,2021-02-22
서울특별시 노원구 상계동 1296,상계동,0.0,공동주택,경비실,0.0,2002-05-28
서울특별시 강남구 역삼동 755-4,역삼동,0.0,공동주택,경비실,0.0,2005-12-16
서울특별시 성북구 하월곡동 222,하월곡동,0.0,공동주택,경비실,0.0,2003-04-30
서울특별시 양천구 신정동 1300,신정동,0.0,공동주택,경비실,0.0,2003-11-19
서울특별시 도봉구 방학동 740,방학동,0.0,공동주택,경비실,0.0,2004-12-15
서울특별시 노원구 공릉동 604-11,공릉동,0.0,공동주택,경비실,0.0,1999-04-30
서울특별시 노원구 공릉동 746,공릉동,0.0,공동주택,경비실,0.0,1999-12-24
서울특별시 노원구 공릉동 121,공릉동,0.0,공동주택,경비실,0.0,2004-02-06
서울특별시 서대문구 홍제동 474,홍제동,,공동주택,경비실,0.0,2024-03-27
서울특별시 종로구 창신동 703,창신동,0.0,공동주택,경비실,0.0,1993-10-12
서울특별시 서대문구 홍제동 474,홍제동,,공동주택,경비실,0.0,2024-03-27
서울특별시 관악구 봉천동 1712,봉천동,0.0,공동주택,경비실,0.0,2003-09-06
서울특별시 금천구 가산동 505-3,가산동,1653.0,업무시설,업무시설(경비실),0.0,2023-01-19
서울특별시 용산구 한강로2가 2-8,한강로2가,0.0,공동주택,공동주택(경비실),0.0,2005-05-06
서울특별시 노원구 월계동 18,월계동,0.0,공동주택,경비실,0.0,2002-10-18
서울특별시 노원구 상계동 1281,상계동,0.0,공동주택,경비실,0.0,1997-12-29
서울특별시 노원구 공릉동 91,공릉동,0.0,공동주택,경비실,0.0,2000-11-25
서울특별시 서대문구 홍제동 474,홍제동,,공동주택,경비실,0.0,2024-03-28
서울특별시 성북구 정릉동 210,정릉동,0.0,공동주택,경비실,0.0,2003-10-04
서울특별시 금천구 시흥동 1013,시흥동,0.0,공동주택,경비실,0.0,2004-08-06
서울특별시 서대문구 홍은동 460,홍은동,0.0,공동주택,경비실,0.0,2002-11-22
서울특별시 성북구 정릉동 239,정릉동,0.0,공동주택,경비실,0.0,2005-12-28
서울특별시 구로구 신도림동 646,신도림동,0.0,공동주택,경비실,0.0,2003-05-27
서울특별시 동대문구 제기동 1212-1,제기동,0.0,공동주택,경비실,0.0,2004-05-11
서울특별시 관악구 봉천동 1712,봉천동,0.0,공동주택,경비실,0.0,2003-09-06
서울특별시 관악구 봉천동 1712,봉천동,0.0,공동주택,경비실,0.0,2003-09-06
서울특별시 양천구 신월동 1045,신월동,0.0,공동주택,"관리사무소,경비실",0.0,2007-05-23
서울특별시 노원구 공릉동 742,공릉동,0.0,공동주택,경비실,0.0,1995-06-02
서울특별시 강서구 방화동 870,방화동,7443.5,공동주택,경비실,0.0,2003-02-24
서울특별시 은평구 수색동 417,수색동,,공동주택,경비실,,2021-12-09
서울특별시 강서구 염창동 302,염창동,6605.9,공동주택,경비실,0.0,2006-04-27
서울특별시 구로구 개봉동 492,개봉동,,공동주택,경비실,,2014-05-20
서울특별시 노원구 중계동 583,중계동,0.0,공동주택,경비실(3동),0.0,1997-01-20
서울특별시 양천구 목동 956,목동,0.0,공동주택,경비실,0.0,2005-07-04
서울특별시 양천구 신정동 1323,신정동,,공동주택,경비실,,2016-05-19
서울특별시 성동구 옥수동 528-1,옥수동,,공동주택,경비실,,2016-11-09
서울특별시 강서구 방화동 851,방화동,22991.5,공동주택,통합경비실,,
서울특별시 동대문구 장안동 573,장안동,0.0,공동주택,경비실,0.0,2006-06-08
서울특별시 동대문구 장안동 555-1,장안동,0.0,공동주택,경비실,0.0,1996-06-11
서울특별시 양천구 목동 948,목동,0.0,공동주택,경비실,0.0,2003-10-22
서울특별시 강서구 가양동 448-10,가양동,1570.1,공동주택,경비실,0.0,2003-05-15
서울특별시 중랑구 신내동 660,신내동,,공동주택,경비실,,2011-10-07
서울특별시 서초구 방배동 776-3,방배동,0.0,공동주택,"경비실,엠디에프실",0.0,1978-04-04
서울특별시 금천구 시흥동 806,시흥동,0.0,공동주택,경비실,0.0,2006-01-03
서울특별시 노원구 공릉동 741,공릉동,0.0,공동주택,"경비실,공중화장실,경비원휴게실",0.0,2000-10-18
서울특별시 성북구 종암동 133,종암동,,공동주택,경비실,,2009-10-29
서울특별시 동작구 상도동 416,상도동,0.0,공동주택,경비실,0.0,2004-04-27
서울특별시 서초구 서초동 1444-7,서초동,0.0,공동주택,경비실,0.0,2006-04-18
서울특별시 은평구 수색동 415-1,수색동,0.0,공동주택,경비실,0.0,2003-07-10
서울특별시 강서구 마곡동 1467,마곡동,12389.4,공동주택,경비실,0.0,2003-12-31
서울특별시 강남구 역삼동 755-4,역삼동,0.0,공동주택,경비실,0.0,2005-12-16
서울특별시 구로구 항동 공공주택지구내,항동,,공동주택,"경비실,무인택배실",,2019-05-31
서울특별시 강서구 방화동 852,방화동,28726.58,공동주택,경비실,0.0,1995-05-14
서울특별시 영등포구 신길동 4950,신길동,,공동주택,경비실,,2017-04-12
서울특별시 송파구 잠실동 44,잠실동,0.0,공동주택,경비실,0.0,2007-01-03
서울특별시 용산구 이태원동 154-7,이태원동,0.0,공동주택,"공동주택, 경비실",3.0,1986-09-17
서울특별시 노원구 상계동 1276,상계동,0.0,공동주택,경비실,0.0,2001-06-07
서울특별시 관악구 봉천동 1717-1,봉천동,0.0,공동주택,경비실,0.0,2004-08-26
서울특별시 도봉구 도봉동 654,도봉동,0.0,공동주택,경비실,0.0,2003-03-15
서울특별시 은평구 구산동 546,구산동,0.0,공동주택,경비실,0.0,2004-10-11
서울특별시 동대문구 장안동 329-2,장안동,,공동주택,경비실,,2007-08-04
서울특별시 마포구 연남동 573,연남동,0.0,공동주택,경비실,0.0,2003-06-28
서울특별시 성북구 길음동 1278,길음동,0.0,공동주택,경비실,0.0,2003-03-31
서울특별시 성북구 정릉동 239,정릉동,0.0,공동주택,경비실,0.0,2005-12-28
서울특별시 동작구 상도동 906,상도동,33848.9,공동주택,경비실-2,0.0,2024-04-24
서울특별시 송파구 거여동 654,거여동,,공동주택,경비실,,2021-10-12
서울특별시 성북구 석관동 405,석관동,0.0,공동주택,부대시설-경비실(7.8X5),0.0,1999-06-12
서울특별시 강동구 둔촌동 90,둔촌동,0.0,공동주택,경비실,0.0,2003-08-02
서울특별시 금천구 독산동 955,독산동,0.0,공동주택,경비실,0.0,2002-10-24
서울특별시 송파구 장지동 856,장지동,0.0,공동주택,경비실,0.0,2007-08-20
서울특별시 강남구 대치동 888,대치동,,공동주택,경비실2,,2008-06-03
서울특별시 송파구 마천동 607,마천동,,공동주택,경비실,,2011-01-27
서울특별시 금천구 시흥동 929-33,시흥동,0.0,공동주택,"경비실,MDF실",0.0,2005-05-10
서울특별시 강서구 방화동 908,방화동,,공동주택,경비실,,2022-03-25
서울특별시 동대문구 답십리동 1002,답십리동,,공동주택,"관리사무소,통합경비실,방제센터,MDF실",,2010-12-23
서울특별시 동작구 대방동 510,대방동,0.0,공동주택,경비실,0.0,
서울특별시 동작구 동작동 331,동작동,0.0,공동주택,경비실,0.0,2003-10-30
서울특별시 마포구 공덕동 43,공덕동,0.0,공동주택,경비실,0.0,2004-06-29
서울특별시 관악구 신림동 1736,신림동,0.0,공동주택,경비실,0.0,2007-02-06
서울특별시 강남구 세곡동 511,세곡동,,공동주택,경비실,,2011-02-23
서울특별시 양천구 신월동 125,신월동,0.0,공동주택,경비실,0.0,2005-10-27
서울특별시 종로구 평창동 476-9,평창동,0.0,제2종근린생활시설,제2종근린생활시설(경비실),0.0,
서울특별시 동작구 상도동 906,상도동,33848.9,공동주택,경비실-1,0.0,2024-04-24
서울특별시 강동구 암사동 675,암사동,,공동주택,경비실,,2019-11-12
서울특별시 성동구 마장동 831,마장동,0.0,공동주택,경비실,0.0,2006-11-21
서울특별시 성동구 응봉동 15,응봉동,0.0,공동주택,경비실,0.0,2001-10-26
서울특별시 노원구 월계동 946,월계동,0.0,공동주택,경비실,0.0,2006-09-14
서울특별시 동대문구 휘경동 365,휘경동,0.0,공동주택,"관리사무소,노인정,MDF실,경비실,주민운동시설",0.0,2005-10-05
서울특별시 동대문구 장안동 567,장안동,0.0,공동주택,"경비실,MDF실",0.0,2005-10-11
서울특별시 서초구 방배동 899-16,방배동,,공동주택,경비실1,0.0,2005-08-17
서울특별시 강서구 내발산동 733,내발산동,2204.9,공동주택,경비실,0.0,2005-06-16
서울특별시 관악구 신림동 1735-2,신림동,,공동주택,경비실,,2008-03-06
서울특별시 송파구 잠실동 35,잠실동,0.0,공동주택,경비실,0.0,2007-08-24
서울특별시 금천구 시흥동 987-14,시흥동,0.0,업무시설,업무시설(경비실),0.0,2005-12-06
서울특별시 강서구 등촌동 642,등촌동,5310.1,공동주택,경비실-1,0.0,1999-06-14
서울특별시 강북구 미아동 1353,미아동,0.0,공동주택,경비실,1.0,2004-05-07
서울특별시 도봉구 창동 822,창동,0.0,공동주택,경비실,0.0,2003-10-08
서울특별시 성북구 길음동 1278,길음동,0.0,공동주택,경비실,0.0,2003-03-31
서울특별시 강동구 성내동 413-6,성내동,0.0,공동주택,경비실,0.0,2004-12-08
서울특별시 은평구 진관동 27,진관동,,공동주택,경비실,,2010-11-30
서울특별시 강동구 강일동 673,강일동,,공동주택,경비실,,2009-03-11
서울특별시 마포구 상암동 1637,상암동,0.0,공동주택,경비실,0.0,
서울특별시 마포구 상암동 1658,상암동,0.0,공동주택,경비실,0.0,2005-09-20
서울특별시 마포구 창전동 444,창전동,0.0,제2종근린생활시설,경비실,0.0,2007-11-01
서울특별시 은평구 응암동 739,응암동,0.0,공동주택,경비실,0.0,1998-07-03
서울특별시 은평구 응암동 232-3,응암동,,의료시설,경비실,0.0,2002-01-23
서울특별시 성북구 길음동 1285,길음동,,공동주택,경비실,,2010-07-28
서울특별시 은평구 진관동 107,진관동,,공동주택,경비실,,2009-11-13
서울특별시 강서구 마곡동 744,마곡동,,공동주택,경비실,,2021-02-15
서울특별시 마포구 합정동 468,합정동,1822.1,공동주택,경비실,0.0,2005-01-17
서울특별시 동대문구 답십리동 1001,답십리동,,공동주택,경비실,,2010-09-30
서울특별시 동작구 흑석동 341,흑석동,,공동주택,경비실,,2019-12-24
서울특별시 동작구 사당동 1161,사당동,22728.7,공동주택,경비실(1단지),0.0,2021-06-29
서울특별시 강북구 미아동 1353-1,미아동,0.0,공동주택,경비실,0.0,2004-05-07
서울특별시 동작구 흑석동 339,흑석동,,공동주택,경비실,,2012-12-24
서울특별시 서초구 서초동 1609-1,서초동,0.0,공동주택,경비실,0.0,
서울특별시 도봉구 창동 825,창동,0.0,공동주택,경비실,0.0,2004-07-30
서울특별시 은평구 진관동 107,진관동,,공동주택,경비실,,2009-11-13
서울특별시 양천구 신월동 1025,신월동,0.0,공동주택,경비실,0.0,2004-05-21
서울특별시 도봉구 창동 27,창동,0.0,공동주택,경비실,,2017-12-01
서울특별시 용산구 이태원동 233-4,이태원동,0.0,공동주택,공동주택(경비실),0.0,2006-10-16
서울특별시 서초구 잠원동 67-2,잠원동,0.0,공동주택,경비실,0.0,
서울특별시 강동구 강일동 695,강일동,,공동주택,경비실,,2009-04-06
서울특별시 강남구 자곡동 621,자곡동,,공동주택,경비실,,2013-11-13
서울특별시 도봉구 창동 823,창동,0.0,공동주택,경비실,0.0,2004-01-05
서울특별시 강서구 화곡동 1173,화곡동,,공동주택,경비실,,2022-12-01
서울특별시 동작구 사당동 1161,사당동,22728.7,공동주택,경비실(2단지),0.0,2021-06-29
서울특별시 서대문구 남가좌동 385,남가좌동,,공동주택,경비실4(택지2),,2015-10-26
서울특별시 용산구 한남동 810,한남동,,공동주택,경비실,,2011-01-07
서울특별시 강서구 마곡동 750,마곡동,,공동주택,경비실,,2014-05-29
서울특별시 노원구 공릉동 109,공릉동,0.0,공동주택,경비실,0.0,1999-07-29
서울특별시 노원구 공릉동 590-1,공릉동,0.0,공동주택,경비실,0.0,1999-05-08
서울특별시 강동구 강일동 674,강일동,,공동주택,경비실,,2009-03-11
서울특별시 송파구 장지동 901,장지동,,공동주택,경비실,,2013-11-08
서울특별시 강서구 화곡동 1165,화곡동,131939.1,공동주택,경비실,,2015-08-19
서울특별시 은평구 갈현동 545,갈현동,0.0,공동주택,경비실,0.0,2003-09-23
서울특별시 용산구 이촌동 411,이촌동,0.0,공동주택,부대복리시설(경비실),0.0,1999-05-31
서울특별시 서초구 서초동 1681-8,서초동,,공동주택,경비실,,2014-11-14
서울특별시 관악구 신림동 1723,신림동,0.0,공동주택,경비실,0.0,2003-04-01
서울특별시 강남구 삼성동 11,삼성동,0.0,공동주택,경비실,0.0,2007-03-26
서울특별시 중랑구 면목동 1549,면목동,,공동주택,경비실,,2023-01-27
서울특별시 관악구 신림동 1735,신림동,,공동주택,경비실,,2008-03-06
서울특별시 도봉구 방학동 740,방학동,0.0,공동주택,경비실,0.0,2004-12-15
서울특별시 강남구 삼성동 105,삼성동,0.0,공동주택,경비실,0.0,2005-12-19
서울특별시 송파구 마천동 582,마천동,,공동주택,경비실,,2011-01-27
서울특별시 동작구 상도동 529,상도동,,공동주택,경비실(2개소),,2010-03-15
서울특별시 은평구 불광동 636,불광동,0.0,공동주택,경비실,0.0,2006-09-01
서울특별시 중랑구 신내동 817,신내동,,공동주택,경비실,,2013-12-11
서울특별시 용산구 한남동 810,한남동,,공동주택,경비실,,2011-01-07
서울특별시 성동구 행당동 347,행당동,,공동주택,경비실,,2000-12-30
서울특별시 은평구 역촌동 232,역촌동,,공동주택,경비실,,2011-01-04
서울특별시 양천구 신월동 1053,신월동,,공동주택,경비실,,2009-03-25
서울특별시 양천구 신정동 1321,신정동,,공동주택,경비실,,2011-07-29
서울특별시 동작구 상도동 533,상도동,,공동주택,경비실2,,2013-08-14
서울특별시 노원구 공릉동 380-1,공릉동,0.0,공동주택,경비실,0.0,1999-10-23
서울특별시 서초구 방배동 3276,방배동,0.0,공동주택,관리경비실,0.0,2005-01-21
서울특별시 강북구 미아동 1353,미아동,0.0,공동주택,경비실,1.0,2004-05-07
서울특별시 노원구 중계동 588,중계동,0.0,공동주택,경비실,0.0,1999-02-11
서울특별시 서대문구 연희동 742,연희동,0.0,공동주택,부속건축물(경비실),1.0,2005-03-24
서울특별시 강동구 상일동 554-38,상일동,,공동주택,경비실,0.0,2024-02-22
서울특별시 은평구 불광동 643,불광동,,공동주택,경비실,,2011-07-29
서울특별시 은평구 대조동 231,대조동,0.0,공동주택,경비실,0.0,1997-11-04
서울특별시 성동구 응봉동 276,응봉동,0.0,공동주택,경비실,0.0,2003-06-07
서울특별시 동대문구 답십리동 998,답십리동,0.0,공동주택,경비실,0.0,2007-04-26
서울특별시 성북구 정릉동 210,정릉동,0.0,공동주택,경비실,0.0,2003-10-04
서울특별시 성북구 하월곡동 222,하월곡동,0.0,공동주택,경비실,0.0,2003-04-30
서울특별시 중랑구 망우동 580-1,망우동,0.0,공동주택,경비실,0.0,2006-04-28
서울특별시 동작구 상도동 431,상도동,0.0,공동주택,경비실,0.0,2004-12-24
서울특별시 관악구 봉천동 1717,봉천동,0.0,공동주택,경비실,0.0,2004-08-26
서울특별시 강북구 미아동 1353,미아동,0.0,공동주택,경비실,1.0,2004-05-07
서울특별시 강서구 방화동 546-1,방화동,8175.7,공동주택,경비실,0.0,2005-06-02
서울특별시 구로구 개봉동 487,개봉동,0.0,공동주택,경비실,0.0,2005-06-03
서울특별시 강북구 미아동 1353,미아동,0.0,공동주택,경비실,1.0,2004-05-07
서울특별시 서대문구 홍은동 461,홍은동,,공동주택,경비실,,2009-08-31
서울특별시 양천구 신정동 276,신정동,,공동주택,경비실,,2011-11-15
서울특별시 성북구 보문동6가 458,보문동6가,,공동주택,경비실,,2017-01-18
서울특별시 동작구 사당동 1149,사당동,0.0,공동주택,경비실,0.0,2004-09-22
서울특별시 중구 만리동2가 273,만리동2가,,공동주택,경비실,,2017-08-07
서울특별시 동작구 본동 487,본동,0.0,공동주택,경비실,0.0,2004-08-07
서울특별시 중랑구 신내동 801,신내동,0.0,공동주택,경비실,0.0,2004-02-13
서울특별시 금천구 시흥동 806,시흥동,0.0,공동주택,경비실,0.0,2006-01-03
서울특별시 서초구 서초동 1473-2,서초동,0.0,공동주택,경비실,0.0,2005-06-09
서울특별시 은평구 응암동 764,응암동,,공동주택,경비실,,2018-02-19
서울특별시 영등포구 신길동 67-1,신길동,0.0,공동주택,경비실,0.0,1999-06-15
서울특별시 동작구 상도동 408,상도동,0.0,공동주택,경비실,0.0,1994-02-25
서울특별시 양천구 목동 724-2,목동,0.0,공동주택,경비실,0.0,2003-08-14
서울특별시 금천구 독산동 958,독산동,0.0,공동주택,경비실,0.0,2006-12-06
서울특별시 서대문구 홍제동 463,홍제동,0.0,공동주택,경비실,0.0,2002-11-22
서울특별시 강남구 삼성동 189,삼성동,,공동주택,경비실,,2021-09-17
서울특별시 서대문구 북가좌동 458,북가좌동,,공동주택,"경비실,주민공동시설,관리사무소,다목적실",,2009-03-31
서울특별시 동대문구 장안동 587,장안동,,공동주택,경비실,,2019-10-22
서울특별시 동대문구 휘경동 368,휘경동,,공동주택,경비실,,2013-10-25
서울특별시 서초구 반포동 20-43,반포동,,공동주택,경비실,,2009-03-13
서울특별시 관악구 신림동 1717,신림동,0.0,공동주택,경비실,0.0,2002-12-06
서울특별시 양천구 신월동 1037,신월동,,공동주택,경비실(303동),,2008-11-04
서울특별시 송파구 장지동 854,장지동,0.0,공동주택,경비실,0.0,2007-07-31
서울특별시 관악구 봉천동 1712,봉천동,0.0,공동주택,경비실,0.0,2003-09-06
서울특별시 마포구 공덕동 464,공덕동,0.0,제2종근린생활시설,경비실,0.0,2005-11-17
서울특별시 노원구 상계동 1312,상계동,,공동주택,경비실,,2009-11-20
서울특별시 서초구 방배동 884-21,방배동,0.0,공동주택,경비실,0.0,2003-12-31
서울특별시 용산구 청암동 181,청암동,0.0,공동주택,경비실,0.0,2005-08-18
서울특별시 구로구 천왕동 279-2,천왕동,,공동주택,경비실,,2011-06-03
서울특별시 구로구 천왕동 273,천왕동,,공동주택,경비실,,2011-08-03
서울특별시 동대문구 답십리동 1009,답십리동,,공동주택,경비실-2,,2018-11-30
서울특별시 은평구 응암동 714,응암동,0.0,공동주택,경비실,0.0,1995-12-22
서울특별시 광진구 자양동 856,자양동,,공동주택,부대시설(경비실),,2009-09-15
서울특별시 강동구 상일동 28,상일동,,공동주택,경비실,,2021-02-10
서울특별시 영등포구 문래동3가 9,문래동3가,18963.0,공장,경비실,0.0,
서울특별시 강동구 길동 474,길동,0.0,공동주택,경비실,0.0,2003-11-12
서울특별시 용산구 동빙고동 315,동빙고동,,공동주택,경비실,,2011-04-28
서울특별시 성동구 하왕십리동 1066,하왕십리동,,공동주택,"경로당,방재센터,사회복지관,관리사무소,경비실,주민공동시설,체력단련실",,2015-04-24
서울특별시 종로구 평창동 361-6,평창동,,공동주택,"지하주차장,기계실,창고,경비실,기사대기실,쓰레기분리수거실",,2010-06-25
서울특별시 구로구 항동 공공주택지구내,항동,,공동주택,"경비실,무인택배실",,2019-05-31
서울특별시 은평구 대조동 241,대조동,8077.6,공동주택,"경비실,계절창고,용역원실 등",0.0,2022-12-29
서울특별시 서대문구 홍은동 470,홍은동,,공동주택,경비실,0.0,2023-12-29
서울특별시 강서구 화곡동 1159,화곡동,106164.2,공동주택,경비실,,2008-01-08
서울특별시 강동구 강일동 717,강일동,,공동주택,경비실,,2011-01-10
서울특별시 동대문구 휘경동 52,휘경동,0.0,공동주택,경비실,0.0,2000-05-15
서울특별시 동대문구 장안동 329-3,장안동,0.0,공동주택,경비실,0.0,2007-06-28
서울특별시 성동구 하왕십리동 1002,하왕십리동,,공동주택,경비실,,2016-04-28
서울특별시 중랑구 신내동 816,신내동,,공동주택,경비실,,2014-06-18
서울특별시 중랑구 신내동 817,신내동,,공동주택,경비실,,2013-12-11
서울특별시 강서구 공항동 1374,공항동,8902.0,공동주택,경비실,,2009-11-04
서울특별시 강서구 염창동 306,염창동,6031.4,공동주택,경비실,,2009-12-07
서울특별시 성북구 돈암동 524,돈암동,0.0,공동주택,경비실,0.0,2005-06-01
서울특별시 양천구 신정동 1310,신정동,0.0,공동주택,경비실,0.0,2005-10-28
서울특별시 마포구 상암동 1741,상암동,,공동주택,경비실,,2010-06-23
서울특별시 성동구 행당동 347,행당동,,공동주택,경비실,,2000-12-20
서울특별시 성동구 행당동 347,행당동,,공동주택,경비실,,2014-07-24
서울특별시 성북구 길음동 1280,길음동,0.0,공동주택,경비실,0.0,2005-04-20
서울특별시 송파구 장지동 879,장지동,,공동주택,경비실,,2013-11-01
서울특별시 중랑구 면목동 1531,면목동,0.0,공동주택,경비실,0.0,2007-03-15
서울특별시 동대문구 이문동 425,이문동,0.0,공동주택,경비실,0.0,2001-11-07
서울특별시 마포구 상암동 1634,상암동,0.0,제2종근린생활시설,경비실,0.0,
서울특별시 은평구 증산동 255,증산동,0.0,공동주택,경비실,0.0,2005-10-04
서울특별시 은평구 녹번동 281,녹번동,,공동주택,경비실,,2015-07-22
서울특별시 노원구 중계동 606,중계동,,공동주택,경비실,,2014-08-28
서울특별시 성동구 응봉동 15,응봉동,0.0,공동주택,경비실,0.0,2001-10-26
서울특별시 은평구 진관동 12,진관동,,공동주택,경비실,,2008-05-14
서울특별시 동대문구 전농동 690,전농동,,공동주택,경비실,,2014-10-23
서울특별시 도봉구 방학동 689,방학동,0.0,공동주택,경비실,0.0,2005-11-21
서울특별시 동작구 상도동 408,상도동,0.0,공동주택,경비실,0.0,1994-02-25
서울특별시 동작구 신대방동 712,신대방동,0.0,공동주택,경비실,0.0,2003-02-28
서울특별시 관악구 봉천동 1718,봉천동,0.0,공동주택,경비실,0.0,2005-07-05
서울특별시 마포구 중동 393,중동,0.0,제1종근린생활시설,경비실,0.0,2002-11-01
서울특별시 성북구 길음동 1288,길음동,,공동주택,경비실-3,,2019-11-29
서울특별시 구로구 천왕동 275,천왕동,,공동주택,경비실,,2011-06-17
서울특별시 양천구 목동 956,목동,0.0,공동주택,경비실,0.0,2005-07-04
서울특별시 서초구 방배동 797-30,방배동,0.0,공동주택,경비실,0.0,2006-03-31
서울특별시 노원구 공릉동 115,공릉동,0.0,공동주택,"관리사무소,경비실,전기실,지하주차장",0.0,2004-02-06
서울특별시 구로구 고척동 339,고척동,,공동주택,경비실,,2009-05-26
서울특별시 서초구 우면동 784,우면동,,공동주택,경비실,,2013-11-19
서울특별시 관악구 신림동 1723,신림동,0.0,공동주택,경비실,0.0,2003-04-01
서울특별시 강북구 미아동 811,미아동,,공동주택,경비실,,2011-10-31
서울특별시 송파구 신천동 17,신천동,,공동주택,경비실,,2008-11-12
서울특별시 영등포구 문래동6가 58,문래동6가,,공동주택,경비실,,2020-09-24
서울특별시 성동구 행당동 347,행당동,,공동주택,경비실,,2000-12-30
서울특별시 성동구 행당동 347,행당동,,공동주택,경비실,,2000-12-30
서울특별시 강남구 자곡동 611,자곡동,,공동주택,경비실-1,,2014-06-27
서울특별시 은평구 진관동 9,진관동,,공동주택,경비실,,2017-07-31
서울특별시 강서구 방화동 870,방화동,7443.5,공동주택,경비실,0.0,2003-02-24
서울특별시 관악구 신림동 1735,신림동,,공동주택,경비실,,2008-03-06
서울특별시 강동구 강일동 684,강일동,,공동주택,경비실,,2009-03-11
서울특별시 은평구 응암동 769,응암동,,공동주택,경비실-4(택지2),,2021-05-27
서울특별시 은평구 진관동 97,진관동,26447.6,교육연구시설,경비실,,2010-09-30
서울특별시 구로구 신도림동 647,신도림동,0.0,공동주택,경비실,0.0,2003-08-16
서울특별시 강서구 화곡동 1165,화곡동,131939.1,공동주택,경비실,,2015-08-19
서울특별시 서초구 반포동 30-26,반포동,,공동주택,경비실,,2010-10-29
서울특별시 마포구 공덕동 469,공덕동,,공동주택,경비실-3,,2011-08-25
서울특별시 강남구 청담동 28-20,청담동,,공동주택,경비실,,2011-02-10
서울특별시 성동구 금호동1가 1818,금호동1가,0.0,공동주택,경비실,0.0,2006-03-31
서울특별시 강서구 마곡동 734,마곡동,,공동주택,경비실,,2014-06-19
서울특별시 강남구 대치동 1032,대치동,,공동주택,경비실,0.0,2023-06-05
서울특별시 서대문구 남가좌동 385,남가좌동,,공동주택,경비실6(택지1),,2015-10-26
서울특별시 송파구 신천동 17,신천동,,공동주택,경비실,,2008-11-12
서울특별시 서초구 우면동 773,우면동,,공동주택,경비실,,2012-12-03
서울특별시 송파구 마천동 582,마천동,,공동주택,경비실,,2011-01-27
서울특별시 성북구 정릉동 239,정릉동,0.0,공동주택,경비실,0.0,2005-12-28
서울특별시 서초구 양재동 212,양재동,,공동주택,경비실,,2014-06-26
서울특별시 구로구 항동 241,항동,,공동주택,경비실,,2019-09-27
서울특별시 강남구 자곡동 687,자곡동,,공동주택,경비실,,2014-03-13
서울특별시 서초구 반포동 1342,반포동,,공동주택,경비실-3,,2018-09-21
서울특별시 구로구 개봉동 492,개봉동,,공동주택,경비실,,2014-05-20
서울특별시 동대문구 장안동 329-3,장안동,0.0,공동주택,경비실,0.0,2007-06-28
서울특별시 동대문구 휘경동 367,휘경동,,공동주택,경비실,,2011-09-29
서울특별시 송파구 잠실동 19,잠실동,,공동주택,경비실,,2008-09-30
서울특별시 서대문구 천연동 145,천연동,0.0,공동주택,경비실,0.0,2006-03-13
서울특별시 강서구 등촌동 632-4,등촌동,8623.5,공동주택,경비실,0.0,1997-12-17
서울특별시 은평구 진관동 5,진관동,,공동주택,경비실,,2008-05-14
서울특별시 은평구 불광동 638,불광동,,공동주택,경비실,,2010-08-30
서울특별시 강남구 세곡동 508,세곡동,,공동주택,경비실,,2011-02-23
서울특별시 관악구 봉천동 1718,봉천동,0.0,공동주택,경비실,0.0,2005-07-05
서울특별시 강서구 내발산동 749,내발산동,36518.3,공동주택,경비실,,2008-06-10
서울특별시 은평구 진관동 29,진관동,,공동주택,경비실,,2012-02-23
서울특별시 은평구 녹번동 278-1,녹번동,,공동주택,경비실,,
서울특별시 강남구 대치동 1032,대치동,,공동주택,경비실,0.0,2023-06-05
서울특별시 동대문구 답십리동 1003,답십리동,,공동주택,부대시설(경비실),,2014-10-13
서울특별시 동대문구 답십리동 1009,답십리동,,공동주택,경비실-1,,2018-11-30
서울특별시 양천구 신정동 1323,신정동,,공동주택,경비실,,2016-05-19
서울특별시 마포구 아현동 802,아현동,,공동주택,경비실,,2017-11-16
서울특별시 강남구 삼성동 100-14,삼성동,0.0,공동주택,경비실,36.0,2007-01-31
서울특별시 강북구 미아동 1353,미아동,0.0,공동주택,경비실,1.0,2004-05-07
서울특별시 양천구 신월동 1042,신월동,0.0,공동주택,경비실2,0.0,2006-04-18
서울특별시 관악구 신림동 1746,신림동,,공동주택,"경비실,택배보관실",,2022-08-29
서울특별시 용산구 효창동 287,효창동,,공동주택,경비실,,2019-04-29
서울특별시 강동구 강일동 707,강일동,,공동주택,경비실,,2011-01-14
서울특별시 마포구 성산동 595,성산동,39883.2,공동주택,통합경비실,,2011-08-31
서울특별시 양천구 신월동 1075,신월동,,공동주택,"경비실,택배보관소",,2020-05-28
서울특별시 성동구 행당동 347,행당동,,공동주택,경비실,,2000-12-30
서울특별시 송파구 마천동 582,마천동,,공동주택,경비실,,2011-01-27
서울특별시 송파구 장지동 842,장지동,,공동주택,경비실,,2008-10-20
서울특별시 노원구 월계동 947,월계동,0.0,공동주택,경비실,0.0,2006-11-30
서울특별시 은평구 불광동 217-9,불광동,0.0,공동주택,경비실,0.0,1992-03-28
서울특별시 은평구 진관동 13,진관동,,공동주택,경비실,,2008-05-14
서울특별시 성북구 길음동 1284,길음동,,공동주택,경비실,,2010-06-30
서울특별시 강동구 강일동 717,강일동,,공동주택,경비실,,2011-01-14
서울특별시 강서구 염창동 240-1,염창동,8453.83,공동주택,경비실,,2010-03-30
서울특별시 양천구 신정동 1320-8,신정동,,공동주택,경비실,,2019-02-22
서울특별시 강남구 대치동 1030,대치동,,공동주택,"경비실,MDF,방재실",0.0,2021-09-17
서울특별시 송파구 잠실동 19,잠실동,,공동주택,경비실,,2008-09-30
서울특별시 서초구 잠원동 31-14,잠원동,0.0,공동주택,경비실,0.0,
서울특별시 서초구 반포동 1342,반포동,,공동주택,경비실-1,,2018-09-21
서울특별시 강서구 마곡동 751,마곡동,,공동주택,경비실,,2014-05-29
서울특별시 용산구 원효로4가 178,원효로4가,0.0,공동주택,경비실,0.0,1999-12-24
서울특별시 금천구 시흥동 1011,시흥동,0.0,공동주택,경비실,0.0,2002-12-30
서울특별시 마포구 상암동 1634,상암동,0.0,제2종근린생활시설,경비실,0.0,
서울특별시 강서구 등촌동 714,등촌동,8055.1,공동주택,경비실,0.0,2003-11-19
서울특별시 강서구 화곡동 1091,화곡동,150567.0,공동주택,경비실,0.0,2002-10-31
서울특별시 도봉구 방학동 720-18,방학동,0.0,공동주택,경비실,0.0,2002-10-19
서울특별시 노원구 월계동 931,월계동,0.0,공동주택,경비실,0.0,2002-05-13
서울특별시 은평구 갈현동 539,갈현동,0.0,공동주택,"관리,노인정,경비실",0.0,1997-12-09
서울특별시 양천구 신월동 1041,신월동,0.0,공동주택,경비실,0.0,2005-12-28
서울특별시 금천구 시흥동 100-4,시흥동,,교육연구시설,교육연구시설(경비실),0.0,
서울특별시 성북구 정릉동 435,정릉동,0.0,공동주택,경비실,0.0,2005-11-16
서울특별시 강서구 등촌동 715,등촌동,86045.8,공동주택,경비실,0.0,2004-01-07
서울특별시 강북구 미아동 1353,미아동,0.0,공동주택,경비실,1.0,2004-05-07
서울특별시 종로구 가회동 1-15,가회동,2716.1,단독주택,"업무시설(사무소), 경비실, 주택, 창고",0.0,1999-05-28
서울특별시 노원구 공릉동 705,공릉동,0.0,공동주택,"관리실,노인정,경비실,공중변소",0.0,1996-04-12
서울특별시 노원구 상계동 1068,상계동,0.0,공동주택,경비실,0.0,1996-10-12
서울특별시 성북구 하월곡동 222,하월곡동,0.0,공동주택,경비실,0.0,2003-04-30
서울특별시 성북구 길음동 1281,길음동,0.0,공동주택,경비실,0.0,2005-04-20
서울특별시 성북구 장위동 316-5,장위동,0.0,공동주택,경비실,0.0,2006-04-18
서울특별시 강서구 내발산동 735,내발산동,2022.1,공동주택,경비실,0.0,2005-09-15
서울특별시 동대문구 휘경동 366,휘경동,0.0,공동주택,경비실,0.0,2007-05-18
서울특별시 성동구 하왕십리동 1052,하왕십리동,0.0,공동주택,경비실,0.0,2001-10-05
서울특별시 성동구 하왕십리동 1057,하왕십리동,0.0,공동주택,경비실,0.0,2001-12-14
서울특별시 금천구 시흥동 1013,시흥동,0.0,공동주택,경비실,0.0,2004-08-06
서울특별시 마포구 현석동 222,현석동,0.0,공동주택,경비실,0.0,2004-02-16
서울특별시 노원구 월계동 944,월계동,0.0,공동주택,경비실,0.0,2005-12-16
서울특별시 영등포구 당산동3가 561,당산동3가,0.0,공동주택,경비실,0.0,2003-06-25
서울특별시 성북구 정릉동 435,정릉동,0.0,공동주택,경비실,0.0,2005-11-16
서울특별시 강북구 미아동 1357,미아동,0.0,공동주택,경비실,0.0,2003-12-30
서울특별시 금천구 독산동 1139,독산동,0.0,공동주택,"노인정,경비실,관리사무소",0.0,2003-07-22
서울특별시 강서구 화곡동 1159,화곡동,106164.2,공동주택,경비실,,2008-01-08
서울특별시 광진구 자양동 856,자양동,,공동주택,부대시설(경비실),,2009-09-15
서울특별시 서대문구 남가좌동 385,남가좌동,,공동주택,경비실3(택지1),,2015-10-26
서울특별시 강서구 마곡동 734,마곡동,,공동주택,경비실,,2014-06-19
서울특별시 강서구 마곡동 740,마곡동,,공동주택,경비실,,2014-06-26
서울특별시 종로구 평동 233,평동,,공동주택,"경비실,택배보관소",,2017-02-24
서울특별시 성동구 금호동3가 1662,금호동3가,0.0,공동주택,경비실,0.0,2005-07-29
서울특별시 노원구 공릉동 690-2,공릉동,0.0,공동주택,경비실,0.0,1997-10-28
서울특별시 은평구 신사동 297,신사동,0.0,공동주택,"주차장,노인정,집회소,전기실,펌프실,관리실,경비실,창고",0.0,1993-11-19
서울특별시 중랑구 면목동 1548,면목동,,공동주택,경비실,,2020-12-14
서울특별시 성북구 장위동 317,장위동,,공동주택,경비실,,2008-12-26
서울특별시 은평구 진관동 106,진관동,,공동주택,경비실,,2009-11-26
서울특별시 성동구 금호동1가 633,금호동1가,0.0,공동주택,경비실,0.0,2001-12-03
서울특별시 종로구 숭인동 2-1,숭인동,,공동주택,경비실,,2008-11-21
서울특별시 강북구 미아동 1353,미아동,0.0,공동주택,경비실,1.0,2004-05-07
서울특별시 동작구 사당동 1153,사당동,0.0,공동주택,경비실,0.0,2007-07-20
서울특별시 금천구 가산동 336-7,가산동,0.0,공장,"견본전시실, 경비실",0.0,1996-01-12
서울특별시 마포구 성산동 650,성산동,0.0,공동주택,경비실,0.0,2006-08-11
서울특별시 구로구 천왕동 273,천왕동,,공동주택,경비실,,2011-08-03
서울특별시 관악구 봉천동 1718,봉천동,0.0,공동주택,경비실,0.0,2005-07-05
서울특별시 종로구 숭인동 766,숭인동,,공동주택,경비실,,2009-03-20
서울특별시 송파구 신천동 17,신천동,,공동주택,경비실,,2008-11-12
서울특별시 송파구 잠실동 22,잠실동,,공동주택,경비실,,2008-07-31
서울특별시 강남구 역삼동 713-11,역삼동,0.0,공동주택,경비실,0.0,2006-09-28
서울특별시 성동구 성수동2가 835,성수동2가,0.0,공동주택,경비실,0.0,2003-09-30
서울특별시 강동구 성내동 606,성내동,,공동주택,경비실,,2016-08-18
서울특별시 마포구 대흥동 806,대흥동,,공동주택,경비실-2,,2020-02-21
서울특별시 노원구 월계동 781,월계동,0.0,공동주택,통합경비실,0.0,1998-08-10
서울특별시 노원구 상계동 1021-12,상계동,0.0,공동주택,경비실,0.0,1999-11-10
서울특별시 성북구 정릉동 494,정릉동,0.0,공동주택,경비실,0.0,2004-04-30
서울특별시 성북구 종암동 131,종암동,0.0,공동주택,경비실,0.0,2005-09-30
서울특별시 강남구 청담동 134-38,청담동,,공동주택,경비실,,2011-10-21
서울특별시 강동구 천호동 333-55,천호동,0.0,공동주택,경비실,0.0,2005-10-28
서울특별시 성동구 행당동 380,행당동,,공동주택,"경로당,보육시설,경비실,주민공동시설",,2018-06-22
서울특별시 강서구 등촌동 715,등촌동,86045.8,공동주택,경비실,0.0,2004-01-07
서울특별시 강서구 내발산동 741,내발산동,26733.7,공동주택,경비실,0.0,2007-07-26
서울특별시 강서구 염창동 299,염창동,17974.8,공동주택,경비실,0.0,2005-06-28
서울특별시 광진구 자양동 701,자양동,0.0,제1종근린생활시설,경비실,0.0,1986-07-15
서울특별시 동대문구 휘경동 372,휘경동,,공동주택,경비실,,2019-06-18
서울특별시 서초구 우면동 788,우면동,,공동주택,경비실,,2013-12-04
서울특별시 송파구 풍납동 514,풍납동,,공동주택,경비실,,2019-11-14
서울특별시 강동구 성내동 199,성내동,2636.0,업무시설,경비실,0.0,1998-03-17
서울특별시 마포구 연남동 573,연남동,0.0,공동주택,경비실,0.0,2003-06-28
서울특별시 강서구 등촌동 705-6,등촌동,14492.6,공동주택,경비실,0.0,2004-10-04
서울특별시 송파구 장지동 843,장지동,,공동주택,경비실,,2007-12-24
서울특별시 은평구 진관동 101,진관동,,공동주택,경비실,,2009-01-12
서울특별시 강서구 방화동 880,방화동,8728.8,공동주택,경비실,0.0,2004-12-23
서울특별시 은평구 녹번동 280-1,녹번동,0.0,공동주택,경비실,0.0,2002-09-30
서울특별시 관악구 신림동 1730,신림동,0.0,공동주택,경비실,0.0,2005-06-21
서울특별시 금천구 시흥동 1026,시흥동,,공동주택,경비실,,2014-08-14
서울특별시 성동구 금호동4가 1555,금호동4가,,공동주택,경비실,0.0,2023-03-31
서울특별시 강서구 염창동 309,염창동,16466.0,공동주택,경비실,,2019-03-08
서울특별시 성동구 금호동4가 340,금호동4가,,공동주택,경비실,,2007-07-31
서울특별시 강남구 개포동 12,개포동,,공동주택,통합경비실,,2011-09-02
서울특별시 성동구 금호동3가 917,금호동3가,0.0,공동주택,경비실,0.0,2005-05-31
서울특별시 서대문구 홍은동 469,홍은동,17267.7,공동주택,경비실,0.0,2023-09-12
서울특별시 금천구 시흥동 1013,시흥동,0.0,공동주택,경비실,0.0,2004-08-06
서울특별시 서초구 서초동 1311-10,서초동,,공동주택,경비실,,2017-06-23
서울특별시 성동구 금호동1가 1818,금호동1가,0.0,공동주택,"경비실,엠디에프실",0.0,2006-03-31
서울특별시 영등포구 당산동5가 42,당산동5가,0.0,공동주택,경비실,0.0,2003-12-30
서울특별시 성북구 길음동 1278,길음동,0.0,공동주택,경비실,0.0,2003-03-31
서울특별시 성북구 길음동 1281,길음동,0.0,공동주택,경비실,0.0,2005-04-20
서울특별시 은평구 구산동 224,구산동,0.0,공동주택,경비실,0.0,2004-08-13
서울특별시 중랑구 묵동 396,묵동,,공동주택,경비실2,,2017-12-06
서울특별시 동대문구 장안동 587,장안동,,공동주택,"경비실,방재실",,2019-10-22
서울특별시 성북구 돈암동 633,돈암동,0.0,공동주택,"경비실,엠디에프실",0.0,2003-09-18
서울특별시 동작구 사당동 1132,사당동,0.0,공동주택,경비실,0.0,2003-10-17
서울특별시 마포구 공덕동 479,공덕동,,제2종근린생활시설,"근린생활시설,지하주차장,관리사무소,MDF실,방재실,경비실,기계실,전기실,발전기실,CO2실,제연휀룸",,2021-11-18
서울특별시 송파구 거여동 294,거여동,0.0,공동주택,공동주택(경비실),0.0,1997-07-03
서울특별시 관악구 봉천동 1718,봉천동,0.0,공동주택,경비실,0.0,2005-07-05
서울특별시 강서구 염창동 254-2,염창동,3505.6,공동주택,경비실,0.0,2004-09-14
서울특별시 관악구 신림동 1735,신림동,,공동주택,경비실,,2008-03-06
서울특별시 마포구 염리동 532,염리동,,공동주택,경비실,,2021-03-26
서울특별시 마포구 염리동 532,염리동,,공동주택,경비실,,2021-03-26
서울특별시 강동구 길동 348-4,길동,,공동주택,공동주택(경비실),,2008-01-22
서울특별시 송파구 장지동 843,장지동,,공동주택,경비실,,2007-12-24
서울특별시 중구 봉래동1가 1-1,봉래동1가,0.0,제2종근린생활시설,서울역화물경비실,0.0,
서울특별시 금천구 가산동 234-12,가산동,0.0,창고시설,"창고, 경비실, 기숙사, 숙직실, 식당, 홀, 화장실",1.0,1996-05-16
서울특별시 금천구 가산동 356-3,가산동,0.0,공장,"경비실,휴게실",0.0,1991-09-20
서울특별시 영등포구 영등포동1가 139-8,영등포동1가,0.0,제1종근린생활시설,"사무실,식당, 경비실, 무기고",0.0,1977-11-09
서울특별시 성북구 삼선동1가 288-1,삼선동1가,135.3,제1종근린생활시설,"종합강당, 경비실",0.0,1965-12-31
서울특별시 송파구 잠실동 331-4,잠실동,0.0,제1종근린생활시설,"경비실, 매점",0.0,1984-02-13
서울특별시 강동구 암사동 422-26,암사동,0.0,공동주택,공동주택(경비실),0.0,2005-10-31
서울특별시 은평구 수색동 431,수색동,43756.9,공동주택,경비실,0.0,2025-07-18
서울특별시 노원구 중계동 588-1,중계동,0.0,공동주택,경비실,0.0,1999-03-18
서울특별시 성동구 행당동 347,행당동,,공동주택,경비실,,2000-12-30
서울특별시 송파구 방이동 197,방이동,0.0,공동주택,경비실,0.0,2004-05-20
서울특별시 금천구 독산동 1160,독산동,,공동주택,공동주택(경비실),,2021-05-07
서울특별시 은평구 증산동 254,증산동,0.0,공동주택,"경비실,엠디에프실",0.0,2004-06-25
서울특별시 성동구 행당동 350,행당동,0.0,공동주택,경비실,0.0,2005-04-27
서울특별시 성북구 하월곡동 222,하월곡동,0.0,공동주택,경비실,0.0,2003-04-30
서울특별시 성북구 장위동 316-5,장위동,0.0,공동주택,경비실,0.0,2006-04-18
서울특별시 양천구 목동 951,목동,0.0,공동주택,경비실,0.0,2004-11-24
서울특별시 강동구 둔촌동 555,둔촌동,0.0,공동주택,경비실,0.0,2002-11-15
서울특별시 동작구 상도동 450,상도동,0.0,공동주택,경비실,0.0,2004-12-06
서울특별시 마포구 공덕동 370-4,공덕동,8230.4,공동주택,경비실,0.0,2023-07-10
서울특별시 서대문구 홍제동 463,홍제동,0.0,공동주택,경비실,0.0,2002-11-22
서울특별시 강서구 등촌동 561-1,등촌동,7140.15,공동주택,"관리사무실,노인정,경비실,MDF실",0.0,2002-05-
서울특별시 강동구 강일동 674,강일동,,공동주택,경비실,,2009-03-11
서울특별시 강동구 암사동 497-6,암사동,0.0,공동주택,경비실,0.0,2004-11-18
서울특별시 동작구 사당동 1158,사당동,1691.9,공동주택,경비실,,2016-04-22
서울특별시 관악구 봉천동 1718,봉천동,0.0,공동주택,경비실,0.0,2005-07-05
서울특별시 관악구 신림동 1730,신림동,0.0,공동주택,경비실,0.0,2005-06-21
서울특별시 서대문구 북가좌동 481,북가좌동,,공동주택,경비실,,2012-10-05
서울특별시 서대문구 홍제동 471,홍제동,,공동주택,경비실,,2016-02-03
서울특별시 용산구 한남동 810,한남동,,공동주택,경비실,,2011-01-07
서울특별시 은평구 증산동 258,증산동,,공동주택,"경비실,택배보관소",,2023-01-12
서울특별시 서대문구 북아현동 1017,북아현동,49743.5,공동주택,경비실,0.0,2023-06-07
서울특별시 서초구 서초동 1560-9,서초동,0.0,공동주택,"경비실,엠디에프실",0.0,2006-06-08
서울특별시 강남구 삼성동 16,삼성동,,공동주택,일반경비실,,2008-12-10
서울특별시 성동구 행당동 347-4,행당동,0.0,공동주택,경비실,0.0,2003-01-29
서울특별시 동대문구 이문동 225,이문동,0.0,공동주택,경비실,0.0,2003-07-09
서울특별시 강북구 미아동 1357-2,미아동,0.0,공동주택,경비실,0.0,2003-12-30
서울특별시 마포구 신수동 451,신수동,0.0,공동주택,경비실,0.0,2003-12-15
서울특별시 동대문구 장안동 587,장안동,,공동주택,"경비실,MDF실",,2019-10-22
서울특별시 서대문구 홍은동 13-25,홍은동,,공동주택,경비실,,2021-09-13
서울특별시 용산구 한남동 807,한남동,0.0,공동주택,경비실,0.0,2003-10-02
서울특별시 서초구 우면동 730,우면동,,공동주택,경비실,,2011-12-12
서울특별시 강서구 가양동 1500,가양동,32457.1,공동주택,경비실,,2013-09-25
서울특별시 마포구 상암동 1736,상암동,,공동주택,경비실,,2010-07-20
서울특별시 노원구 월계동 922,월계동,0.0,공동주택,경비실,0.0,1994-10-21
서울특별시 용산구 용문동 90,용문동,,공동주택,경비실,,2011-07-05
서울특별시 성동구 하왕십리동 1070,하왕십리동,,공동주택,경비실,,2016-11-29
서울특별시 성동구 옥수동 561,옥수동,,공동주택,경비실,,2012-12-28
서울특별시 서초구 방배동 940-4,방배동,,공동주택,"공동주택(아파트),경비실",28.0,2018-12-27
서울특별시 강남구 역삼동 835-68,역삼동,0.0,공동주택,경비실,0.0,2007-02-26
서울특별시 동대문구 장안동 574,장안동,0.0,공동주택,경비실,0.0,2007-01-24
서울특별시 마포구 현석동 225,현석동,,공동주택,경비실,,2016-07-14
서울특별시 마포구 신수동 462,신수동,,공동주택,경비실,,2019-11-14
서울특별시 성북구 길음동 1289,길음동,,공동주택,경비실,,2022-01-27
서울특별시 성북구 돈암동 643,돈암동,,공동주택,경비실,,2014-10-31
서울특별시 양천구 신월동 1078,신월동,,공동주택,경비실,,2020-05-28
서울특별시 동대문구 이문동 225,이문동,0.0,공동주택,경비실,0.0,2003-07-09
서울특별시 금천구 시흥동 1026,시흥동,,공동주택,경비실,,2014-08-14
서울특별시 송파구 잠실동 19,잠실동,,공동주택,경비실,,2008-09-30
서울특별시 성동구 금호동4가 1250,금호동4가,0.0,공동주택,"주차장:9213.59,전기실,펌프실:282.42,경비실:13.26",0.0,2003-01-09
서울특별시 양천구 신정동 1310,신정동,0.0,공동주택,경비실,0.0,2005-10-28
서울특별시 송파구 장지동 849,장지동,,공동주택,경비실,,2008-08-12
서울특별시 송파구 장지동 845,장지동,,공동주택,경비실,,2008-08-22
서울특별시 노원구 상계동 1295,상계동,0.0,공동주택,경비실,0.0,2000-06-30
서울특별시 금천구 시흥동 1026,시흥동,,공동주택,경비실,,2014-08-14
서울특별시 강동구 강일동 668,강일동,,공동주택,경비실,,2009-03-11
서울특별시 노원구 공릉동 740,공릉동,0.0,공동주택,경비실,0.0,1997-05-20
서울특별시 은평구 수색동 415-1,수색동,0.0,공동주택,경비실,0.0,2003-07-10
서울특별시 도봉구 창동 825,창동,0.0,공동주택,경비실,0.0,2004-07-30
서울특별시 관악구 신림동 1735-1,신림동,,공동주택,경비실,,2008-03-06
서울특별시 동작구 상도동 411,상도동,0.0,공동주택,경비실,0.0,1995-12-04
서울특별시 서대문구 북가좌동 459,북가좌동,0.0,공동주택,경비실,0.0,2007-02-26
서울특별시 성북구 삼선동2가 425,삼선동2가,,공동주택,경비실,,2008-03-27
서울특별시 성북구 정릉동 239,정릉동,0.0,공동주택,경비실,0.0,2005-12-28
서울특별시 강동구 길동 378-1,길동,0.0,공동주택,경비실,0.0,2002-11-22
서울특별시 마포구 아현동 802,아현동,,공동주택,경비실,,2017-11-16
서울특별시 구로구 항동 245,항동,,공동주택,공동주택(경비실),,2018-10-30
서울특별시 관악구 봉천동 1712,봉천동,0.0,공동주택,경비실,0.0,2003-09-06
서울특별시 관악구 봉천동 1718,봉천동,0.0,공동주택,경비실,0.0,2005-07-05
서울특별시 관악구 봉천동 1718,봉천동,0.0,공동주택,경비실,0.0,2005-07-05
서울특별시 강서구 내발산동 657,내발산동,95662.2,공동주택,경비실,0.0,2005-05-04
서울특별시 은평구 진관동 84,진관동,,공동주택,경비실,,2010-01-15
서울특별시 영등포구 당산동4가 96,당산동4가,,공동주택,경비실,,2010-02-19
서울특별시 구로구 구로동 1274,구로동,0.0,공동주택,경비실1,0.0,2003-12-04
서울특별시 서초구 양재동 102,양재동,,공동주택,경비실,,2014-06-26
서울특별시 은평구 진관동 5,진관동,,공동주택,경비실,,2008-05-14
서울특별시 성동구 하왕십리동 1058,하왕십리동,0.0,공동주택,경비실,0.0,2001-12-14
서울특별시 성동구 하왕십리동 1061,하왕십리동,0.0,공동주택,경비실,0.0,2004-11-30
서울특별시 광진구 구의동 668,구의동,,공동주택,경비실,,2018-09-27
서울특별시 관악구 신림동 1735,신림동,,공동주택,경비실,,2008-03-06
서울특별시 금천구 시흥동 1013,시흥동,0.0,공동주택,경비실,0.0,2004-08-06
서울특별시 서초구 서초동 1491-1,서초동,0.0,공동주택,공동주택(경비실),0.0,2006-01-04
서울특별시 강서구 가양동 1478,가양동,42110.4,공동주택,통합경비실,,2011-10-17
서울특별시 마포구 상암동 1752,상암동,,공동주택,경비실,,2010-10-14
서울특별시 도봉구 창동 820,창동,0.0,공동주택,경비실,0.0,2003-09-18
서울특별시 서초구 서초동 1332-13,서초동,,공동주택,"경비실,방재실,MDF실,맘스라운지",,2016-12-23
서울특별시 강북구 미아동 1353,미아동,0.0,공동주택,경비실,1.0,2004-05-07
서울특별시 강북구 미아동 1353,미아동,0.0,공동주택,경비실,1.0,2004-05-07
서울특별시 강북구 미아동 1357,미아동,0.0,공동주택,경비실,0.0,2003-12-30
서울특별시 광진구 광장동 582,광장동,,공동주택,경비실,,2012-03-28
서울특별시 관악구 봉천동 1712,봉천동,0.0,공동주택,경비실,0.0,2003-09-06
서울특별시 노원구 공릉동 751,공릉동,0.0,공동주택,경비실,0.0,2003-01-20
서울특별시 노원구 월계동 945,월계동,0.0,공동주택,경비실,0.0,2006-03-27
서울특별시 은평구 녹번동 280-1,녹번동,0.0,공동주택,경비실,0.0,2002-09-30
서울특별시 마포구 상암동 1643,상암동,0.0,제2종근린생활시설,경비실,0.0,
서울특별시 성북구 종암동 135,종암동,,공동주택,경비실,,2010-10-29
서울특별시 송파구 거여동 606,거여동,,공동주택,"경비실,무인택배함",,2021-08-10
서울특별시 송파구 거여동 607,거여동,,공동주택,경비실-1,,2022-01-28
서울특별시 마포구 하중동 101,하중동,,공동주택,경비실,,2010-02-26
서울특별시 도봉구 방학동 689,방학동,0.0,공동주택,경비실,0.0,2005-11-21
서울특별시 도봉구 방학동 714-1,방학동,0.0,공동주택,"경로당,관리사무소,경비실,엠디에프실",0.0,2005-06-14
서울특별시 노원구 중계동 361-1,중계동,0.0,공동주택,경비실,0.0,1993-07-31
서울특별시 노원구 월계동 18,월계동,0.0,공동주택,경비실,0.0,2002-12-13
서울특별시 도봉구 도봉동 656,도봉동,0.0,공동주택,경비실,0.0,2005-06-29
서울특별시 강남구 수서동 795,수서동,,공동주택,경비실,,2014-08-05
서울특별시 강남구 도곡동 933,도곡동,,공동주택,공동주택(경비실),,1978-12-26
서울특별시 성북구 길음동 1285-5,길음동,2493.3,공동주택,관리사무소/경비실/정보통신(MDF)실,,2010-07-28
서울특별시 성북구 정릉동 1034,정릉동,,공동주택,경비실,,2008-10-08
서울특별시 강동구 성내동 51,성내동,0.0,공동주택,경비실,0.0,2003-12-31
서울특별시 양천구 신정동 1194-3,신정동,2447.7,공동주택,경비실,0.0,2003-03-14
서울특별시 강서구 염창동 299,염창동,17974.8,공동주택,경비실,0.0,2005-06-28
서울특별시 성동구 마장동 825,마장동,0.0,공동주택,경비실,0.0,2004-11-30
서울특별시 강남구 개포동 1284,개포동,,공동주택,경비실-1,0.0,2023-02-28
서울특별시 송파구 송파동 245,송파동,4253.4,공동주택,경비실,0.0,2023-12-19
서울특별시 마포구 아현동 804,아현동,,공동주택,경비실,0.0,2022-11-29
서울특별시 마포구 아현동 804,아현동,,공동주택,경비실,0.0,2022-11-29
서울특별시 강동구 둔촌동 30-4,둔촌동,,공동주택,"경비실,택배보관실",0.0,2024-10-30
서울특별시 성동구 마장동 822,마장동,0.0,공동주택,경비실,0.0,2004-06-04
서울특별시 마포구 합정동 460-7,합정동,639.11,단독주택,경비실,,2014-04-03
서울특별시 강서구 외발산동 427,외발산동,213031.9,판매시설,"톨게이트,경비실",0.0,2002-12-31
서울특별시 송파구 문정동 656,문정동,44510.7,공동주택,경비실,0.0,2024-09-02
서울특별시 동대문구 전농동 688-1,전농동,,공동주택,경비실,,2012-07-26
서울특별시 강남구 개포동 1284,개포동,,공동주택,경비실-2,0.0,2023-02-28
서울특별시 강남구 개포동 1284,개포동,,공동주택,경비실-3,0.0,2023-02-28
서울특별시 서대문구 북아현동 1013,북아현동,,공동주택,"업무시설(오피스텔),근린생활시설,판매시설,전기,관리사무소,작은도서관,경로당,어린이집,경비실,지하주차장 등",,2018-05-03
서울특별시 성동구 용답동 253,용답동,,공동주택,경비실,0.0,2025-07-24
서울특별시 은평구 진관동 102,진관동,,공동주택,경비실,51.0,2009-01-12
서울특별시 은평구 진관동 102,진관동,,공동주택,경비실,51.0,2009-01-12
서울특별시 은평구 진관동 102,진관동,,공동주택,경비실,51.0,2009-01-12
서울특별시 은평구 불광동 71-16,불광동,0.0,공동주택,경비실,0.0,2004-07-20
서울특별시 은평구 불광동 71-16,불광동,0.0,공동주택,"경비실,MDF실",0.0,2004-07-20
서울특별시 강동구 고덕동 729,고덕동,,공동주택,"관리사무소,사회적기업,용역원휴게실,통합경비실",0.0,2025-05-16
서울특별시 영등포구 신길동 4974,신길동,30779.9,공동주택,경비실,0.0,2022-11-25
서울특별시 강서구 마곡동 1589,마곡동,27812.5,공동주택,"경로당,보육시설,도서관,관리사무소,경비실,방재센터,휘트니스,기계전기실,지하주차장 등",,2017-08-03
서울특별시 영등포구 신길동 4958,신길동,,공동주택,경비실,,2020-01-29
서울특별시 영등포구 신길동 4958,신길동,,공동주택,경비실,,2020-01-29
서울특별시 영등포구 신길동 4964,신길동,,공동주택,경비실,,2021-04-13
서울특별시 영등포구 신길동 4964,신길동,,공동주택,"경비실,택배보관소",,2021-04-13
서울특별시 영등포구 신길동 4969,신길동,,공동주택,경비실,,2020-12-29
서울특별시 영등포구 신길동 4969,신길동,,공동주택,경비실,,2020-12-29
서울특별시 동작구 흑석동 343,흑석동,68514.4,공동주택,경비실,0.0,2025-06-26
서울특별시 중랑구 중화동 462,중화동,,공동주택,경비실,0.0,2025-06-12
서울특별시 송파구 문정동 656,문정동,,공동주택,경비실,0.0,2024-08-30
서울특별시 영등포구 양평동3가 79,양평동3가,0.0,공동주택,"아파트, 경비실1,2동, 노인정, 중앙공급실(기계실)",145.0,1991-04-24
서울특별시 동대문구 장안동 465-4,장안동,1174.9,공동주택,경비실,,2025-03-18
서울특별시 서대문구 홍제동 478,홍제동,,공동주택,경비실-1,0.0,2023-07-12
서울특별시 서대문구 홍제동 478,홍제동,,공동주택,경비실-2,0.0,2023-07-12
서울특별시 광진구 광장동 583,광장동,,공동주택,경비실,0.0,2025-08-29
서울특별시 금천구 시흥동 100-4,시흥동,,교육연구시설,교육연구시설(경비실),0.0,
서울특별시 금천구 독산동 301-13,독산동,2223.5,업무시설,업무시설(경비실),,2021-02-04
서울특별시 은평구 진관동 102,진관동,,공동주택,경비실,51.0,2009-01-12
서울특별시 은평구 진관동 102,진관동,,공동주택,경비실,51.0,2009-01-12
서울특별시 마포구 공덕동 479,공덕동,,제2종근린생활시설,"근린생활시설,지하주차장,관리사무소,MDF실,방재실,경비실,전기실,발전기실,CO2실,제연휀룸",,2021-11-18
서울특별시 동대문구 답십리동 12-13,답십리동,12307.3,공동주택,경비실,0.0,2025-03-25
서울특별시 은평구 역촌동 237,역촌동,,공동주택,경비실,0.0,2026-03-10
서울특별시 은평구 역촌동 237,역촌동,,공동주택,경비실,0.0,2026-03-10
서울특별시 성동구 성수동1가 723,성수동1가,,공동주택,공동주택(경비실),0.0,2025-11-27
서울특별시 성동구 금호동2가 1215,금호동2가,,공동주택,경비실,,2012-05-18
서울특별시 구로구 개봉동 503,개봉동,,공동주택,"부대복리시설(1층 관리사무소(MDF,방재실포함), 경비실/3층 주민편의시설/21층 작은도서관)",0.0,2025-04-14
서울특별시 구로구 개봉동 501,개봉동,,공동주택,경비실,0.0,2024-12-16
서울특별시 구로구 개봉동 501,개봉동,,공동주택,경비실,0.0,2024-12-16
서울특별시 마포구 염리동 532,염리동,,공동주택,경비실-1,,2021-03-26
서울특별시 마포구 염리동 532,염리동,,공동주택,경비실-2,,2021-03-26
서울특별시 강서구 염창동 313,염창동,,공동주택,"지하주차장,기계실,전기실,발전기실,세대창고,용역원휴게실,주민공동시설,재활용품보관소,방재실,관리사무소/경비실,MDF실",,2025-11-25
서울특별시 동작구 노량진동 336,노량진동,,공동주택,"관리사무소,방재실,MDF실,경비실,무인택배시설 등",0.0,2026-02-13
